particle_id,forcing_member_id,timestamp,backtrack_hours,lat,lon,valid
116,0,2019-06-14 20:35:58,0,34.069727,35.263618,True
116,0,2019-06-14 19:35:58,1,34.07481651006731,35.26967153028841,True
116,0,2019-06-14 18:35:58,2,34.078972076879744,35.27121428684674,True
116,0,2019-06-14 17:35:58,3,34.0837953269205,35.2732646758235,True
116,0,2019-06-14 16:35:58,4,34.09083640605376,35.274948296997486,True
116,0,2019-06-14 15:35:58,5,34.09655817273217,35.276003913001794,True
116,0,2019-06-14 14:35:58,6,34.10290062456098,35.27930320457585,True
116,0,2019-06-14 13:35:58,7,34.108986394347895,35.278206717530686,True
116,0,2019-06-14 12:35:58,8,34.11167717602606,35.275022711403864,True
116,0,2019-06-14 11:35:58,9,34.11438405892439,35.27389024946789,True
116,0,2019-06-14 10:35:58,10,34.12126662042603,35.274659183995475,True
116,0,2019-06-14 09:35:58,11,34.126303912306454,35.27482556254323,True
116,0,2019-06-14 08:35:58,12,34.133435276528104,35.27282482770356,True
116,0,2019-06-14 07:35:58,13,34.138594959507806,35.271490804250206,True
116,0,2019-06-14 06:35:58,14,34.1451906636635,35.27050464197807,True
116,0,2019-06-14 05:35:58,15,34.15121164286092,35.26715742850834,True
116,0,2019-06-14 04:35:58,16,34.155289881250276,35.260307787497524,True
116,0,2019-06-14 03:35:58,17,34.16137032487243,35.25704306179328,True
116,0,2019-06-14 02:35:58,18,34.16222493659975,35.2533024498099,True
116,0,2019-06-14 01:35:58,19,34.1614016738699,35.249634874175754,True
116,0,2019-06-14 00:35:58,20,34.16070836443752,35.24888378629094,True
116,0,2019-06-13 23:35:58,21,34.16023724040316,35.24627326145549,True
116,0,2019-06-13 22:35:58,22,34.161514440554775,35.248685630864806,True
116,0,2019-06-13 21:35:58,23,34.165409050734276,35.255321575336154,True
116,0,2019-06-13 20:35:58,24,34.167945712121835,35.26104654507337,True
116,0,2019-06-13 19:35:58,25,34.173199282377134,35.26562310422785,True
116,0,2019-06-13 18:35:58,26,34.17987098046253,35.2702835843872,True
116,0,2019-06-13 17:35:58,27,34.18681237031348,35.27032201546231,True
116,0,2019-06-13 16:35:58,28,34.19225945203333,35.26643166357229,True
116,0,2019-06-13 15:35:58,29,34.20264415401268,35.263661606787366,True
116,0,2019-06-13 14:35:58,30,34.20831343767797,35.25858425663683,True
116,0,2019-06-13 13:35:58,31,34.21999469892567,35.25152457913992,True
116,0,2019-06-13 12:35:58,32,34.22714600924221,35.24353042216424,True
116,0,2019-06-13 11:35:58,33,34.23308097849855,35.23567105806613,True
116,0,2019-06-13 10:35:58,34,34.237987788128365,35.22639723217986,True
116,0,2019-06-13 09:35:58,35,34.24442463457185,35.21748208923554,True
116,0,2019-06-13 08:35:58,36,34.24870175313841,35.21314285847111,True
116,0,2019-06-13 07:35:58,37,34.253843879977545,35.206539553062626,True
116,0,2019-06-13 06:35:58,38,34.256416187353956,35.20157374274477,True
116,0,2019-06-13 05:35:58,39,34.25891031613187,35.19723623941987,True
116,0,2019-06-13 04:35:58,40,34.25971870061448,35.19657418737869,True
116,0,2019-06-13 03:35:58,41,34.264419383175245,35.19308792400614,True
116,0,2019-06-13 02:35:58,42,34.26722630878843,35.19147597531593,True
116,0,2019-06-13 01:35:58,43,34.27486559208827,35.189762496236824,True
116,0,2019-06-13 00:35:58,44,34.27950353918336,35.18710444428028,True
116,0,2019-06-12 23:35:58,45,34.28553998798565,35.186597552408216,True
116,0,2019-06-12 22:35:58,46,34.291742082794755,35.18226184453077,True
116,0,2019-06-12 21:35:58,47,34.29930363693529,35.17706514793737,True
116,0,2019-06-12 20:35:58,48,34.30527267820285,35.17289726677981,True
116,0,2019-06-12 19:35:58,49,34.31164968426134,35.16814023704447,True
116,0,2019-06-12 18:35:58,50,34.320141985011325,35.159515894976266,True
116,0,2019-06-12 17:35:58,51,34.32650477899533,35.1510018339062,True
116,0,2019-06-12 16:35:58,52,34.33416735897351,35.143607661060976,True
116,0,2019-06-12 15:35:58,53,34.34085647107305,35.13431984338717,True
116,0,2019-06-12 14:35:58,54,34.34408067723057,35.126494084696446,True
116,0,2019-06-12 13:35:58,55,34.34901344536182,35.115015279028505,True
116,0,2019-06-12 12:35:58,56,34.35338602897378,35.10727383502182,True
116,0,2019-06-12 11:35:58,57,34.35618685963901,35.09877837942482,True
116,0,2019-06-12 10:35:58,58,34.357727268230086,35.09136114199121,True
116,0,2019-06-12 09:35:58,59,34.36013509504381,35.08786303227653,True
116,0,2019-06-12 08:35:58,60,34.365027834617365,35.08099068174318,True
116,0,2019-06-12 07:35:58,61,34.37097083220285,35.074568058309936,True
116,0,2019-06-12 06:35:58,62,34.37562032663686,35.069442596543055,True
116,0,2019-06-12 05:35:58,63,34.37966369034872,35.06388008420419,True
116,0,2019-06-12 04:35:58,64,34.385427879989955,35.05343563811804,True
116,0,2019-06-12 03:35:58,65,34.39122684732787,35.04551808956591,True
116,0,2019-06-12 02:35:58,66,34.39331668039331,35.03811844316236,True
116,0,2019-06-12 01:35:58,67,34.39551010351829,35.030363256317536,True
116,0,2019-06-12 00:35:58,68,34.39782965835275,35.02514282340236,True
116,0,2019-06-11 23:35:58,69,34.39950215205437,35.01784041713797,True
116,0,2019-06-11 22:35:58,70,34.40131654969868,35.01246508886723,True
116,0,2019-06-11 21:35:58,71,34.39845658735013,35.007188538514846,True
116,0,2019-06-11 20:35:58,72,34.4011927028447,35.00922274899265,True
116,1,2019-06-14 20:35:58,0,34.069727,35.263618,True
116,1,2019-06-14 19:35:58,1,34.073939182574804,35.269497037972634,True
116,1,2019-06-14 18:35:58,2,34.07822735484953,35.27274220042216,True
116,1,2019-06-14 17:35:58,3,34.08328637633929,35.27432731731893,True
116,1,2019-06-14 16:35:58,4,34.088383085351246,35.2763196653494,True
116,1,2019-06-14 15:35:58,5,34.093459677065006,35.279150750694654,True
116,1,2019-06-14 14:35:58,6,34.0970536378579,35.278225112488464,True
116,1,2019-06-14 13:35:58,7,34.100957202595055,35.27843194130615,True
116,1,2019-06-14 12:35:58,8,34.10655167638805,35.27791836015901,True
116,1,2019-06-14 11:35:58,9,34.11117229846999,35.27978381783799,True
116,1,2019-06-14 10:35:58,10,34.114921869479986,35.27671911853508,True
116,1,2019-06-14 09:35:58,11,34.117285959112955,35.274944368684864,True
116,1,2019-06-14 08:35:58,12,34.12076554056565,35.27475170596332,True
116,1,2019-06-14 07:35:58,13,34.12798627909168,35.27532383096071,True
116,1,2019-06-14 06:35:58,14,34.13161890302979,35.27326231231197,True
116,1,2019-06-14 05:35:58,15,34.136091441210255,35.2703230426188,True
116,1,2019-06-14 04:35:58,16,34.13851275379176,35.26762540030362,True
116,1,2019-06-14 03:35:58,17,34.142558832485804,35.26424945672135,True
116,1,2019-06-14 02:35:58,18,34.143857695965195,35.2603960776491,True
116,1,2019-06-14 01:35:58,19,34.14197727562291,35.26118371791012,True
116,1,2019-06-14 00:35:58,20,34.140004352294184,35.26156290188179,True
116,1,2019-06-13 23:35:58,21,34.136398992454616,35.26408325151692,True
116,1,2019-06-13 22:35:58,22,34.137855638571416,35.26925758559844,True
116,1,2019-06-13 21:35:58,23,34.136852896976905,35.2766549060357,True
116,1,2019-06-13 20:35:58,24,34.14003707394509,35.283908374514496,True
116,1,2019-06-13 19:35:58,25,34.143490080890295,35.2900991071479,True
116,1,2019-06-13 18:35:58,26,34.149645023273564,35.298077648865956,True
116,1,2019-06-13 17:35:58,27,34.15517019329673,35.3004519097576,True
116,1,2019-06-13 16:35:58,28,34.163034353988685,35.30040306422438,True
116,1,2019-06-13 15:35:58,29,34.169537029709076,35.300413013434024,True
116,1,2019-06-13 14:35:58,30,34.17774680348464,35.2974035351915,True
116,1,2019-06-13 13:35:58,31,34.18421096902872,35.29130487512163,True
116,1,2019-06-13 12:35:58,32,34.19213272829555,35.286718809687535,True
116,1,2019-06-13 11:35:58,33,34.19803923539993,35.27974336019845,True
116,1,2019-06-13 10:35:58,34,34.20303125166586,35.27120243809551,True
116,1,2019-06-13 09:35:58,35,34.20645932757296,35.26292444577017,True
116,1,2019-06-13 08:35:58,36,34.208114426518605,35.25316766986236,True
116,1,2019-06-13 07:35:58,37,34.21094527006093,35.243546588174354,True
116,1,2019-06-13 06:35:58,38,34.212360457172785,35.237615321571795,True
116,1,2019-06-13 05:35:58,39,34.21147476510539,35.22820745671746,True
116,1,2019-06-13 04:35:58,40,34.212292001338675,35.223747793226295,True
116,1,2019-06-13 03:35:58,41,34.21295373187459,35.22209571827327,True
116,1,2019-06-13 02:35:58,42,34.217368264996644,35.21667074751228,True
116,1,2019-06-13 01:35:58,43,34.22121413972694,35.21468327350013,True
116,1,2019-06-13 00:35:58,44,34.225726961678035,35.21205619589899,True
116,1,2019-06-12 23:35:58,45,34.23118943076746,35.20743885168234,True
116,1,2019-06-12 22:35:58,46,34.234246348566586,35.207292301934906,True
116,1,2019-06-12 21:35:58,47,34.23910792740502,35.20536343622462,True
116,1,2019-06-12 20:35:58,48,34.24357302954778,35.20379443382822,True
116,1,2019-06-12 19:35:58,49,34.25037767866122,35.20060003236687,True
116,1,2019-06-12 18:35:58,50,34.25777544662356,35.195720383932155,True
116,1,2019-06-12 17:35:58,51,34.26405495716216,35.189710166355525,True
116,1,2019-06-12 16:35:58,52,34.26917396423237,35.181886513647676,True
116,1,2019-06-12 15:35:58,53,34.27508593726798,35.17296705903644,True
116,1,2019-06-12 14:35:58,54,34.28438380689693,35.162808638364254,True
116,1,2019-06-12 13:35:58,55,34.29101809253967,35.15265691052248,True
116,1,2019-06-12 12:35:58,56,34.2949162941565,35.144244177172304,True
116,1,2019-06-12 11:35:58,57,34.29875790283611,35.13289300041524,True
116,1,2019-06-12 10:35:58,58,34.30313995077538,35.12414058004216,True
116,1,2019-06-12 09:35:58,59,34.30747610943076,35.116563329354555,True
116,1,2019-06-12 08:35:58,60,34.31186154675212,35.1104454930712,True
116,1,2019-06-12 07:35:58,61,34.316287732527904,35.104006565597125,True
116,1,2019-06-12 06:35:58,62,34.31977243071008,35.098501659689504,True
116,1,2019-06-12 05:35:58,63,34.32620300659399,35.09537066582053,True
116,1,2019-06-12 04:35:58,64,34.32825977065077,35.091532370368085,True
116,1,2019-06-12 03:35:58,65,34.33245310579291,35.08545827641702,True
116,1,2019-06-12 02:35:58,66,34.331122104698686,35.07958411941339,True
116,1,2019-06-12 01:35:58,67,34.33535651837085,35.07239268339987,True
116,1,2019-06-12 00:35:58,68,34.33708908669181,35.06462934023406,True
116,1,2019-06-11 23:35:58,69,34.33890604444109,35.060416312797805,True
116,1,2019-06-11 22:35:58,70,34.34007584834845,35.056254690687304,True
116,1,2019-06-11 21:35:58,71,34.34191902599634,35.0515009398127,True
116,1,2019-06-11 20:35:58,72,34.342655754469895,35.04844173189876,True
116,2,2019-06-14 20:35:58,0,34.069727,35.263618,True
116,2,2019-06-14 19:35:58,1,34.075879688616936,35.26475191381622,True
116,2,2019-06-14 18:35:58,2,34.0829487250733,35.26805057889246,True
116,2,2019-06-14 17:35:58,3,34.083705371469776,35.27098443595,True
116,2,2019-06-14 16:35:58,4,34.08865946674554,35.273071979586696,True
116,2,2019-06-14 15:35:58,5,34.092487731813556,35.27188420098009,True
116,2,2019-06-14 14:35:58,6,34.09779568106029,35.27263405953081,True
116,2,2019-06-14 13:35:58,7,34.10190237817442,35.272323146678616,True
116,2,2019-06-14 12:35:58,8,34.10693025299368,35.273522799669216,True
116,2,2019-06-14 11:35:58,9,34.11233578473804,35.27380749799502,True
116,2,2019-06-14 10:35:58,10,34.115607555356,35.271509265421216,True
116,2,2019-06-14 09:35:58,11,34.12032196615813,35.27092747645003,True
116,2,2019-06-14 08:35:58,12,34.125589596400324,35.26713685820486,True
116,2,2019-06-14 07:35:58,13,34.128335782681425,35.26710971849224,True
116,2,2019-06-14 06:35:58,14,34.132751982207004,35.26739756710076,True
116,2,2019-06-14 05:35:58,15,34.13785220379223,35.264192971659384,True
116,2,2019-06-14 04:35:58,16,34.141300713096726,35.26208788715646,True
116,2,2019-06-14 03:35:58,17,34.1418233717542,35.25789617994131,True
116,2,2019-06-14 02:35:58,18,34.14378186720917,35.255446404531966,True
116,2,2019-06-14 01:35:58,19,34.14502667175943,35.25389238422902,True
116,2,2019-06-14 00:35:58,20,34.145977279038384,35.256966067070245,True
116,2,2019-06-13 23:35:58,21,34.14648929891905,35.26050356230775,True
116,2,2019-06-13 22:35:58,22,34.14660303256215,35.26475471490061,True
116,2,2019-06-13 21:35:58,23,34.1465173560445,35.27007644332905,True
116,2,2019-06-13 20:35:58,24,34.14958314405012,35.2763197135639,True
116,2,2019-06-13 19:35:58,25,34.156795121702366,35.282815493176656,True
116,2,2019-06-13 18:35:58,26,34.16233813355967,35.28847498291676,True
116,2,2019-06-13 17:35:58,27,34.1712185444688,35.29231982687334,True
116,2,2019-06-13 16:35:58,28,34.17896073771432,35.292210599162814,True
116,2,2019-06-13 15:35:58,29,34.18868346726129,35.2917201093266,True
116,2,2019-06-13 14:35:58,30,34.19768513064773,35.28601559866792,True
116,2,2019-06-13 13:35:58,31,34.20728281369966,35.2803422556012,True
116,2,2019-06-13 12:35:58,32,34.21689433533534,35.26964672777014,True
116,2,2019-06-13 11:35:58,33,34.22410119968136,35.25915863185587,True
116,2,2019-06-13 10:35:58,34,34.22932685600885,35.24868444240936,True
116,2,2019-06-13 09:35:58,35,34.23307853967834,35.238531437617915,True
116,2,2019-06-13 08:35:58,36,34.23636725255194,35.229540556392315,True
116,2,2019-06-13 07:35:58,37,34.23576066978403,35.223275471378656,True
116,2,2019-06-13 06:35:58,38,34.238959912771854,35.21713140913442,True
116,2,2019-06-13 05:35:58,39,34.24129503611536,35.212035704077586,True
116,2,2019-06-13 04:35:58,40,34.245482018313275,35.207059355861965,True
116,2,2019-06-13 03:35:58,41,34.24994703919549,35.20098369799363,True
116,2,2019-06-13 02:35:58,42,34.25213877801348,35.196435666973365,True
116,2,2019-06-13 01:35:58,43,34.25551739514259,35.193367360959506,True
116,2,2019-06-13 00:35:58,44,34.259751391355856,35.18885859768201,True
116,2,2019-06-12 23:35:58,45,34.26613384139087,35.18516204696713,True
116,2,2019-06-12 22:35:58,46,34.273374569979545,35.18244769244625,True
116,2,2019-06-12 21:35:58,47,34.27720097607511,35.17682710339053,True
116,2,2019-06-12 20:35:58,48,34.28357366369338,35.172233197489014,True
116,2,2019-06-12 19:35:58,49,34.28979847512253,35.16665962083699,True
116,2,2019-06-12 18:35:58,50,34.2969483395104,35.158776466263,True
116,2,2019-06-12 17:35:58,51,34.30389502857047,35.15325619813956,True
116,2,2019-06-12 16:35:58,52,34.30925104672366,35.14563872053232,True
116,2,2019-06-12 15:35:58,53,34.317776348455645,35.13823030316452,True
116,2,2019-06-12 14:35:58,54,34.32119112163956,35.12806565319021,True
116,2,2019-06-12 13:35:58,55,34.32509547480752,35.11994861694579,True
116,2,2019-06-12 12:35:58,56,34.32871665851738,35.109345001715035,True
116,2,2019-06-12 11:35:58,57,34.33140092376926,35.101495111783414,True
116,2,2019-06-12 10:35:58,58,34.33474832533197,35.09237489519428,True
116,2,2019-06-12 09:35:58,59,34.33806006795878,35.083807065758265,True
116,2,2019-06-12 08:35:58,60,34.34091247346069,35.076577352845284,True
116,2,2019-06-12 07:35:58,61,34.34678766385023,35.07228894825735,True
116,2,2019-06-12 06:35:58,62,34.35285118110566,35.06777028000833,True
116,2,2019-06-12 05:35:58,63,34.357020017500865,35.063104415271795,True
116,2,2019-06-12 04:35:58,64,34.359762497470065,35.05578484638981,True
116,2,2019-06-12 03:35:58,65,34.36531680884405,35.04878629591516,True
116,2,2019-06-12 02:35:58,66,34.36777504661543,35.04175611922286,True
116,2,2019-06-12 01:35:58,67,34.37048948685519,35.03488527315562,True
116,2,2019-06-12 00:35:58,68,34.369877077753955,35.02617119011155,True
116,2,2019-06-11 23:35:58,69,34.36812766085889,35.021905364687214,True
116,2,2019-06-11 22:35:58,70,34.36832866786735,35.02201735109099,True
116,2,2019-06-11 21:35:58,71,34.36888778088934,35.018875234904,True
116,2,2019-06-11 20:35:58,72,34.36829431636745,35.017336276805935,True
116,3,2019-06-14 20:35:58,0,34.069727,35.263618,True
116,3,2019-06-14 19:35:58,1,34.07163678441953,35.266965369579744,True
116,3,2019-06-14 18:35:58,2,34.07760217678558,35.26900029080524,True
116,3,2019-06-14 17:35:58,3,34.07989786282104,35.26829194998178,True
116,3,2019-06-14 16:35:58,4,34.08263342821002,35.27033633255835,True
116,3,2019-06-14 15:35:58,5,34.090199263204774,35.26995528546708,True
116,3,2019-06-14 14:35:58,6,34.09537333836234,35.2698291999079,True
116,3,2019-06-14 13:35:58,7,34.100607789701165,35.26973273507672,True
116,3,2019-06-14 12:35:58,8,34.10531762618612,35.26933613397614,True
116,3,2019-06-14 11:35:58,9,34.1107353230778,35.26891239862187,True
116,3,2019-06-14 10:35:58,10,34.11630764200126,35.268005210235486,True
116,3,2019-06-14 09:35:58,11,34.12444395089659,35.2648056336496,True
116,3,2019-06-14 08:35:58,12,34.13092095970715,35.26084729902731,True
116,3,2019-06-14 07:35:58,13,34.137398245624,35.26089602078796,True
116,3,2019-06-14 06:35:58,14,34.144613497098334,35.2583818514894,True
116,3,2019-06-14 05:35:58,15,34.14868623357014,35.2573579936519,True
116,3,2019-06-14 04:35:58,16,34.15296941730885,35.25453143113816,True
116,3,2019-06-14 03:35:58,17,34.1566357519331,35.25149994832642,True
116,3,2019-06-14 02:35:58,18,34.158423306485346,35.247266545893204,True
116,3,2019-06-14 01:35:58,19,34.15879792587759,35.24488614665382,True
116,3,2019-06-14 00:35:58,20,34.15744397420959,35.24578515386765,True
116,3,2019-06-13 23:35:58,21,34.159577968457725,35.24694701824936,True
116,3,2019-06-13 22:35:58,22,34.16062992376388,35.25131219403414,True
116,3,2019-06-13 21:35:58,23,34.16242007870945,35.257618467309854,True
116,3,2019-06-13 20:35:58,24,34.168519759113686,35.26151835277066,True
116,3,2019-06-13 19:35:58,25,34.17255646737363,35.269988657819475,True
116,3,2019-06-13 18:35:58,26,34.17948643091473,35.274875788283964,True
116,3,2019-06-13 17:35:58,27,34.18756330879592,35.27717526176393,True
116,3,2019-06-13 16:35:58,28,34.197837202281356,35.2779987375206,True
116,3,2019-06-13 15:35:58,29,34.20790035119089,35.27526958077585,True
116,3,2019-06-13 14:35:58,30,34.2162139235409,35.27034045588741,True
116,3,2019-06-13 13:35:58,31,34.22344131079696,35.26300752688416,True
116,3,2019-06-13 12:35:58,32,34.230363652011526,35.25884689296029,True
116,3,2019-06-13 11:35:58,33,34.23633078177378,35.24830025302257,True
116,3,2019-06-13 10:35:58,34,34.24365525161733,35.24037618814368,True
116,3,2019-06-13 09:35:58,35,34.25112747177783,35.23231467715377,True
116,3,2019-06-13 08:35:58,36,34.252001244705404,35.22345444768967,True
116,3,2019-06-13 07:35:58,37,34.25626725688993,35.21739152840591,True
116,3,2019-06-13 06:35:58,38,34.26163773776786,35.20999131583123,True
116,3,2019-06-13 05:35:58,39,34.261912773794705,35.205233440759905,True
116,3,2019-06-13 04:35:58,40,34.26689854216218,35.20079625417795,True
116,3,2019-06-13 03:35:58,41,34.268202289521724,35.19532784781987,True
116,3,2019-06-13 02:35:58,42,34.271691951384156,35.18967120741314,True
116,3,2019-06-13 01:35:58,43,34.273870343948836,35.18632051573263,True
116,3,2019-06-13 00:35:58,44,34.27878677929524,35.18483936968122,True
116,3,2019-06-12 23:35:58,45,34.2836786947319,35.17895013515356,True
116,3,2019-06-12 22:35:58,46,34.289614037749544,35.17571517872462,True
116,3,2019-06-12 21:35:58,47,34.296470390266116,35.17059054040035,True
116,3,2019-06-12 20:35:58,48,34.303349251571156,35.16540651081331,True
116,3,2019-06-12 19:35:58,49,34.30904854898908,35.16003091188408,True
116,3,2019-06-12 18:35:58,50,34.31817365912948,35.15303014544836,True
116,3,2019-06-12 17:35:58,51,34.32580245917922,35.14745229989301,True
116,3,2019-06-12 16:35:58,52,34.33185921758383,35.139243657663904,True
116,3,2019-06-12 15:35:58,53,34.33767893825116,35.13215799024479,True
116,3,2019-06-12 14:35:58,54,34.34110815974331,35.123395610732636,True
116,3,2019-06-12 13:35:58,55,34.34159984821437,35.11327763056919,True
116,3,2019-06-12 12:35:58,56,34.344720530621196,35.10306335451688,True
116,3,2019-06-12 11:35:58,57,34.34709825113427,35.09540619412375,True
116,3,2019-06-12 10:35:58,58,34.349472889334606,35.08769633809798,True
116,3,2019-06-12 09:35:58,59,34.35262171989327,35.08286279115739,True
116,3,2019-06-12 08:35:58,60,34.356974291546166,35.07632896452287,True
116,3,2019-06-12 07:35:58,61,34.36057303263348,35.071721792973364,True
116,3,2019-06-12 06:35:58,62,34.364571853843564,35.06631799000458,True
116,3,2019-06-12 05:35:58,63,34.365202961509375,35.061514804258,True
116,3,2019-06-12 04:35:58,64,34.36962142623962,35.05217333169345,True
116,3,2019-06-12 03:35:58,65,34.37305688235651,35.0419494638652,True
116,3,2019-06-12 02:35:58,66,34.37475271408275,35.03397826007862,True
116,3,2019-06-12 01:35:58,67,34.374587721940706,35.029269606501934,True
116,3,2019-06-12 00:35:58,68,34.37517710815112,35.019697117591434,True
116,3,2019-06-11 23:35:58,69,34.37415248075654,35.015728090440874,True
116,3,2019-06-11 22:35:58,70,34.37477557084773,35.01109664377114,True
116,3,2019-06-11 21:35:58,71,34.3757357429703,35.00610127762909,True
116,3,2019-06-11 20:35:58,72,34.37579444172577,35.00673081701235,True
116,4,2019-06-14 20:35:58,0,34.069727,35.263618,True
116,4,2019-06-14 19:35:58,1,34.074474080978675,35.27098440142314,True
116,4,2019-06-14 18:35:58,2,34.079097280279576,35.275444213897366,True
116,4,2019-06-14 17:35:58,3,34.08400445327642,35.27958883799057,True
116,4,2019-06-14 16:35:58,4,34.089649064583874,35.28097114572271,True
116,4,2019-06-14 15:35:58,5,34.09511839589213,35.281676216820536,True
116,4,2019-06-14 14:35:58,6,34.099288954863965,35.282490043104254,True
116,4,2019-06-14 13:35:58,7,34.104986564528744,35.283838594410966,True
116,4,2019-06-14 12:35:58,8,34.112092550250615,35.2845681276136,True
116,4,2019-06-14 11:35:58,9,34.11646789383578,35.284351961725484,True
116,4,2019-06-14 10:35:58,10,34.11938269156813,35.2858640727944,True
116,4,2019-06-14 09:35:58,11,34.1232358256437,35.28670252171752,True
116,4,2019-06-14 08:35:58,12,34.12692049125956,35.28701579720323,True
116,4,2019-06-14 07:35:58,13,34.132404321790155,35.28532957961761,True
116,4,2019-06-14 06:35:58,14,34.13837503377008,35.28487438415039,True
116,4,2019-06-14 05:35:58,15,34.140408604795766,35.28287859125533,True
116,4,2019-06-14 04:35:58,16,34.14186959842806,35.27968896342906,True
116,4,2019-06-14 03:35:58,17,34.14300579250103,35.27535109821141,True
116,4,2019-06-14 02:35:58,18,34.14209913584079,35.272104481262204,True
116,4,2019-06-14 01:35:58,19,34.13945689177733,35.272536975862735,True
116,4,2019-06-14 00:35:58,20,34.13706252722081,35.272882446250094,True
116,4,2019-06-13 23:35:58,21,34.13437082028657,35.27635581735948,True
116,4,2019-06-13 22:35:58,22,34.13306422805964,35.28308896915923,True
116,4,2019-06-13 21:35:58,23,34.132239550294784,35.29090612465058,True
116,4,2019-06-13 20:35:58,24,34.134457681281454,35.298206393547346,True
116,4,2019-06-13 19:35:58,25,34.13994421987627,35.30175967234524,True
116,4,2019-06-13 18:35:58,26,34.147137839273924,35.30629739911918,True
116,4,2019-06-13 17:35:58,27,34.15426102698205,35.31145747045042,True
116,4,2019-06-13 16:35:58,28,34.16090921626823,35.31164583822549,True
116,4,2019-06-13 15:35:58,29,34.17034667202761,35.31085990144531,True
116,4,2019-06-13 14:35:58,30,34.18048015875842,35.304046493206855,True
116,4,2019-06-13 13:35:58,31,34.190915379673136,35.29905562673776,True
116,4,2019-06-13 12:35:58,32,34.20179271170416,35.29327732435461,True
116,4,2019-06-13 11:35:58,33,34.21279740485874,35.282664275898675,True
116,4,2019-06-13 10:35:58,34,34.221072269066575,35.27175633161147,True
116,4,2019-06-13 09:35:58,35,34.227548978202506,35.26036653888378,True
116,4,2019-06-13 08:35:58,36,34.23211338921709,35.25354932553536,True
116,4,2019-06-13 07:35:58,37,34.23779389262727,35.24590562839988,True
116,4,2019-06-13 06:35:58,38,34.239460255110025,35.24069436392064,True
116,4,2019-06-13 05:35:58,39,34.24164159305893,35.237944632182824,True
116,4,2019-06-13 04:35:58,40,34.243311017881354,35.23338125426158,True
116,4,2019-06-13 03:35:58,41,34.24566303782553,35.23072202569042,True
116,4,2019-06-13 02:35:58,42,34.24827804468821,35.22753368190666,True
116,4,2019-06-13 01:35:58,43,34.250555476321594,35.22712021648557,True
116,4,2019-06-13 00:35:58,44,34.25438097110392,35.22604202340307,True
116,4,2019-06-12 23:35:58,45,34.26070340698837,35.22282539761951,True
116,4,2019-06-12 22:35:58,46,34.26692159168609,35.22215826941929,True
116,4,2019-06-12 21:35:58,47,34.274418792727886,35.21828988661681,True
116,4,2019-06-12 20:35:58,48,34.2835918347328,35.21416764521387,True
116,4,2019-06-12 19:35:58,49,34.29005155518708,35.21201422102521,True
116,4,2019-06-12 18:35:58,50,34.30068242436036,35.206180455060235,True
116,4,2019-06-12 17:35:58,51,34.308084921622786,35.202623800046965,True
116,4,2019-06-12 16:35:58,52,34.31602218620786,35.19493036571962,True
116,4,2019-06-12 15:35:58,53,34.32030384179649,35.1841354329079,True
116,4,2019-06-12 14:35:58,54,34.32808067495734,35.17233883169192,True
116,4,2019-06-12 13:35:58,55,34.33254656535889,35.162752351975655,True
116,4,2019-06-12 12:35:58,56,34.33530870774604,35.150433516839676,True
116,4,2019-06-12 11:35:58,57,34.33728055179132,35.138711027819504,True
116,4,2019-06-12 10:35:58,58,34.33961958152648,35.13005428384466,True
116,4,2019-06-12 09:35:58,59,34.344512653100615,35.12196884988712,True
116,4,2019-06-12 08:35:58,60,34.34964866029507,35.11307111115836,True
116,4,2019-06-12 07:35:58,61,34.35156385942521,35.10752594530638,True
116,4,2019-06-12 06:35:58,62,34.358369041631214,35.10275869866621,True
116,4,2019-06-12 05:35:58,63,34.363319639096545,35.09639436011028,True
116,4,2019-06-12 04:35:58,64,34.370243063220585,35.09079870146478,True
116,4,2019-06-12 03:35:58,65,34.3735452028654,35.08333541920129,True
116,4,2019-06-12 02:35:58,66,34.377014391355054,35.07389359189246,True
116,4,2019-06-12 01:35:58,67,34.381237494078015,35.06298161881453,True
116,4,2019-06-12 00:35:58,68,34.382975668450456,35.05735836311645,True
116,4,2019-06-11 23:35:58,69,34.384035116889834,35.05087506516819,True
116,4,2019-06-11 22:35:58,70,34.38416737461416,35.046607820518446,True
116,4,2019-06-11 21:35:58,71,34.383228943205296,35.04191174577698,True
116,4,2019-06-11 20:35:58,72,34.38350250780679,35.039084703201404,True
116,5,2019-06-14 20:35:58,0,34.069727,35.263618,True
116,5,2019-06-14 19:35:58,1,34.07651627653441,35.26995830066549,True
116,5,2019-06-14 18:35:58,2,34.08297768810382,35.270680672788046,True
116,5,2019-06-14 17:35:58,3,34.08857496875833,35.271601502058495,True
116,5,2019-06-14 16:35:58,4,34.095584403488196,35.273174227836776,True
116,5,2019-06-14 15:35:58,5,34.10036215883458,35.27137489050766,True
116,5,2019-06-14 14:35:58,6,34.10364948680228,35.27221232465649,True
116,5,2019-06-14 13:35:58,7,34.109761893497485,35.27059610271145,True
116,5,2019-06-14 12:35:58,8,34.11384670864537,35.27147744675508,True
116,5,2019-06-14 11:35:58,9,34.11681410300044,35.2701276573109,True
116,5,2019-06-14 10:35:58,10,34.11989599209436,35.27009353483922,True
116,5,2019-06-14 09:35:58,11,34.1234832792265,35.27120610709042,True
116,5,2019-06-14 08:35:58,12,34.12663589542188,35.26703960146299,True
116,5,2019-06-14 07:35:58,13,34.130740966122545,35.266623152163504,True
116,5,2019-06-14 06:35:58,14,34.13556021042419,35.2630519676754,True
116,5,2019-06-14 05:35:58,15,34.138740901925935,35.2602924881221,True
116,5,2019-06-14 04:35:58,16,34.14164273740151,35.256242519514196,True
116,5,2019-06-14 03:35:58,17,34.14505420019551,35.25534548174793,True
116,5,2019-06-14 02:35:58,18,34.14416507626983,35.25325044833544,True
116,5,2019-06-14 01:35:58,19,34.14218336826647,35.251810744674025,True
116,5,2019-06-14 00:35:58,20,34.142823161083555,35.25489687025769,True
116,5,2019-06-13 23:35:58,21,34.143680641132335,35.2570378177586,True
116,5,2019-06-13 22:35:58,22,34.142836696878256,35.26091386902904,True
116,5,2019-06-13 21:35:58,23,34.144980132860795,35.264466562719306,True
116,5,2019-06-13 20:35:58,24,34.14744705304826,35.27402231427629,True
116,5,2019-06-13 19:35:58,25,34.15388155475936,35.281043949597695,True
116,5,2019-06-13 18:35:58,26,34.15892470831121,35.285541008055304,True
116,5,2019-06-13 17:35:58,27,34.165677603926824,35.289381690375166,True
116,5,2019-06-13 16:35:58,28,34.17455927928274,35.2889265621224,True
116,5,2019-06-13 15:35:58,29,34.17996782622042,35.286716870753104,True
116,5,2019-06-13 14:35:58,30,34.1890552268658,35.28226603134527,True
116,5,2019-06-13 13:35:58,31,34.19726419404476,35.27641769924337,True
116,5,2019-06-13 12:35:58,32,34.20334996060199,35.273547756349856,True
116,5,2019-06-13 11:35:58,33,34.21265472373812,35.26485962551551,True
116,5,2019-06-13 10:35:58,34,34.21845367731741,35.25589307063448,True
116,5,2019-06-13 09:35:58,35,34.22457749813429,35.24571860930005,True
116,5,2019-06-13 08:35:58,36,34.22817303149415,35.236751316460534,True
116,5,2019-06-13 07:35:58,37,34.23179369567811,35.230028213956025,True
116,5,2019-06-13 06:35:58,38,34.234439622664574,35.22270945770891,True
116,5,2019-06-13 05:35:58,39,34.234033551294964,35.21842381390007,True
116,5,2019-06-13 04:35:58,40,34.2362012242271,35.215520752952344,True
116,5,2019-06-13 03:35:58,41,34.23775861861214,35.21013819492165,True
116,5,2019-06-13 02:35:58,42,34.240311230920355,35.207345848834635,True
116,5,2019-06-13 01:35:58,43,34.24450729720998,35.20568430111412,True
116,5,2019-06-13 00:35:58,44,34.24948898664521,35.201036760903364,True
116,5,2019-06-12 23:35:58,45,34.25323335836299,35.20160963573329,True
116,5,2019-06-12 22:35:58,46,34.255339568621096,35.198027870993236,True
116,5,2019-06-12 21:35:58,47,34.26247467641595,35.1971395811826,True
116,5,2019-06-12 20:35:58,48,34.26791598078763,35.194326372374285,True
116,5,2019-06-12 19:35:58,49,34.273594444755155,35.19078751856277,True
116,5,2019-06-12 18:35:58,50,34.28099913516408,35.189052094542255,True
116,5,2019-06-12 17:35:58,51,34.290450049503036,35.185225435478706,True
116,5,2019-06-12 16:35:58,52,34.29639230178031,35.179338130164254,True
116,5,2019-06-12 15:35:58,53,34.30157064377025,35.16946438121325,True
116,5,2019-06-12 14:35:58,54,34.30819188184543,35.16151729559174,True
116,5,2019-06-12 13:35:58,55,34.316274323760766,35.150745008726474,True
116,5,2019-06-12 12:35:58,56,34.320469353743924,35.14052595031803,True
116,5,2019-06-12 11:35:58,57,34.322803457970615,35.13070486624183,True
116,5,2019-06-12 10:35:58,58,34.32709524750797,35.11794420797885,True
116,5,2019-06-12 09:35:58,59,34.33093615839994,35.11100261996834,True
116,5,2019-06-12 08:35:58,60,34.33711242000931,35.10397626282345,True
116,5,2019-06-12 07:35:58,61,34.339749834614246,35.09796727819949,True
116,5,2019-06-12 06:35:58,62,34.3459752964895,35.0947304293788,True
116,5,2019-06-12 05:35:58,63,34.350253111384504,35.089957649671625,True
116,5,2019-06-12 04:35:58,64,34.35527557366336,35.082259849614005,True
116,5,2019-06-12 03:35:58,65,34.3597524667879,35.07666417981559,True
116,5,2019-06-12 02:35:58,66,34.36298117449368,35.06766212794078,True
116,5,2019-06-12 01:35:58,67,34.364735071164986,35.05638515201419,True
116,5,2019-06-12 00:35:58,68,34.36558496821878,35.04865032058239,True
116,5,2019-06-11 23:35:58,69,34.36786484903443,35.042979796310554,True
116,5,2019-06-11 22:35:58,70,34.36756815863912,35.03808052505401,True
116,5,2019-06-11 21:35:58,71,34.36975372236656,35.03589142890732,True
116,5,2019-06-11 20:35:58,72,34.36887202445306,35.033411288530836,True
130,0,2019-06-14 20:35:58,0,34.070254,35.263618,True
130,0,2019-06-14 19:35:58,1,34.07638837273663,35.267363596750236,True
130,0,2019-06-14 18:35:58,2,34.08263819996572,35.27153337806143,True
130,0,2019-06-14 17:35:58,3,34.088253756090744,35.273602957087796,True
130,0,2019-06-14 16:35:58,4,34.09575471966026,35.273269942147344,True
130,0,2019-06-14 15:35:58,5,34.102607547694,35.2757907728097,True
130,0,2019-06-14 14:35:58,6,34.107545268888956,35.27469891296346,True
130,0,2019-06-14 13:35:58,7,34.11203436935288,35.27419850533212,True
130,0,2019-06-14 12:35:58,8,34.11773125344229,35.27459564231883,True
130,0,2019-06-14 11:35:58,9,34.12272907688643,35.27293543072509,True
130,0,2019-06-14 10:35:58,10,34.12749667834591,35.27100365143831,True
130,0,2019-06-14 09:35:58,11,34.13355657679032,35.27228549440709,True
130,0,2019-06-14 08:35:58,12,34.1391442389002,35.27121300793424,True
130,0,2019-06-14 07:35:58,13,34.14589724881002,35.26824061529738,True
130,0,2019-06-14 06:35:58,14,34.14991213557815,35.26589325674245,True
130,0,2019-06-14 05:35:58,15,34.159221604505674,35.2625579929347,True
130,0,2019-06-14 04:35:58,16,34.16589488399557,35.25884874370729,True
130,0,2019-06-14 03:35:58,17,34.16935791617895,35.25647259944089,True
130,0,2019-06-14 02:35:58,18,34.17094991292266,35.250375095664474,True
130,0,2019-06-14 01:35:58,19,34.17069780135186,35.24737649825283,True
130,0,2019-06-14 00:35:58,20,34.16927617778439,35.245117600771806,True
130,0,2019-06-13 23:35:58,21,34.16978704003962,35.24900178789058,True
130,0,2019-06-13 22:35:58,22,34.16969199076812,35.250099652915694,True
130,0,2019-06-13 21:35:58,23,34.16907995180093,35.25444696691439,True
130,0,2019-06-13 20:35:58,24,34.172030836433706,35.25996923735544,True
130,0,2019-06-13 19:35:58,25,34.176091058169256,35.26419232530438,True
130,0,2019-06-13 18:35:58,26,34.18255933465111,35.269031720585716,True
130,0,2019-06-13 17:35:58,27,34.190809546179665,35.27111669424089,True
130,0,2019-06-13 16:35:58,28,34.19885731855458,35.26995940052901,True
130,0,2019-06-13 15:35:58,29,34.20629594629814,35.263492036175194,True
130,0,2019-06-13 14:35:58,30,34.21588727069154,35.25579879932223,True
130,0,2019-06-13 13:35:58,31,34.22266516270775,35.24976295768204,True
130,0,2019-06-13 12:35:58,32,34.229155834885574,35.24495771093735,True
130,0,2019-06-13 11:35:58,33,34.23606061877775,35.236816943809266,True
130,0,2019-06-13 10:35:58,34,34.241779053610166,35.22905406349054,True
130,0,2019-06-13 09:35:58,35,34.24731594914952,35.22159873527187,True
130,0,2019-06-13 08:35:58,36,34.25011530678136,35.2125255117076,True
130,0,2019-06-13 07:35:58,37,34.25414828388708,35.20675200764256,True
130,0,2019-06-13 06:35:58,38,34.25775959649966,35.20106622969236,True
130,0,2019-06-13 05:35:58,39,34.25897773354857,35.199315296851424,True
130,0,2019-06-13 04:35:58,40,34.26241414777767,35.19295461705825,True
130,0,2019-06-13 03:35:58,41,34.267343976313555,35.187065778233595,True
130,0,2019-06-13 02:35:58,42,34.272310837791075,35.18260240994602,True
130,0,2019-06-13 01:35:58,43,34.27666606283108,35.18049761364418,True
130,0,2019-06-13 00:35:58,44,34.281310422398995,35.18045652818134,True
130,0,2019-06-12 23:35:58,45,34.286089001461136,35.175645193336386,True
130,0,2019-06-12 22:35:58,46,34.29090721473686,35.17328835752976,True
130,0,2019-06-12 21:35:58,47,34.29313633055899,35.17079350057638,True
130,0,2019-06-12 20:35:58,48,34.300771992927395,35.16842961328195,True
130,0,2019-06-12 19:35:58,49,34.30872047868982,35.16390309210794,True
130,0,2019-06-12 18:35:58,50,34.31487360939569,35.156401016743345,True
130,0,2019-06-12 17:35:58,51,34.32346121907403,35.14823763297978,True
130,0,2019-06-12 16:35:58,52,34.33139067718362,35.139376653617155,True
130,0,2019-06-12 15:35:58,53,34.33440078366846,35.133855342722406,True
130,0,2019-06-12 14:35:58,54,34.34090664086258,35.123522936344536,True
130,0,2019-06-12 13:35:58,55,34.34511927684551,35.11736937566049,True
130,0,2019-06-12 12:35:58,56,34.34876192230922,35.108373911242055,True
130,0,2019-06-12 11:35:58,57,34.35310124052055,35.09935411893235,True
130,0,2019-06-12 10:35:58,58,34.35588695471322,35.09194202373612,True
130,0,2019-06-12 09:35:58,59,34.35970854377849,35.0859102896316,True
130,0,2019-06-12 08:35:58,60,34.36152162997525,35.0798149004319,True
130,0,2019-06-12 07:35:58,61,34.36927954607475,35.07257969923622,True
130,0,2019-06-12 06:35:58,62,34.373196343888,35.06639049137883,True
130,0,2019-06-12 05:35:58,63,34.37960417284998,35.05870763660792,True
130,0,2019-06-12 04:35:58,64,34.385599840395,35.05303677822068,True
130,0,2019-06-12 03:35:58,65,34.38962375987581,35.04601679645984,True
130,0,2019-06-12 02:35:58,66,34.39365797089954,35.03871728207873,True
130,0,2019-06-12 01:35:58,67,34.395378366661056,35.03117768964219,True
130,0,2019-06-12 00:35:58,68,34.39460372333534,35.0229400651848,True
130,0,2019-06-11 23:35:58,69,34.395525251175016,35.0171741890927,True
130,0,2019-06-11 22:35:58,70,34.396541002505806,35.014258337820074,True
130,0,2019-06-11 21:35:58,71,34.39659825788451,35.013243561812565,True
130,0,2019-06-11 20:35:58,72,34.39677293874973,35.01065136298679,True
130,1,2019-06-14 20:35:58,0,34.070254,35.263618,True
130,1,2019-06-14 19:35:58,1,34.07720259668085,35.26816476994264,True
130,1,2019-06-14 18:35:58,2,34.08324732415027,35.27157974093329,True
130,1,2019-06-14 17:35:58,3,34.08975163182814,35.275002974599666,True
130,1,2019-06-14 16:35:58,4,34.094837047146434,35.27712139233091,True
130,1,2019-06-14 15:35:58,5,34.10075688749164,35.277149690187755,True
130,1,2019-06-14 14:35:58,6,34.1049883006773,35.27946174738665,True
130,1,2019-06-14 13:35:58,7,34.10887299860354,35.277758270339014,True
130,1,2019-06-14 12:35:58,8,34.114993632171576,35.277250898885725,True
130,1,2019-06-14 11:35:58,9,34.12139646304656,35.27493061462873,True
130,1,2019-06-14 10:35:58,10,34.12887349997351,35.27114997397136,True
130,1,2019-06-14 09:35:58,11,34.1310087989047,35.26664903947934,True
130,1,2019-06-14 08:35:58,12,34.136146416921726,35.26325927752137,True
130,1,2019-06-14 07:35:58,13,34.1416206165502,35.26160376402489,True
130,1,2019-06-14 06:35:58,14,34.14716082625321,35.26041123850131,True
130,1,2019-06-14 05:35:58,15,34.151636809238006,35.257613962633805,True
130,1,2019-06-14 04:35:58,16,34.157179596170835,35.255114669123785,True
130,1,2019-06-14 03:35:58,17,34.1602206626193,35.25196570315765,True
130,1,2019-06-14 02:35:58,18,34.16168031491587,35.25038345115454,True
130,1,2019-06-14 01:35:58,19,34.16172839240103,35.24898653256434,True
130,1,2019-06-14 00:35:58,20,34.162484522959645,35.25020030997848,True
130,1,2019-06-13 23:35:58,21,34.162334733655676,35.25517928900816,True
130,1,2019-06-13 22:35:58,22,34.16084848500484,35.255624918150446,True
130,1,2019-06-13 21:35:58,23,34.16272596055769,35.26018634291592,True
130,1,2019-06-13 20:35:58,24,34.16500266883814,35.26519603344865,True
130,1,2019-06-13 19:35:58,25,34.17093289106369,35.26838542374486,True
130,1,2019-06-13 18:35:58,26,34.17692208300296,35.271956779386684,True
130,1,2019-06-13 17:35:58,27,34.18446970792854,35.27341240122546,True
130,1,2019-06-13 16:35:58,28,34.191081823313745,35.275017741055215,True
130,1,2019-06-13 15:35:58,29,34.19926052295245,35.27182743469582,True
130,1,2019-06-13 14:35:58,30,34.20638177943558,35.26510401499337,True
130,1,2019-06-13 13:35:58,31,34.213194851114906,35.255675150183436,True
130,1,2019-06-13 12:35:58,32,34.2199048771827,35.24568880908827,True
130,1,2019-06-13 11:35:58,33,34.22819981921981,35.236584343982116,True
130,1,2019-06-13 10:35:58,34,34.232782134389055,35.22734402837303,True
130,1,2019-06-13 09:35:58,35,34.23654950754224,35.21622845665783,True
130,1,2019-06-13 08:35:58,36,34.23866798001593,35.208377376503265,True
130,1,2019-06-13 07:35:58,37,34.239481497681226,35.202235747950915,True
130,1,2019-06-13 06:35:58,38,34.241554226227315,35.19647908018668,True
130,1,2019-06-13 05:35:58,39,34.24275938835195,35.18830288033056,True
130,1,2019-06-13 04:35:58,40,34.24492732716587,35.18398524701549,True
130,1,2019-06-13 03:35:58,41,34.246475089651,35.177231807440826,True
130,1,2019-06-13 02:35:58,42,34.24719020397777,35.16945709832677,True
130,1,2019-06-13 01:35:58,43,34.24979820548553,35.1662365849526,True
130,1,2019-06-13 00:35:58,44,34.25337880053039,35.16275521472644,True
130,1,2019-06-12 23:35:58,45,34.25878858608765,35.16008075007062,True
130,1,2019-06-12 22:35:58,46,34.26408096767724,35.15674972317932,True
130,1,2019-06-12 21:35:58,47,34.268128522794356,35.15011799123058,True
130,1,2019-06-12 20:35:58,48,34.27184647895954,35.14513024868138,True
130,1,2019-06-12 19:35:58,49,34.277590471539,35.13973501910211,True
130,1,2019-06-12 18:35:58,50,34.28458741849838,35.13565479467369,True
130,1,2019-06-12 17:35:58,51,34.29233828756379,35.12978836082524,True
130,1,2019-06-12 16:35:58,52,34.300011077279215,35.1211658869654,True
130,1,2019-06-12 15:35:58,53,34.30594740213855,35.108577067293055,True
130,1,2019-06-12 14:35:58,54,34.310871271116696,35.09836606809336,True
130,1,2019-06-12 13:35:58,55,34.314269149050254,35.088471202779985,True
130,1,2019-06-12 12:35:58,56,34.317581926492146,35.08060341320934,True
130,1,2019-06-12 11:35:58,57,34.322521636253114,35.06877529431163,True
130,1,2019-06-12 10:35:58,58,34.325432492930226,35.05959817431167,True
130,1,2019-06-12 09:35:58,59,34.32956029348462,35.05288590363665,True
130,1,2019-06-12 08:35:58,60,34.332757761664894,35.04376169965569,True
130,1,2019-06-12 07:35:58,61,34.33663901052598,35.040209048181815,True
130,1,2019-06-12 06:35:58,62,34.34057304587056,35.032429307464724,True
130,1,2019-06-12 05:35:58,63,34.3433376527363,35.02427863317931,True
130,1,2019-06-12 04:35:58,64,34.34685050341689,35.01685807573825,True
130,1,2019-06-12 03:35:58,65,34.34763283219259,35.0092332484045,True
130,1,2019-06-12 02:35:58,66,34.34752007596391,34.99863305862969,True
130,1,2019-06-12 01:35:58,67,34.349184317883655,34.99156286045717,True
130,1,2019-06-12 00:35:58,68,34.34708979439899,34.98762268214674,True
130,1,2019-06-11 23:35:58,69,34.349485173796396,34.9852022457415,True
130,1,2019-06-11 22:35:58,70,34.349184553947254,34.981436005013414,True
130,1,2019-06-11 21:35:58,71,34.34902934619534,34.97956787444285,True
130,1,2019-06-11 20:35:58,72,34.350631306528754,34.976391580818614,True
130,2,2019-06-14 20:35:58,0,34.070254,35.263618,True
130,2,2019-06-14 19:35:58,1,34.07617140435257,35.26755107235713,True
130,2,2019-06-14 18:35:58,2,34.08135131916001,35.26986317134791,True
130,2,2019-06-14 17:35:58,3,34.08411720158141,35.273056945824756,True
130,2,2019-06-14 16:35:58,4,34.087005212376376,35.274049612296864,True
130,2,2019-06-14 15:35:58,5,34.0898754673937,35.27563453898203,True
130,2,2019-06-14 14:35:58,6,34.09418246137448,35.27620150298761,True
130,2,2019-06-14 13:35:58,7,34.09877799755356,35.278068565466455,True
130,2,2019-06-14 12:35:58,8,34.105140807166315,35.2790195599496,True
130,2,2019-06-14 11:35:58,9,34.1097610261549,35.2800005432038,True
130,2,2019-06-14 10:35:58,10,34.11603700961821,35.28051489511079,True
130,2,2019-06-14 09:35:58,11,34.12186080496104,35.2789635921454,True
130,2,2019-06-14 08:35:58,12,34.12712825299797,35.279382865332146,True
130,2,2019-06-14 07:35:58,13,34.13302103895777,35.27923666858393,True
130,2,2019-06-14 06:35:58,14,34.13973788315893,35.27606865653037,True
130,2,2019-06-14 05:35:58,15,34.1449920624039,35.27118501139564,True
130,2,2019-06-14 04:35:58,16,34.14807630282175,35.26678026523034,True
130,2,2019-06-14 03:35:58,17,34.152840377782034,35.263470847478374,True
130,2,2019-06-14 02:35:58,18,34.15736157570533,35.25911351300541,True
130,2,2019-06-14 01:35:58,19,34.15643087999352,35.25881241295894,True
130,2,2019-06-14 00:35:58,20,34.15755421009188,35.25855809706695,True
130,2,2019-06-13 23:35:58,21,34.15561675293552,35.261023897459744,True
130,2,2019-06-13 22:35:58,22,34.15728128579938,35.266766941581835,True
130,2,2019-06-13 21:35:58,23,34.15685301234127,35.27312703746657,True
130,2,2019-06-13 20:35:58,24,34.15934815934127,35.28071206927622,True
130,2,2019-06-13 19:35:58,25,34.16360426109972,35.286900055707406,True
130,2,2019-06-13 18:35:58,26,34.17009712976194,35.29371243833457,True
130,2,2019-06-13 17:35:58,27,34.17930082084051,35.29349409969082,True
130,2,2019-06-13 16:35:58,28,34.18970449235314,35.29520019728769,True
130,2,2019-06-13 15:35:58,29,34.20051008075767,35.29488089736436,True
130,2,2019-06-13 14:35:58,30,34.209831419969674,35.28918714320601,True
130,2,2019-06-13 13:35:58,31,34.222785495053174,35.28116336366788,True
130,2,2019-06-13 12:35:58,32,34.231324626816,35.27404584439633,True
130,2,2019-06-13 11:35:58,33,34.23761158589614,35.263126394674245,True
130,2,2019-06-13 10:35:58,34,34.24372153093405,35.25025253134512,True
130,2,2019-06-13 09:35:58,35,34.2468921737945,35.23806064456543,True
130,2,2019-06-13 08:35:58,36,34.25066212070285,35.229247941627065,True
130,2,2019-06-13 07:35:58,37,34.25203439518999,35.221153960040176,True
130,2,2019-06-13 06:35:58,38,34.25501196867601,35.21426581032267,True
130,2,2019-06-13 05:35:58,39,34.25753749322817,35.209784352629576,True
130,2,2019-06-13 04:35:58,40,34.26133239251533,35.20402710877863,True
130,2,2019-06-13 03:35:58,41,34.264708523900524,35.20030060729566,True
130,2,2019-06-13 02:35:58,42,34.269453834063796,35.19526431027787,True
130,2,2019-06-13 01:35:58,43,34.2729453930024,35.192167137319394,True
130,2,2019-06-13 00:35:58,44,34.27867705891176,35.188724763966576,True
130,2,2019-06-12 23:35:58,45,34.28244874006026,35.1858301166966,True
130,2,2019-06-12 22:35:58,46,34.28856583444683,35.179788088922486,True
130,2,2019-06-12 21:35:58,47,34.2936624637195,35.17217800588266,True
130,2,2019-06-12 20:35:58,48,34.30129387398558,35.164219962005205,True
130,2,2019-06-12 19:35:58,49,34.307841892415844,35.15574267667573,True
130,2,2019-06-12 18:35:58,50,34.31196720659673,35.148018512023036,True
130,2,2019-06-12 17:35:58,51,34.318890870321546,35.140282681869216,True
130,2,2019-06-12 16:35:58,52,34.32566914709844,35.13233553807679,True
130,2,2019-06-12 15:35:58,53,34.3313559526493,35.123332798882764,True
130,2,2019-06-12 14:35:58,54,34.338768774563206,35.11574557177931,True
130,2,2019-06-12 13:35:58,55,34.3423520487646,35.10494508630326,True
130,2,2019-06-12 12:35:58,56,34.34488704420316,35.0940672129854,True
130,2,2019-06-12 11:35:58,57,34.3498381634153,35.08566405061986,True
130,2,2019-06-12 10:35:58,58,34.35347969290256,35.077684560667976,True
130,2,2019-06-12 09:35:58,59,34.35718460783961,35.070074242973256,True
130,2,2019-06-12 08:35:58,60,34.36188415416176,35.06604537919285,True
130,2,2019-06-12 07:35:58,61,34.36607440188575,35.062629670446576,True
130,2,2019-06-12 06:35:58,62,34.368731042253174,35.05752882119666,True
130,2,2019-06-12 05:35:58,63,34.37164944934056,35.05056400521864,True
130,2,2019-06-12 04:35:58,64,34.37353990579819,35.04157615064199,True
130,2,2019-06-12 03:35:58,65,34.37709194527523,35.035645356228926,True
130,2,2019-06-12 02:35:58,66,34.37660050861915,35.02910549190672,True
130,2,2019-06-12 01:35:58,67,34.37714974309383,35.02107372689755,True
130,2,2019-06-12 00:35:58,68,34.379155089897814,35.01512871639943,True
130,2,2019-06-11 23:35:58,69,34.38066772009804,35.010732709740275,True
130,2,2019-06-11 22:35:58,70,34.37877768946486,35.00898458462187,True
130,2,2019-06-11 21:35:58,71,34.378040129510396,35.004097573169965,True
130,2,2019-06-11 20:35:58,72,34.37740102797986,35.00171483474177,True
130,3,2019-06-14 20:35:58,0,34.070254,35.263618,True
130,3,2019-06-14 19:35:58,1,34.07387834043134,35.26582198512987,True
130,3,2019-06-14 18:35:58,2,34.07936964390031,35.26817933845351,True
130,3,2019-06-14 17:35:58,3,34.08452425085788,35.26876569591866,True
130,3,2019-06-14 16:35:58,4,34.087869982068035,35.27028815673616,True
130,3,2019-06-14 15:35:58,5,34.093946192873304,35.269552751792254,True
130,3,2019-06-14 14:35:58,6,34.09842789403286,35.271919849874834,True
130,3,2019-06-14 13:35:58,7,34.100522882584514,35.273145886100146,True
130,3,2019-06-14 12:35:58,8,34.10773120466543,35.27353301108769,True
130,3,2019-06-14 11:35:58,9,34.11196131463787,35.2713375340075,True
130,3,2019-06-14 10:35:58,10,34.11632718382799,35.27241301322043,True
130,3,2019-06-14 09:35:58,11,34.11935698887192,35.272655122236024,True
130,3,2019-06-14 08:35:58,12,34.125227262648544,35.2728028683264,True
130,3,2019-06-14 07:35:58,13,34.13136311949615,35.27370836041839,True
130,3,2019-06-14 06:35:58,14,34.13661792625558,35.26935245286751,True
130,3,2019-06-14 05:35:58,15,34.140574352538756,35.2681229868964,True
130,3,2019-06-14 04:35:58,16,34.145789595169525,35.26521708444476,True
130,3,2019-06-14 03:35:58,17,34.15188207172195,35.262252247666886,True
130,3,2019-06-14 02:35:58,18,34.1534373317924,35.25938861741242,True
130,3,2019-06-14 01:35:58,19,34.1540338279287,35.257069055927666,True
130,3,2019-06-14 00:35:58,20,34.15355497634192,35.25676823603949,True
130,3,2019-06-13 23:35:58,21,34.1518313554907,35.260001092600945,True
130,3,2019-06-13 22:35:58,22,34.150849394536856,35.26503941233442,True
130,3,2019-06-13 21:35:58,23,34.153257808446995,35.27002466392419,True
130,3,2019-06-13 20:35:58,24,34.15578739515801,35.27331606726949,True
130,3,2019-06-13 19:35:58,25,34.163198501119126,35.2807168900688,True
130,3,2019-06-13 18:35:58,26,34.170038968870486,35.284580844008694,True
130,3,2019-06-13 17:35:58,27,34.179509274451405,35.28911676427319,True
130,3,2019-06-13 16:35:58,28,34.1884292036129,35.290354526285334,True
130,3,2019-06-13 15:35:58,29,34.197317970481556,35.28762911160742,True
130,3,2019-06-13 14:35:58,30,34.20733776623742,35.28372099766996,True
130,3,2019-06-13 13:35:58,31,34.217574489201226,35.27756763740155,True
130,3,2019-06-13 12:35:58,32,34.22748405803299,35.26974335384218,True
130,3,2019-06-13 11:35:58,33,34.236381629492904,35.26241389021224,True
130,3,2019-06-13 10:35:58,34,34.2419403678158,35.25657812765853,True
130,3,2019-06-13 09:35:58,35,34.247125831702,35.246104687735134,True
130,3,2019-06-13 08:35:58,36,34.24981226176938,35.239661514765274,True
130,3,2019-06-13 07:35:58,37,34.25295511945875,35.232692584740704,True
130,3,2019-06-13 06:35:58,38,34.25470991023666,35.22752443281854,True
130,3,2019-06-13 05:35:58,39,34.25663404186672,35.22051137258065,True
130,3,2019-06-13 04:35:58,40,34.25758323146997,35.21724833667886,True
130,3,2019-06-13 03:35:58,41,34.260661381327225,35.211426748654226,True
130,3,2019-06-13 02:35:58,42,34.26375186415676,35.2089876780294,True
130,3,2019-06-13 01:35:58,43,34.26859666686192,35.20832342732239,True
130,3,2019-06-13 00:35:58,44,34.272736726191035,35.202234147218725,True
130,3,2019-06-12 23:35:58,45,34.27910062636708,35.19918481199502,True
130,3,2019-06-12 22:35:58,46,34.285307321412226,35.19454830640393,True
130,3,2019-06-12 21:35:58,47,34.292972428203484,35.1900430723374,True
130,3,2019-06-12 20:35:58,48,34.30031793149849,35.18749429824206,True
130,3,2019-06-12 19:35:58,49,34.30529530081561,35.1840657535956,True
130,3,2019-06-12 18:35:58,50,34.31294158980893,35.17731490928797,True
130,3,2019-06-12 17:35:58,51,34.3174357806242,35.16975116270469,True
130,3,2019-06-12 16:35:58,52,34.32304201063332,35.16465379996795,True
130,3,2019-06-12 15:35:58,53,34.33102762533836,35.15300739577158,True
130,3,2019-06-12 14:35:58,54,34.338026453145,35.14561342705631,True
130,3,2019-06-12 13:35:58,55,34.343431680058664,35.138156418550004,True
130,3,2019-06-12 12:35:58,56,34.34742480055772,35.12681301782929,True
130,3,2019-06-12 11:35:58,57,34.350318343618284,35.11438425253404,True
130,3,2019-06-12 10:35:58,58,34.35275327703355,35.106813757810116,True
130,3,2019-06-12 09:35:58,59,34.35514016590992,35.09907157338714,True
130,3,2019-06-12 08:35:58,60,34.35860965258653,35.09307589177992,True
130,3,2019-06-12 07:35:58,61,34.36393791037267,35.08595216698414,True
130,3,2019-06-12 06:35:58,62,34.36914242880517,35.07946915802362,True
130,3,2019-06-12 05:35:58,63,34.374628227718716,35.07145265786553,True
130,3,2019-06-12 04:35:58,64,34.379459155235615,35.06356599669897,True
130,3,2019-06-12 03:35:58,65,34.38081997316257,35.05929232273107,True
130,3,2019-06-12 02:35:58,66,34.382306348961016,35.05149954915303,True
130,3,2019-06-12 01:35:58,67,34.384517593550115,35.044734080392956,True
130,3,2019-06-12 00:35:58,68,34.3855364959902,35.03736398991407,True
130,3,2019-06-11 23:35:58,69,34.38536012969757,35.03244247178052,True
130,3,2019-06-11 22:35:58,70,34.38345586671381,35.02799222499588,True
130,3,2019-06-11 21:35:58,71,34.38280674161947,35.02490754850267,True
130,3,2019-06-11 20:35:58,72,34.38195153476188,35.02249396036773,True
130,4,2019-06-14 20:35:58,0,34.070254,35.263618,True
130,4,2019-06-14 19:35:58,1,34.07549911026004,35.26969482563191,True
130,4,2019-06-14 18:35:58,2,34.08217184594906,35.27427814150939,True
130,4,2019-06-14 17:35:58,3,34.08762765397974,35.27879304965982,True
130,4,2019-06-14 16:35:58,4,34.09212234008557,35.28026007274938,True
130,4,2019-06-14 15:35:58,5,34.09986102151258,35.28324445386094,True
130,4,2019-06-14 14:35:58,6,34.10455545698284,35.28324675863124,True
130,4,2019-06-14 13:35:58,7,34.109520502105724,35.28399799983834,True
130,4,2019-06-14 12:35:58,8,34.11178672448184,35.283743905660934,True
130,4,2019-06-14 11:35:58,9,34.118058675801805,35.28095181382768,True
130,4,2019-06-14 10:35:58,10,34.1228630488491,35.27896160522341,True
130,4,2019-06-14 09:35:58,11,34.126046252463624,35.28042074419533,True
130,4,2019-06-14 08:35:58,12,34.13229628809899,35.279882098544334,True
130,4,2019-06-14 07:35:58,13,34.13538980111913,35.276030978252074,True
130,4,2019-06-14 06:35:58,14,34.14183308270904,35.2744311584702,True
130,4,2019-06-14 05:35:58,15,34.14417327778338,35.27124610506941,True
130,4,2019-06-14 04:35:58,16,34.1482269529413,35.27009491666414,True
130,4,2019-06-14 03:35:58,17,34.150408346905735,35.26954569433559,True
130,4,2019-06-14 02:35:58,18,34.15165197246071,35.265157335256376,True
130,4,2019-06-14 01:35:58,19,34.15206094272182,35.266485191255796,True
130,4,2019-06-14 00:35:58,20,34.15005843094338,35.26805396284825,True
130,4,2019-06-13 23:35:58,21,34.15023194499219,35.27179146496037,True
130,4,2019-06-13 22:35:58,22,34.15208743372052,35.27572869344261,True
130,4,2019-06-13 21:35:58,23,34.15278315307212,35.281450299520365,True
130,4,2019-06-13 20:35:58,24,34.155005649968146,35.28938227825862,True
130,4,2019-06-13 19:35:58,25,34.15929565616704,35.294393260789334,True
130,4,2019-06-13 18:35:58,26,34.16733979476114,35.29968817439311,True
130,4,2019-06-13 17:35:58,27,34.174007454649676,35.30468777018986,True
130,4,2019-06-13 16:35:58,28,34.18248983911617,35.305532902338,True
130,4,2019-06-13 15:35:58,29,34.19328558666183,35.303531719280684,True
130,4,2019-06-13 14:35:58,30,34.20200395934517,35.298147159610856,True
130,4,2019-06-13 13:35:58,31,34.21255686922407,35.292481336771296,True
130,4,2019-06-13 12:35:58,32,34.223378856237304,35.28246797043556,True
130,4,2019-06-13 11:35:58,33,34.230322306066846,35.27151605508982,True
130,4,2019-06-13 10:35:58,34,34.2375194709426,35.25893512833335,True
130,4,2019-06-13 09:35:58,35,34.242916842679406,35.245801411976835,True
130,4,2019-06-13 08:35:58,36,34.24760608418866,35.23406515719848,True
130,4,2019-06-13 07:35:58,37,34.25062425557808,35.22370635416368,True
130,4,2019-06-13 06:35:58,38,34.25348312786008,35.21317505927473,True
130,4,2019-06-13 05:35:58,39,34.25465964832401,35.20660449525132,True
130,4,2019-06-13 04:35:58,40,34.25734188684956,35.20301780244199,True
130,4,2019-06-13 03:35:58,41,34.261320232755665,35.19618500187703,True
130,4,2019-06-13 02:35:58,42,34.26495799378298,35.192573880528116,True
130,4,2019-06-13 01:35:58,43,34.268345774280036,35.188012585122586,True
130,4,2019-06-13 00:35:58,44,34.27425913829929,35.1888139627012,True
130,4,2019-06-12 23:35:58,45,34.27789884516699,35.181349205546056,True
130,4,2019-06-12 22:35:58,46,34.285967841629805,35.17711504169145,True
130,4,2019-06-12 21:35:58,47,34.29289398096299,35.17011164290519,True
130,4,2019-06-12 20:35:58,48,34.300442159202824,35.164510191444066,True
130,4,2019-06-12 19:35:58,49,34.30804031677827,35.15917829491283,True
130,4,2019-06-12 18:35:58,50,34.31527419347942,35.15052172732579,True
130,4,2019-06-12 17:35:58,51,34.32426080795872,35.14484258866208,True
130,4,2019-06-12 16:35:58,52,34.330500928560575,35.13642491551247,True
130,4,2019-06-12 15:35:58,53,34.339019098091704,35.12347047021277,True
130,4,2019-06-12 14:35:58,54,34.34462028284465,35.112010634066024,True
130,4,2019-06-12 13:35:58,55,34.346912530911524,35.09965891765845,True
130,4,2019-06-12 12:35:58,56,34.352844290120395,35.0913922411653,True
130,4,2019-06-12 11:35:58,57,34.35713637191346,35.083163761728706,True
130,4,2019-06-12 10:35:58,58,34.36082046822721,35.075826185149786,True
130,4,2019-06-12 09:35:58,59,34.362778011441414,35.06705069572347,True
130,4,2019-06-12 08:35:58,60,34.36825416354352,35.06070864447922,True
130,4,2019-06-12 07:35:58,61,34.37458467451316,35.05617361022016,True
130,4,2019-06-12 06:35:58,62,34.3796736296476,35.046557923849804,True
130,4,2019-06-12 05:35:58,63,34.38387347748319,35.03900884746308,True
130,4,2019-06-12 04:35:58,64,34.388744207572294,35.03239818959441,True
130,4,2019-06-12 03:35:58,65,34.39296884584199,35.02471049533921,True
130,4,2019-06-12 02:35:58,66,34.39275675309123,35.014612814589555,True
130,4,2019-06-12 01:35:58,67,34.394315756751055,35.00740693497883,True
130,4,2019-06-12 00:35:58,68,34.394424252349964,35.000000436423306,True
130,4,2019-06-11 23:35:58,69,34.39436674092756,34.994598425973116,True
130,4,2019-06-11 22:35:58,70,34.39219793808527,34.98758524315911,True
130,4,2019-06-11 21:35:58,71,34.393811773677925,34.98382333252106,True
130,4,2019-06-11 20:35:58,72,34.3957508161544,34.980173271287626,True
130,5,2019-06-14 20:35:58,0,34.070254,35.263618,True
130,5,2019-06-14 19:35:58,1,34.07289825910666,35.26913336416196,True
130,5,2019-06-14 18:35:58,2,34.0766419915447,35.27469455077877,True
130,5,2019-06-14 17:35:58,3,34.08110589360882,35.275885937799124,True
130,5,2019-06-14 16:35:58,4,34.08618581591916,35.27839379006571,True
130,5,2019-06-14 15:35:58,5,34.091248679419515,35.27988133886855,True
130,5,2019-06-14 14:35:58,6,34.09413472236187,35.28119429630636,True
130,5,2019-06-14 13:35:58,7,34.09899118862887,35.2848348583468,True
130,5,2019-06-14 12:35:58,8,34.10241076499365,35.283967587204415,True
130,5,2019-06-14 11:35:58,9,34.10736688925654,35.283700421292245,True
130,5,2019-06-14 10:35:58,10,34.11193730030684,35.282693265584726,True
130,5,2019-06-14 09:35:58,11,34.11651831332625,35.2814161477806,True
130,5,2019-06-14 08:35:58,12,34.122827941409454,35.27981528527685,True
130,5,2019-06-14 07:35:58,13,34.12858641747662,35.27974924345048,True
130,5,2019-06-14 06:35:58,14,34.134002771947436,35.27624584877317,True
130,5,2019-06-14 05:35:58,15,34.13547455996641,35.27135478048845,True
130,5,2019-06-14 04:35:58,16,34.136302411408046,35.268259986824695,True
130,5,2019-06-14 03:35:58,17,34.13534987888369,35.26287075844488,True
130,5,2019-06-14 02:35:58,18,34.134767052713286,35.26032163676455,True
130,5,2019-06-14 01:35:58,19,34.135412127715774,35.26061583518231,True
130,5,2019-06-14 00:35:58,20,34.134823448623706,35.25790196884951,True
130,5,2019-06-13 23:35:58,21,34.13114015932033,35.260479368543194,True
130,5,2019-06-13 22:35:58,22,34.13176274352749,35.26473946487698,True
130,5,2019-06-13 21:35:58,23,34.134546861740255,35.273238888220654,True
130,5,2019-06-13 20:35:58,24,34.1357947447131,35.27946120904105,True
130,5,2019-06-13 19:35:58,25,34.14094466779696,35.283603583460675,True
130,5,2019-06-13 18:35:58,26,34.14739384633761,35.28931522533378,True
130,5,2019-06-13 17:35:58,27,34.15534931966911,35.293226571531974,True
130,5,2019-06-13 16:35:58,28,34.15978787473727,35.293061184492636,True
130,5,2019-06-13 15:35:58,29,34.16887701269729,35.290148208011004,True
130,5,2019-06-13 14:35:58,30,34.17715422292941,35.288018515596534,True
130,5,2019-06-13 13:35:58,31,34.185741091478214,35.283200524099115,True
130,5,2019-06-13 12:35:58,32,34.19180946275812,35.278839431051125,True
130,5,2019-06-13 11:35:58,33,34.20146487654652,35.271459822150916,True
130,5,2019-06-13 10:35:58,34,34.20875230950703,35.260492124673604,True
130,5,2019-06-13 09:35:58,35,34.21355206787482,35.25160413273898,True
130,5,2019-06-13 08:35:58,36,34.21760944571628,35.24367135878521,True
130,5,2019-06-13 07:35:58,37,34.223418526201016,35.240284581560054,True
130,5,2019-06-13 06:35:58,38,34.22575399543712,35.23248791364521,True
130,5,2019-06-13 05:35:58,39,34.22762682362324,35.225656166498894,True
130,5,2019-06-13 04:35:58,40,34.227181173155316,35.22005841500191,True
130,5,2019-06-13 03:35:58,41,34.22904572295959,35.212371094169356,True
130,5,2019-06-13 02:35:58,42,34.23128270135974,35.21014432875302,True
130,5,2019-06-13 01:35:58,43,34.2326143153875,35.21202582708976,True
130,5,2019-06-13 00:35:58,44,34.23668477069072,35.21292590762507,True
130,5,2019-06-12 23:35:58,45,34.24105054653705,35.21116554718907,True
130,5,2019-06-12 22:35:58,46,34.246837821183895,35.2099349188495,True
130,5,2019-06-12 21:35:58,47,34.25128400956851,35.20791151358668,True
130,5,2019-06-12 20:35:58,48,34.25860561042797,35.207620609270904,True
130,5,2019-06-12 19:35:58,49,34.26629627553066,35.20832425673871,True
130,5,2019-06-12 18:35:58,50,34.277264677071685,35.210024074976005,True
130,5,2019-06-12 17:35:58,51,34.28504995339947,35.20418650235131,True
130,5,2019-06-12 16:35:58,52,34.29514265652781,35.19768160406416,True
130,5,2019-06-12 15:35:58,53,34.303144410055765,35.189674658813225,True
130,5,2019-06-12 14:35:58,54,34.31036958406175,35.17949440611317,True
130,5,2019-06-12 13:35:58,55,34.317341985350836,35.16879531450572,True
130,5,2019-06-12 12:35:58,56,34.32248909925408,35.15903762941406,True
130,5,2019-06-12 11:35:58,57,34.328534665930526,35.1489120448288,True
130,5,2019-06-12 10:35:58,58,34.3305992093002,35.141040159494736,True
130,5,2019-06-12 09:35:58,59,34.33361901810285,35.13208843528414,True
130,5,2019-06-12 08:35:58,60,34.33879931507203,35.12539568147603,True
130,5,2019-06-12 07:35:58,61,34.346385800622514,35.12003203242659,True
130,5,2019-06-12 06:35:58,62,34.34917935738078,35.11383603280174,True
130,5,2019-06-12 05:35:58,63,34.35611348155421,35.10979919760351,True
130,5,2019-06-12 04:35:58,64,34.36036574856464,35.10293370321293,True
130,5,2019-06-12 03:35:58,65,34.36448139083085,35.09478683221318,True
130,5,2019-06-12 02:35:58,66,34.367866416841,35.08629827673706,True
130,5,2019-06-12 01:35:58,67,34.370097675271225,35.08240236030831,True
130,5,2019-06-12 00:35:58,68,34.37202601145799,35.07708097753071,True
130,5,2019-06-11 23:35:58,69,34.37196448059197,35.07159058073033,True
130,5,2019-06-11 22:35:58,70,34.37326187037212,35.069087740137704,True
130,5,2019-06-11 21:35:58,71,34.37362340845663,35.0628150443112,True
130,5,2019-06-11 20:35:58,72,34.37463067449968,35.0594726625908,True
168,0,2019-06-14 20:35:58,0,34.071834,35.26012,True
168,0,2019-06-14 19:35:58,1,34.07654093572218,35.26118864877449,True
168,0,2019-06-14 18:35:58,2,34.08334743133586,35.26352034451717,True
168,0,2019-06-14 17:35:58,3,34.08847045908373,35.264462641952484,True
168,0,2019-06-14 16:35:58,4,34.09466316650991,35.26408568480525,True
168,0,2019-06-14 15:35:58,5,34.09948084631647,35.2675758601912,True
168,0,2019-06-14 14:35:58,6,34.106093202028696,35.269229441427484,True
168,0,2019-06-14 13:35:58,7,34.11134350487998,35.268961704339326,True
168,0,2019-06-14 12:35:58,8,34.11443603184872,35.26669789769822,True
168,0,2019-06-14 11:35:58,9,34.12058146531699,35.26696928697732,True
168,0,2019-06-14 10:35:58,10,34.12605298642073,35.26515203138005,True
168,0,2019-06-14 09:35:58,11,34.13081378593765,35.265717204423794,True
168,0,2019-06-14 08:35:58,12,34.137723864888365,35.264860719503005,True
168,0,2019-06-14 07:35:58,13,34.14430183261607,35.265446239675235,True
168,0,2019-06-14 06:35:58,14,34.15090293695389,35.26640405136091,True
168,0,2019-06-14 05:35:58,15,34.15668375252172,35.261955772124594,True
168,0,2019-06-14 04:35:58,16,34.160120450082445,35.261257307927856,True
168,0,2019-06-14 03:35:58,17,34.16352243177857,35.25846341572901,True
168,0,2019-06-14 02:35:58,18,34.164434472492474,35.256804166829944,True
168,0,2019-06-14 01:35:58,19,34.164325885212904,35.2523909202453,True
168,0,2019-06-14 00:35:58,20,34.16424627681705,35.25066786034323,True
168,0,2019-06-13 23:35:58,21,34.16611500282857,35.249920481507566,True
168,0,2019-06-13 22:35:58,22,34.167007522152666,35.2541074649857,True
168,0,2019-06-13 21:35:58,23,34.166909176191204,35.25864351306065,True
168,0,2019-06-13 20:35:58,24,34.1708383771177,35.260693640686455,True
168,0,2019-06-13 19:35:58,25,34.17697839237628,35.26750366126348,True
168,0,2019-06-13 18:35:58,26,34.18457659509594,35.27032972417875,True
168,0,2019-06-13 17:35:58,27,34.191908079863744,35.272457272087166,True
168,0,2019-06-13 16:35:58,28,34.20093356133284,35.26931888135181,True
168,0,2019-06-13 15:35:58,29,34.21001631643903,35.26787492717958,True
168,0,2019-06-13 14:35:58,30,34.22005088540645,35.26376314272799,True
168,0,2019-06-13 13:35:58,31,34.23092697451928,35.257538760824346,True
168,0,2019-06-13 12:35:58,32,34.2401787760567,35.24758883478478,True
168,0,2019-06-13 11:35:58,33,34.247611063292,35.23635519144913,True
168,0,2019-06-13 10:35:58,34,34.25122443441854,35.22686306078763,True
168,0,2019-06-13 09:35:58,35,34.25653579547367,35.21891245572491,True
168,0,2019-06-13 08:35:58,36,34.259192367178,35.20995970199122,True
168,0,2019-06-13 07:35:58,37,34.26198911715987,35.204282980296405,True
168,0,2019-06-13 06:35:58,38,34.263980818794124,35.19789003833153,True
168,0,2019-06-13 05:35:58,39,34.267061709913186,35.19336025712242,True
168,0,2019-06-13 04:35:58,40,34.2693489610009,35.189389462285426,True
168,0,2019-06-13 03:35:58,41,34.272806236839955,35.186999341872664,True
168,0,2019-06-13 02:35:58,42,34.278544734470614,35.18683233063801,True
168,0,2019-06-13 01:35:58,43,34.28234016830572,35.184114617155814,True
168,0,2019-06-13 00:35:58,44,34.287050385381576,35.18018065564055,True
168,0,2019-06-12 23:35:58,45,34.2919126776037,35.17295111796347,True
168,0,2019-06-12 22:35:58,46,34.298163890591475,35.17089706322133,True
168,0,2019-06-12 21:35:58,47,34.305440303556445,35.16950503137598,True
168,0,2019-06-12 20:35:58,48,34.315112984402056,35.16260861085284,True
168,0,2019-06-12 19:35:58,49,34.32095972829967,35.15580363312772,True
168,0,2019-06-12 18:35:58,50,34.33014049323503,35.14900787696866,True
168,0,2019-06-12 17:35:58,51,34.33598011201121,35.141146310430564,True
168,0,2019-06-12 16:35:58,52,34.34144200252232,35.13303444230629,True
168,0,2019-06-12 15:35:58,53,34.349850021375026,35.1264987530623,True
168,0,2019-06-12 14:35:58,54,34.35401291019414,35.114954765796156,True
168,0,2019-06-12 13:35:58,55,34.357554995360346,35.10303354499782,True
168,0,2019-06-12 12:35:58,56,34.36040275989197,35.0948283233812,True
168,0,2019-06-12 11:35:58,57,34.362414588549456,35.0859372168172,True
168,0,2019-06-12 10:35:58,58,34.365475471370026,35.08148412501837,True
168,0,2019-06-12 09:35:58,59,34.367315156928775,35.07464447530309,True
168,0,2019-06-12 08:35:58,60,34.369395384472064,35.0711386485844,True
168,0,2019-06-12 07:35:58,61,34.37589121385925,35.06576233757844,True
168,0,2019-06-12 06:35:58,62,34.380966673337056,35.06137346271635,True
168,0,2019-06-12 05:35:58,63,34.38889822186839,35.054310189815126,True
168,0,2019-06-12 04:35:58,64,34.39500757351987,35.045653337313595,True
168,0,2019-06-12 03:35:58,65,34.39895569994767,35.03919373089772,True
168,0,2019-06-12 02:35:58,66,34.40128708951276,35.03288669623416,True
168,0,2019-06-12 01:35:58,67,34.40311315629284,35.02651819959403,True
168,0,2019-06-12 00:35:58,68,34.40598186418027,35.021418760822165,True
168,0,2019-06-11 23:35:58,69,34.407426545014125,35.01967469882633,True
168,0,2019-06-11 22:35:58,70,34.4096111534563,35.015890753134755,True
168,0,2019-06-11 21:35:58,71,34.4109927778602,35.013292883767456,True
168,0,2019-06-11 20:35:58,72,34.412113931356004,35.00985545811083,True
168,1,2019-06-14 20:35:58,0,34.071834,35.26012,True
168,1,2019-06-14 19:35:58,1,34.07711429933804,35.26317513998016,True
168,1,2019-06-14 18:35:58,2,34.08257070454605,35.26558746688682,True
168,1,2019-06-14 17:35:58,3,34.089064567654944,35.269642836753476,True
168,1,2019-06-14 16:35:58,4,34.09359030261579,35.27106315848484,True
168,1,2019-06-14 15:35:58,5,34.100145749975816,35.26948399513393,True
168,1,2019-06-14 14:35:58,6,34.10624621777256,35.26949835907024,True
168,1,2019-06-14 13:35:58,7,34.10922428851225,35.267828894625225,True
168,1,2019-06-14 12:35:58,8,34.11445555568626,35.26560352781588,True
168,1,2019-06-14 11:35:58,9,34.11847745408536,35.26687749679088,True
168,1,2019-06-14 10:35:58,10,34.120588602116804,35.263718967248494,True
168,1,2019-06-14 09:35:58,11,34.12449892016604,35.262129734826644,True
168,1,2019-06-14 08:35:58,12,34.126946097440324,35.26303925689847,True
168,1,2019-06-14 07:35:58,13,34.13057421401189,35.25943245892276,True
168,1,2019-06-14 06:35:58,14,34.1351373151624,35.25585985607112,True
168,1,2019-06-14 05:35:58,15,34.137749203855286,35.25367676569267,True
168,1,2019-06-14 04:35:58,16,34.14203266060096,35.24875982065461,True
168,1,2019-06-14 03:35:58,17,34.143382031578945,35.24784152253328,True
168,1,2019-06-14 02:35:58,18,34.14246237366614,35.24667438137392,True
168,1,2019-06-14 01:35:58,19,34.14160735068694,35.24824446556251,True
168,1,2019-06-14 00:35:58,20,34.140609222404585,35.248213133936254,True
168,1,2019-06-13 23:35:58,21,34.141228645239956,35.25069709520839,True
168,1,2019-06-13 22:35:58,22,34.1434960030201,35.25587682352731,True
168,1,2019-06-13 21:35:58,23,34.14741924284181,35.26275394622492,True
168,1,2019-06-13 20:35:58,24,34.14918299586863,35.268840749371854,True
168,1,2019-06-13 19:35:58,25,34.152703549881046,35.277265013741314,True
168,1,2019-06-13 18:35:58,26,34.157356218344354,35.282036863523615,True
168,1,2019-06-13 17:35:58,27,34.16371026114494,35.284693439009594,True
168,1,2019-06-13 16:35:58,28,34.17167154162718,35.28458820599052,True
168,1,2019-06-13 15:35:58,29,34.18020978987094,35.282145885747546,True
168,1,2019-06-13 14:35:58,30,34.18683502819448,35.27591648029598,True
168,1,2019-06-13 13:35:58,31,34.19476148185543,35.27114103202725,True
168,1,2019-06-13 12:35:58,32,34.201168263125346,35.26261382141789,True
168,1,2019-06-13 11:35:58,33,34.20441738307546,35.25169755795015,True
168,1,2019-06-13 10:35:58,34,34.211684287889334,35.23884634978885,True
168,1,2019-06-13 09:35:58,35,34.214871411167955,35.23193120286377,True
168,1,2019-06-13 08:35:58,36,34.21538765132464,35.22487238311315,True
168,1,2019-06-13 07:35:58,37,34.2175290806805,35.21770687341883,True
168,1,2019-06-13 06:35:58,38,34.218757522913805,35.21051125220291,True
168,1,2019-06-13 05:35:58,39,34.218607364552945,35.20493217151671,True
168,1,2019-06-13 04:35:58,40,34.2203323945608,35.20127437909149,True
168,1,2019-06-13 03:35:58,41,34.21989142897187,35.19592593718719,True
168,1,2019-06-13 02:35:58,42,34.22243815933409,35.19255595936897,True
168,1,2019-06-13 01:35:58,43,34.22392906229125,35.18977525930609,True
168,1,2019-06-13 00:35:58,44,34.226993363037906,35.18724931580833,True
168,1,2019-06-12 23:35:58,45,34.22975493440145,35.186308345490104,True
168,1,2019-06-12 22:35:58,46,34.23389235344182,35.18561998384274,True
168,1,2019-06-12 21:35:58,47,34.239940067157654,35.185067125487315,True
168,1,2019-06-12 20:35:58,48,34.2436864608927,35.18190514611127,True
168,1,2019-06-12 19:35:58,49,34.250015104157654,35.18103109132482,True
168,1,2019-06-12 18:35:58,50,34.25678088092371,35.17647834231954,True
168,1,2019-06-12 17:35:58,51,34.266618449707366,35.171685962372976,True
168,1,2019-06-12 16:35:58,52,34.27425470706718,35.1635531813604,True
168,1,2019-06-12 15:35:58,53,34.281076430722266,35.156166087024765,True
168,1,2019-06-12 14:35:58,54,34.286944850681465,35.14555350597155,True
168,1,2019-06-12 13:35:58,55,34.292156608900044,35.13764880041323,True
168,1,2019-06-12 12:35:58,56,34.29730171711104,35.128512063262775,True
168,1,2019-06-12 11:35:58,57,34.300495817469766,35.11576654839954,True
168,1,2019-06-12 10:35:58,58,34.30325527287835,35.10647010105896,True
168,1,2019-06-12 09:35:58,59,34.31027686732709,35.09821750810254,True
168,1,2019-06-12 08:35:58,60,34.31790613536912,35.09048646953868,True
168,1,2019-06-12 07:35:58,61,34.321228184423646,35.08594284858755,True
168,1,2019-06-12 06:35:58,62,34.32729861988691,35.08262907256489,True
168,1,2019-06-12 05:35:58,63,34.32998764667036,35.07573357377293,True
168,1,2019-06-12 04:35:58,64,34.331774311944656,35.06955272824604,True
168,1,2019-06-12 03:35:58,65,34.33601136262655,35.0638861118233,True
168,1,2019-06-12 02:35:58,66,34.33884754237245,35.05823687609696,True
168,1,2019-06-12 01:35:58,67,34.34070548061917,35.05045120403369,True
168,1,2019-06-12 00:35:58,68,34.34408337587055,35.042952069080584,True
168,1,2019-06-11 23:35:58,69,34.34274449389173,35.03986848860593,True
168,1,2019-06-11 22:35:58,70,34.342740398200334,35.03834221580503,True
168,1,2019-06-11 21:35:58,71,34.34226957117897,35.03883616897789,True
168,1,2019-06-11 20:35:58,72,34.341677355088564,35.0389897702231,True
168,2,2019-06-14 20:35:58,0,34.071834,35.26012,True
168,2,2019-06-14 19:35:58,1,34.07673042155135,35.262390962356335,True
168,2,2019-06-14 18:35:58,2,34.08215436136437,35.26869821185044,True
168,2,2019-06-14 17:35:58,3,34.08868715748539,35.2715214939037,True
168,2,2019-06-14 16:35:58,4,34.09631399099624,35.272047565821985,True
168,2,2019-06-14 15:35:58,5,34.10164880635283,35.271510543157035,True
168,2,2019-06-14 14:35:58,6,34.107493253211906,35.27035438660003,True
168,2,2019-06-14 13:35:58,7,34.11275888314928,35.27058223052187,True
168,2,2019-06-14 12:35:58,8,34.1163000216174,35.272107381525075,True
168,2,2019-06-14 11:35:58,9,34.12225085964468,35.27073916981372,True
168,2,2019-06-14 10:35:58,10,34.128461510542046,35.26964456194531,True
168,2,2019-06-14 09:35:58,11,34.13110064140071,35.264077498930405,True
168,2,2019-06-14 08:35:58,12,34.13690542408641,35.266115099546106,True
168,2,2019-06-14 07:35:58,13,34.14244480625593,35.2612881625027,True
168,2,2019-06-14 06:35:58,14,34.148321041693436,35.258460322524876,True
168,2,2019-06-14 05:35:58,15,34.15453216371289,35.25735179676786,True
168,2,2019-06-14 04:35:58,16,34.15820900191342,35.25355718372059,True
168,2,2019-06-14 03:35:58,17,34.16275715584433,35.248544001639495,True
168,2,2019-06-14 02:35:58,18,34.164051491984246,35.24231897758681,True
168,2,2019-06-14 01:35:58,19,34.16444667774033,35.23714880981034,True
168,2,2019-06-14 00:35:58,20,34.16384827356515,35.2345544618065,True
168,2,2019-06-13 23:35:58,21,34.163725582708814,35.23614095905639,True
168,2,2019-06-13 22:35:58,22,34.167251614478175,35.2380002524062,True
168,2,2019-06-13 21:35:58,23,34.168411670063485,35.240010261866644,True
168,2,2019-06-13 20:35:58,24,34.17232155872896,35.24438629190137,True
168,2,2019-06-13 19:35:58,25,34.17890161171614,35.25022278231744,True
168,2,2019-06-13 18:35:58,26,34.18633153425001,35.254136852824985,True
168,2,2019-06-13 17:35:58,27,34.19485389190333,35.256383625499886,True
168,2,2019-06-13 16:35:58,28,34.202497884174484,35.2546793181842,True
168,2,2019-06-13 15:35:58,29,34.21144867160829,35.251361084694814,True
168,2,2019-06-13 14:35:58,30,34.21829808073706,35.243912534688164,True
168,2,2019-06-13 13:35:58,31,34.22578122694521,35.23627723850654,True
168,2,2019-06-13 12:35:58,32,34.23524368212613,35.22708846825656,True
168,2,2019-06-13 11:35:58,33,34.242425701946374,35.21593507227931,True
168,2,2019-06-13 10:35:58,34,34.248266359662864,35.20399358050373,True
168,2,2019-06-13 09:35:58,35,34.25239800647764,35.195655869563296,True
168,2,2019-06-13 08:35:58,36,34.257211227092164,35.18881458340387,True
168,2,2019-06-13 07:35:58,37,34.25943561509417,35.17883274173103,True
168,2,2019-06-13 06:35:58,38,34.2610747801931,35.17082626932129,True
168,2,2019-06-13 05:35:58,39,34.264370061962914,35.16682311063332,True
168,2,2019-06-13 04:35:58,40,34.26824701494808,35.15899602998933,True
168,2,2019-06-13 03:35:58,41,34.2735350799884,35.15379885358533,True
168,2,2019-06-13 02:35:58,42,34.27422693304689,35.14790100402383,True
168,2,2019-06-13 01:35:58,43,34.28065393695748,35.14175793083794,True
168,2,2019-06-13 00:35:58,44,34.28740180781847,35.13289112484699,True
168,2,2019-06-12 23:35:58,45,34.29396197291315,35.13133676517101,True
168,2,2019-06-12 22:35:58,46,34.30025984342421,35.12780064721095,True
168,2,2019-06-12 21:35:58,47,34.30740829571135,35.118560024808495,True
168,2,2019-06-12 20:35:58,48,34.31314922987741,35.109361464511494,True
168,2,2019-06-12 19:35:58,49,34.3192330035465,35.100215138287496,True
168,2,2019-06-12 18:35:58,50,34.32458963696282,35.091961074898045,True
168,2,2019-06-12 17:35:58,51,34.33009386211929,35.08603674760511,True
168,2,2019-06-12 16:35:58,52,34.33444600631223,35.0766560321796,True
168,2,2019-06-12 15:35:58,53,34.33946396061595,35.070366514689304,True
168,2,2019-06-12 14:35:58,54,34.34267137653074,35.06237022671448,True
168,2,2019-06-12 13:35:58,55,34.34617464250678,35.05313733435186,True
168,2,2019-06-12 12:35:58,56,34.34958990666116,35.044965637673236,True
168,2,2019-06-12 11:35:58,57,34.351750896700814,35.0351232577874,True
168,2,2019-06-12 10:35:58,58,34.352745140230574,35.02288392399769,True
168,2,2019-06-12 09:35:58,59,34.355620792026656,35.013916231873985,True
168,2,2019-06-12 08:35:58,60,34.35852513837036,35.00604188670957,True
168,2,2019-06-12 07:35:58,61,34.36537357142553,34.99936640661384,True
168,2,2019-06-12 06:35:58,62,34.369692842093066,34.99267750386029,True
168,2,2019-06-12 05:35:58,63,34.37048276853835,34.9853469049856,True
168,2,2019-06-12 04:35:58,64,34.37172755287044,34.97657822762465,True
168,2,2019-06-12 03:35:58,65,34.37260235832481,34.96959083678612,True
168,2,2019-06-12 02:35:58,66,34.37227787349076,34.96352435151987,True
168,2,2019-06-12 01:35:58,67,34.370395840227204,34.957216326977615,True
168,2,2019-06-12 00:35:58,68,34.369770802774525,34.95008229194342,True
168,2,2019-06-11 23:35:58,69,34.369535206720144,34.94591191224136,True
168,2,2019-06-11 22:35:58,70,34.36596003540171,34.94430248992237,True
168,2,2019-06-11 21:35:58,71,34.36586612285908,34.94099325442651,True
168,2,2019-06-11 20:35:58,72,34.36349360001507,34.94119367757161,True
168,3,2019-06-14 20:35:58,0,34.071834,35.26012,True
168,3,2019-06-14 19:35:58,1,34.077602071486595,35.26203653600872,True
168,3,2019-06-14 18:35:58,2,34.08064336513279,35.263497074352635,True
168,3,2019-06-14 17:35:58,3,34.086205863581554,35.268381652799214,True
168,3,2019-06-14 16:35:58,4,34.091007982102774,35.26784849121608,True
168,3,2019-06-14 15:35:58,5,34.09682124597305,35.26572727087979,True
168,3,2019-06-14 14:35:58,6,34.10257530897036,35.26555502061759,True
168,3,2019-06-14 13:35:58,7,34.107220821736384,35.265976928242345,True
168,3,2019-06-14 12:35:58,8,34.11339942055312,35.264752064081016,True
168,3,2019-06-14 11:35:58,9,34.11868358593473,35.26392385643949,True
168,3,2019-06-14 10:35:58,10,34.123261641951224,35.261029214803145,True
168,3,2019-06-14 09:35:58,11,34.12971427580774,35.25924621372012,True
168,3,2019-06-14 08:35:58,12,34.13275490384398,35.25978031309631,True
168,3,2019-06-14 07:35:58,13,34.14059486967899,35.2588501885542,True
168,3,2019-06-14 06:35:58,14,34.145904503885994,35.25728718866328,True
168,3,2019-06-14 05:35:58,15,34.153111944747344,35.254231609907166,True
168,3,2019-06-14 04:35:58,16,34.15855980992494,35.254138109206785,True
168,3,2019-06-14 03:35:58,17,34.1630390261179,35.25345646834203,True
168,3,2019-06-14 02:35:58,18,34.165755868309255,35.252131034201426,True
168,3,2019-06-14 01:35:58,19,34.16525367724489,35.251642847149014,True
168,3,2019-06-14 00:35:58,20,34.1666035780183,35.25171460306453,True
168,3,2019-06-13 23:35:58,21,34.16786508531483,35.251106699635734,True
168,3,2019-06-13 22:35:58,22,34.167041646903236,35.2549606146429,True
168,3,2019-06-13 21:35:58,23,34.17071679436007,35.25927478428714,True
168,3,2019-06-13 20:35:58,24,34.17403369077516,35.26559883453937,True
168,3,2019-06-13 19:35:58,25,34.17995073734791,35.2702928127863,True
168,3,2019-06-13 18:35:58,26,34.18684351084561,35.27238318202764,True
168,3,2019-06-13 17:35:58,27,34.19477006297946,35.275732164036775,True
168,3,2019-06-13 16:35:58,28,34.20383439817634,35.2783973552218,True
168,3,2019-06-13 15:35:58,29,34.214207516930685,35.27583727854548,True
168,3,2019-06-13 14:35:58,30,34.22366593261946,35.27136651176705,True
168,3,2019-06-13 13:35:58,31,34.234176811244026,35.26470552806125,True
168,3,2019-06-13 12:35:58,32,34.244169563569606,35.25877410298557,True
168,3,2019-06-13 11:35:58,33,34.25210712749794,35.248844927739334,True
168,3,2019-06-13 10:35:58,34,34.25605718328318,35.23748309045752,True
168,3,2019-06-13 09:35:58,35,34.262686290735765,35.2255027018749,True
168,3,2019-06-13 08:35:58,36,34.266438732970194,35.215899966640634,True
168,3,2019-06-13 07:35:58,37,34.2697807882393,35.20832747435036,True
168,3,2019-06-13 06:35:58,38,34.27125318335831,35.20043351177552,True
168,3,2019-06-13 05:35:58,39,34.27252771771867,35.19798043757186,True
168,3,2019-06-13 04:35:58,40,34.27233741940828,35.19308975279573,True
168,3,2019-06-13 03:35:58,41,34.276282517905535,35.18924917459856,True
168,3,2019-06-13 02:35:58,42,34.278476836368604,35.186107753428665,True
168,3,2019-06-13 01:35:58,43,34.28136332684527,35.18154219189767,True
168,3,2019-06-13 00:35:58,44,34.28664784364682,35.177590945369154,True
168,3,2019-06-12 23:35:58,45,34.2937487512136,35.16970997372681,True
168,3,2019-06-12 22:35:58,46,34.299030632052386,35.16443791791009,True
168,3,2019-06-12 21:35:58,47,34.3049167596609,35.1576024584952,True
168,3,2019-06-12 20:35:58,48,34.31180139139173,35.1527548047012,True
168,3,2019-06-12 19:35:58,49,34.317893112444736,35.145848553482644,True
168,3,2019-06-12 18:35:58,50,34.32527665849497,35.14195867775008,True
168,3,2019-06-12 17:35:58,51,34.33289376528635,35.135750721535544,True
168,3,2019-06-12 16:35:58,52,34.3371155028821,35.130490537562885,True
168,3,2019-06-12 15:35:58,53,34.342883582992464,35.11867867207824,True
168,3,2019-06-12 14:35:58,54,34.34752425278244,35.10968520949145,True
168,3,2019-06-12 13:35:58,55,34.35047786968224,35.101997739194616,True
168,3,2019-06-12 12:35:58,56,34.35446799124963,35.09250553233594,True
168,3,2019-06-12 11:35:58,57,34.3550722608567,35.08448835371946,True
168,3,2019-06-12 10:35:58,58,34.35513327281549,35.07789136957873,True
168,3,2019-06-12 09:35:58,59,34.359127902899495,35.069437073977134,True
168,3,2019-06-12 08:35:58,60,34.36092512055086,35.06321332182231,True
168,3,2019-06-12 07:35:58,61,34.36197066198376,35.05519652190042,True
168,3,2019-06-12 06:35:58,62,34.367990083517405,35.048982060398174,True
168,3,2019-06-12 05:35:58,63,34.373929019153714,35.04184169998054,True
168,3,2019-06-12 04:35:58,64,34.3796022247272,35.03306323535242,True
168,3,2019-06-12 03:35:58,65,34.383036070961815,35.023498850472315,True
168,3,2019-06-12 02:35:58,66,34.38643095615838,35.016579837827415,True
168,3,2019-06-12 01:35:58,67,34.38797247790403,35.009852058894595,True
168,3,2019-06-12 00:35:58,68,34.385399546223674,35.00438647974296,True
168,3,2019-06-11 23:35:58,69,34.3875619799355,34.99859350271563,True
168,3,2019-06-11 22:35:58,70,34.388241418044124,34.99319857348727,True
168,3,2019-06-11 21:35:58,71,34.390219960966846,34.99190765261116,True
168,3,2019-06-11 20:35:58,72,34.387972261373136,34.98995161211029,True
168,4,2019-06-14 20:35:58,0,34.071834,35.26012,True
168,4,2019-06-14 19:35:58,1,34.07518168472393,35.266042588079074,True
168,4,2019-06-14 18:35:58,2,34.07853828579223,35.270222583458064,True
168,4,2019-06-14 17:35:58,3,34.08458637407327,35.27434100511703,True
168,4,2019-06-14 16:35:58,4,34.0909041311204,35.279060712670045,True
168,4,2019-06-14 15:35:58,5,34.09728940938164,35.282507820994724,True
168,4,2019-06-14 14:35:58,6,34.10003572957497,35.28558434784214,True
168,4,2019-06-14 13:35:58,7,34.104670378529256,35.286194479965886,True
168,4,2019-06-14 12:35:58,8,34.1090913758963,35.285128771046445,True
168,4,2019-06-14 11:35:58,9,34.11471284705327,35.28327727859329,True
168,4,2019-06-14 10:35:58,10,34.11808922070978,35.284243088331635,True
168,4,2019-06-14 09:35:58,11,34.11988829954492,35.279280649709406,True
168,4,2019-06-14 08:35:58,12,34.1227465404106,35.27568230864067,True
168,4,2019-06-14 07:35:58,13,34.12834201507493,35.272464253406206,True
168,4,2019-06-14 06:35:58,14,34.13346316683868,35.27153131585696,True
168,4,2019-06-14 05:35:58,15,34.13839179662824,35.27150419078154,True
168,4,2019-06-14 04:35:58,16,34.14346147058428,35.268987882108554,True
168,4,2019-06-14 03:35:58,17,34.143814212003285,35.26670146901221,True
168,4,2019-06-14 02:35:58,18,34.14312224885094,35.26277307951915,True
168,4,2019-06-14 01:35:58,19,34.141780338831566,35.26417193327491,True
168,4,2019-06-14 00:35:58,20,34.14131547311141,35.26508253047271,True
168,4,2019-06-13 23:35:58,21,34.141786440433286,35.26786969780604,True
168,4,2019-06-13 22:35:58,22,34.14330634536607,35.269748501946594,True
168,4,2019-06-13 21:35:58,23,34.14480417072366,35.27583496813759,True
168,4,2019-06-13 20:35:58,24,34.1459415488444,35.279973873554056,True
168,4,2019-06-13 19:35:58,25,34.148819750646076,35.28631172703763,True
168,4,2019-06-13 18:35:58,26,34.15557629847885,35.29117734712515,True
168,4,2019-06-13 17:35:58,27,34.16422836846965,35.291999956692685,True
168,4,2019-06-13 16:35:58,28,34.17283418855251,35.291507434718284,True
168,4,2019-06-13 15:35:58,29,34.18112108824794,35.288387426728264,True
168,4,2019-06-13 14:35:58,30,34.191213840716294,35.28417891438389,True
168,4,2019-06-13 13:35:58,31,34.20001578840309,35.27869776729812,True
168,4,2019-06-13 12:35:58,32,34.20954593796557,35.26912299497526,True
168,4,2019-06-13 11:35:58,33,34.219829101639846,35.25989486039917,True
168,4,2019-06-13 10:35:58,34,34.22405866757813,35.25243806637201,True
168,4,2019-06-13 09:35:58,35,34.22829112242186,35.242468976509755,True
168,4,2019-06-13 08:35:58,36,34.230073629717644,35.23330429854279,True
168,4,2019-06-13 07:35:58,37,34.231577588961635,35.227360401761004,True
168,4,2019-06-13 06:35:58,38,34.23566747508193,35.222246808437596,True
168,4,2019-06-13 05:35:58,39,34.23714070488597,35.21513437401214,True
168,4,2019-06-13 04:35:58,40,34.238326191508406,35.21135116206925,True
168,4,2019-06-13 03:35:58,41,34.24236838371035,35.2043026449089,True
168,4,2019-06-13 02:35:58,42,34.243917476206256,35.19636757252098,True
168,4,2019-06-13 01:35:58,43,34.24832276002744,35.19727039779707,True
168,4,2019-06-13 00:35:58,44,34.252096042801874,35.19446566930409,True
168,4,2019-06-12 23:35:58,45,34.25669124803687,35.19015725305323,True
168,4,2019-06-12 22:35:58,46,34.26457018408848,35.186195004351106,True
168,4,2019-06-12 21:35:58,47,34.26906571630216,35.18238220296515,True
168,4,2019-06-12 20:35:58,48,34.27565213365606,35.18048184571757,True
168,4,2019-06-12 19:35:58,49,34.28364402919505,35.17389792779268,True
168,4,2019-06-12 18:35:58,50,34.29039829583033,35.16742747708396,True
168,4,2019-06-12 17:35:58,51,34.29748873004766,35.16112772690114,True
168,4,2019-06-12 16:35:58,52,34.30470331678069,35.152900803156356,True
168,4,2019-06-12 15:35:58,53,34.31217337628792,35.143495951182814,True
168,4,2019-06-12 14:35:58,54,34.31647830205788,35.134278564494274,True
168,4,2019-06-12 13:35:58,55,34.32069513571111,35.12212502878573,True
168,4,2019-06-12 12:35:58,56,34.32516759087255,35.1107519187202,True
168,4,2019-06-12 11:35:58,57,34.32897836415082,35.10129215292705,True
168,4,2019-06-12 10:35:58,58,34.3331227999169,35.090311897345565,True
168,4,2019-06-12 09:35:58,59,34.33609234897196,35.08564101390817,True
168,4,2019-06-12 08:35:58,60,34.34122911658822,35.07720018318728,True
168,4,2019-06-12 07:35:58,61,34.34469111611673,35.06838357089056,True
168,4,2019-06-12 06:35:58,62,34.34924251129918,35.0605168787394,True
168,4,2019-06-12 05:35:58,63,34.35414910145558,35.05354293629276,True
168,4,2019-06-12 04:35:58,64,34.35614800887961,35.04266947957551,True
168,4,2019-06-12 03:35:58,65,34.36097734878506,35.034504308451154,True
168,4,2019-06-12 02:35:58,66,34.36176275179083,35.02774969239519,True
168,4,2019-06-12 01:35:58,67,34.363066805973595,35.01835240501756,True
168,4,2019-06-12 00:35:58,68,34.36607567102075,35.00984356236439,True
168,4,2019-06-11 23:35:58,69,34.36765594403615,35.004191329484065,True
168,4,2019-06-11 22:35:58,70,34.36861711087914,34.998255007220855,True
168,4,2019-06-11 21:35:58,71,34.36860989802961,34.99520333410458,True
168,4,2019-06-11 20:35:58,72,34.371009333790155,34.995095542357475,True
168,5,2019-06-14 20:35:58,0,34.071834,35.26012,True
168,5,2019-06-14 19:35:58,1,34.0774760649235,35.26211916527275,True
168,5,2019-06-14 18:35:58,2,34.08529434410452,35.26174475369072,True
168,5,2019-06-14 17:35:58,3,34.09210576873556,35.26280198308805,True
168,5,2019-06-14 16:35:58,4,34.097182043187644,35.265704068434225,True
168,5,2019-06-14 15:35:58,5,34.101415606136364,35.26494933259129,True
168,5,2019-06-14 14:35:58,6,34.10379462007809,35.267604990404145,True
168,5,2019-06-14 13:35:58,7,34.10827086367933,35.268472250349916,True
168,5,2019-06-14 12:35:58,8,34.11266219485215,35.26772008665455,True
168,5,2019-06-14 11:35:58,9,34.11611950789088,35.267827380393726,True
168,5,2019-06-14 10:35:58,10,34.119889169073396,35.26425201810298,True
168,5,2019-06-14 09:35:58,11,34.12140130928394,35.263150194311095,True
168,5,2019-06-14 08:35:58,12,34.126862154796775,35.25963833392915,True
168,5,2019-06-14 07:35:58,13,34.131798438804694,35.25624688957273,True
168,5,2019-06-14 06:35:58,14,34.13452426337968,35.25259265784525,True
168,5,2019-06-14 05:35:58,15,34.13748790880186,35.249945248148045,True
168,5,2019-06-14 04:35:58,16,34.141347411765175,35.24614060132097,True
168,5,2019-06-14 03:35:58,17,34.14390576352164,35.24375093403167,True
168,5,2019-06-14 02:35:58,18,34.14295025332701,35.240551843095155,True
168,5,2019-06-14 01:35:58,19,34.14300430187027,35.239263559574596,True
168,5,2019-06-14 00:35:58,20,34.14306225618327,35.24241729977858,True
168,5,2019-06-13 23:35:58,21,34.1409956601603,35.24600869870309,True
168,5,2019-06-13 22:35:58,22,34.14299608183628,35.25019608159354,True
168,5,2019-06-13 21:35:58,23,34.14429630931401,35.2556365778069,True
168,5,2019-06-13 20:35:58,24,34.14469730036986,35.26471743317344,True
168,5,2019-06-13 19:35:58,25,34.148088442541415,35.26935276546562,True
168,5,2019-06-13 18:35:58,26,34.15683616236961,35.27309633414548,True
168,5,2019-06-13 17:35:58,27,34.16416034034862,35.27387514438667,True
168,5,2019-06-13 16:35:58,28,34.17111682248493,35.27329455615315,True
168,5,2019-06-13 15:35:58,29,34.179911923727744,35.27412586335732,True
168,5,2019-06-13 14:35:58,30,34.18773977427289,35.268993339355525,True
168,5,2019-06-13 13:35:58,31,34.199127108972455,35.261048765592186,True
168,5,2019-06-13 12:35:58,32,34.20839176182059,35.253566252649165,True
168,5,2019-06-13 11:35:58,33,34.21660919891611,35.24500965128711,True
168,5,2019-06-13 10:35:58,34,34.22501634272217,35.23335313046003,True
168,5,2019-06-13 09:35:58,35,34.229346662946135,35.226024967699274,True
168,5,2019-06-13 08:35:58,36,34.232499823892205,35.216572934331914,True
168,5,2019-06-13 07:35:58,37,34.234775300123914,35.21043749853958,True
168,5,2019-06-13 06:35:58,38,34.23564237010092,35.203853733686834,True
168,5,2019-06-13 05:35:58,39,34.236077562647864,35.19872878350224,True
168,5,2019-06-13 04:35:58,40,34.23815742561578,35.192902824331405,True
168,5,2019-06-13 03:35:58,41,34.241467408798734,35.19020879866979,True
168,5,2019-06-13 02:35:58,42,34.24465135321236,35.18744541932026,True
168,5,2019-06-13 01:35:58,43,34.2481685526616,35.18650284701286,True
168,5,2019-06-13 00:35:58,44,34.25120243080866,35.18403514949128,True
168,5,2019-06-12 23:35:58,45,34.25677506383854,35.182978237134414,True
168,5,2019-06-12 22:35:58,46,34.260458829122854,35.1840437349894,True
168,5,2019-06-12 21:35:58,47,34.266101380913085,35.18068615951499,True
168,5,2019-06-12 20:35:58,48,34.2715974751081,35.177351747901085,True
168,5,2019-06-12 19:35:58,49,34.277972445273804,35.17121489361848,True
168,5,2019-06-12 18:35:58,50,34.28496165489499,35.16664471325086,True
168,5,2019-06-12 17:35:58,51,34.2914450727958,35.1626607700023,True
168,5,2019-06-12 16:35:58,52,34.2956990922724,35.15786688967481,True
168,5,2019-06-12 15:35:58,53,34.30409779249017,35.15204401355995,True
168,5,2019-06-12 14:35:58,54,34.30891749174739,35.14070001476297,True
168,5,2019-06-12 13:35:58,55,34.315775520697706,35.13301434073341,True
168,5,2019-06-12 12:35:58,56,34.31850198310171,35.125255132512386,True
168,5,2019-06-12 11:35:58,57,34.32228292459978,35.114371609498924,True
168,5,2019-06-12 10:35:58,58,34.32656117118244,35.107900284466844,True
168,5,2019-06-12 09:35:58,59,34.32892332556632,35.1010008778656,True
168,5,2019-06-12 08:35:58,60,34.332005582509396,35.093687807841974,True
168,5,2019-06-12 07:35:58,61,34.337157555231386,35.08861454470843,True
168,5,2019-06-12 06:35:58,62,34.34095599358742,35.082011810748305,True
168,5,2019-06-12 05:35:58,63,34.345969750906356,35.078371532987134,True
168,5,2019-06-12 04:35:58,64,34.350920184365854,35.07127933539412,True
168,5,2019-06-12 03:35:58,65,34.353859634214416,35.064390700649916,True
168,5,2019-06-12 02:35:58,66,34.35587338847998,35.05615568117189,True
168,5,2019-06-12 01:35:58,67,34.3581760754905,35.04935073249556,True
168,5,2019-06-12 00:35:58,68,34.35761065071072,35.044339739146494,True
168,5,2019-06-11 23:35:58,69,34.35949151845233,35.0408069923825,True
168,5,2019-06-11 22:35:58,70,34.358570973660015,35.036859023235664,True
168,5,2019-06-11 21:35:58,71,34.360812960296904,35.03599194040749,True
168,5,2019-06-11 20:35:58,72,34.36284054323014,35.03351646917658,True
172,0,2019-06-14 20:35:58,0,34.071834,35.261869,True
172,0,2019-06-14 19:35:58,1,34.07593836539987,35.26399392315962,True
172,0,2019-06-14 18:35:58,2,34.082100570009075,35.2671559305355,True
172,0,2019-06-14 17:35:58,3,34.088591530649786,35.27142335731098,True
172,0,2019-06-14 16:35:58,4,34.095638369457596,35.27113451535317,True
172,0,2019-06-14 15:35:58,5,34.10264004384651,35.270758010320904,True
172,0,2019-06-14 14:35:58,6,34.10540368192131,35.271995328543774,True
172,0,2019-06-14 13:35:58,7,34.10864540359318,35.272116047346046,True
172,0,2019-06-14 12:35:58,8,34.11162667060054,35.272262934295185,True
172,0,2019-06-14 11:35:58,9,34.115691095638944,35.27217835786088,True
172,0,2019-06-14 10:35:58,10,34.120840499736936,35.26938078581025,True
172,0,2019-06-14 09:35:58,11,34.12580635556486,35.26786284532136,True
172,0,2019-06-14 08:35:58,12,34.13399055288793,35.26654477925221,True
172,0,2019-06-14 07:35:58,13,34.13868011334083,35.26521090376443,True
172,0,2019-06-14 06:35:58,14,34.144755007934236,35.2644287207961,True
172,0,2019-06-14 05:35:58,15,34.14985587744629,35.26222964485719,True
172,0,2019-06-14 04:35:58,16,34.15526220623136,35.26063176413317,True
172,0,2019-06-14 03:35:58,17,34.159077024394655,35.257450779898996,True
172,0,2019-06-14 02:35:58,18,34.15929949568388,35.25357435057189,True
172,0,2019-06-14 01:35:58,19,34.15944241414049,35.25178587605691,True
172,0,2019-06-14 00:35:58,20,34.15759923569459,35.25199363842441,True
172,0,2019-06-13 23:35:58,21,34.155586261048526,35.25299445680632,True
172,0,2019-06-13 22:35:58,22,34.15425790811251,35.25674167975852,True
172,0,2019-06-13 21:35:58,23,34.156639600409115,35.26022928033112,True
172,0,2019-06-13 20:35:58,24,34.16246447661866,35.26516485795834,True
172,0,2019-06-13 19:35:58,25,34.16786761016214,35.27172839417743,True
172,0,2019-06-13 18:35:58,26,34.172930947302106,35.27544288584259,True
172,0,2019-06-13 17:35:58,27,34.17843319352399,35.27841233020737,True
172,0,2019-06-13 16:35:58,28,34.18578726610462,35.278003287812936,True
172,0,2019-06-13 15:35:58,29,34.193719150023824,35.27795869769802,True
172,0,2019-06-13 14:35:58,30,34.20469831736026,35.27455774178357,True
172,0,2019-06-13 13:35:58,31,34.21155702939264,35.26615448363421,True
172,0,2019-06-13 12:35:58,32,34.22124652388076,35.25889342587271,True
172,0,2019-06-13 11:35:58,33,34.229283557209,35.25058810074057,True
172,0,2019-06-13 10:35:58,34,34.23607780713666,35.24118501906275,True
172,0,2019-06-13 09:35:58,35,34.24186596797578,35.23282554020979,True
172,0,2019-06-13 08:35:58,36,34.24538467305487,35.225351922457406,True
172,0,2019-06-13 07:35:58,37,34.24951695905483,35.21847761200306,True
172,0,2019-06-13 06:35:58,38,34.2526303723706,35.21180463611245,True
172,0,2019-06-13 05:35:58,39,34.25521023495409,35.205956426942656,True
172,0,2019-06-13 04:35:58,40,34.26036473487817,35.19955357088947,True
172,0,2019-06-13 03:35:58,41,34.26398421087467,35.1964499562288,True
172,0,2019-06-13 02:35:58,42,34.26790562866735,35.19420218410896,True
172,0,2019-06-13 01:35:58,43,34.2737838579093,35.19201184413346,True
172,0,2019-06-13 00:35:58,44,34.27770647743177,35.190554967324694,True
172,0,2019-06-12 23:35:58,45,34.28328720654065,35.186347553001674,True
172,0,2019-06-12 22:35:58,46,34.28825136918579,35.18730196208785,True
172,0,2019-06-12 21:35:58,47,34.29632706986634,35.18142032667792,True
172,0,2019-06-12 20:35:58,48,34.30193517376918,35.17745923878991,True
172,0,2019-06-12 19:35:58,49,34.30691562284668,35.17332974713781,True
172,0,2019-06-12 18:35:58,50,34.31539734498017,35.16844864575555,True
172,0,2019-06-12 17:35:58,51,34.32175148238045,35.16130194960384,True
172,0,2019-06-12 16:35:58,52,34.328658179171605,35.15050323024216,True
172,0,2019-06-12 15:35:58,53,34.33546626106161,35.14319794197399,True
172,0,2019-06-12 14:35:58,54,34.33970244786229,35.13297861515312,True
172,0,2019-06-12 13:35:58,55,34.34425539619269,35.12031350069677,True
172,0,2019-06-12 12:35:58,56,34.348192240320806,35.111179495804144,True
172,0,2019-06-12 11:35:58,57,34.35275410110223,35.10112693002746,True
172,0,2019-06-12 10:35:58,58,34.35643407188758,35.0931497110809,True
172,0,2019-06-12 09:35:58,59,34.361876255294874,35.08554924251754,True
172,0,2019-06-12 08:35:58,60,34.36706570649799,35.08162534859147,True
172,0,2019-06-12 07:35:58,61,34.371863607114385,35.075154198331916,True
172,0,2019-06-12 06:35:58,62,34.37761551508752,35.06854781431408,True
172,0,2019-06-12 05:35:58,63,34.382335795969205,35.06394841743131,True
172,0,2019-06-12 04:35:58,64,34.38789619382821,35.05883815152824,True
172,0,2019-06-12 03:35:58,65,34.39109054416927,35.055282284280786,True
172,0,2019-06-12 02:35:58,66,34.392958055747435,35.050406570015234,True
172,0,2019-06-12 01:35:58,67,34.396931334744046,35.04351855404026,True
172,0,2019-06-12 00:35:58,68,34.39854413855228,35.039598553547904,True
172,0,2019-06-11 23:35:58,69,34.40130209860917,35.03694323874615,True
172,0,2019-06-11 22:35:58,70,34.40304737786443,35.0318913062796,True
172,0,2019-06-11 21:35:58,71,34.40439270709371,35.03224013160758,True
172,0,2019-06-11 20:35:58,72,34.40411725297928,35.03018717874526,True
172,1,2019-06-14 20:35:58,0,34.071834,35.261869,True
172,1,2019-06-14 19:35:58,1,34.07799641346048,35.26307751843241,True
172,1,2019-06-14 18:35:58,2,34.084459801413026,35.265598268724865,True
172,1,2019-06-14 17:35:58,3,34.09091945264216,35.26741007566149,True
172,1,2019-06-14 16:35:58,4,34.09640953119145,35.269609237189044,True
172,1,2019-06-14 15:35:58,5,34.10248810341445,35.275570480185365,True
172,1,2019-06-14 14:35:58,6,34.10643206605416,35.273807097638766,True
172,1,2019-06-14 13:35:58,7,34.11119619830618,35.27374701823643,True
172,1,2019-06-14 12:35:58,8,34.114964848768125,35.27425318582374,True
172,1,2019-06-14 11:35:58,9,34.11902731800052,35.273483755017196,True
172,1,2019-06-14 10:35:58,10,34.12364945484094,35.272495657912444,True
172,1,2019-06-14 09:35:58,11,34.126373340385584,35.27092762946409,True
172,1,2019-06-14 08:35:58,12,34.13010101660314,35.26933658094786,True
172,1,2019-06-14 07:35:58,13,34.133719836038686,35.26590511126947,True
172,1,2019-06-14 06:35:58,14,34.13820563600453,35.26298453733944,True
172,1,2019-06-14 05:35:58,15,34.1427248535185,35.25762329778054,True
172,1,2019-06-14 04:35:58,16,34.14683619259037,35.25655710817589,True
172,1,2019-06-14 03:35:58,17,34.147936412714024,35.2539623138876,True
172,1,2019-06-14 02:35:58,18,34.149618607540106,35.25099415358309,True
172,1,2019-06-14 01:35:58,19,34.15153865213678,35.247746155984665,True
172,1,2019-06-14 00:35:58,20,34.15072486978275,35.25044899993965,True
172,1,2019-06-13 23:35:58,21,34.150687234401175,35.25152667649191,True
172,1,2019-06-13 22:35:58,22,34.150282542526135,35.25531008144339,True
172,1,2019-06-13 21:35:58,23,34.1506751823726,35.25998288979715,True
172,1,2019-06-13 20:35:58,24,34.15451243483675,35.26714512879236,True
172,1,2019-06-13 19:35:58,25,34.15944773736355,35.2768538687233,True
172,1,2019-06-13 18:35:58,26,34.16479766945406,35.283475974988534,True
172,1,2019-06-13 17:35:58,27,34.17178910390655,35.2859571445287,True
172,1,2019-06-13 16:35:58,28,34.183196215340324,35.2841255244625,True
172,1,2019-06-13 15:35:58,29,34.18867825217892,35.28325214880344,True
172,1,2019-06-13 14:35:58,30,34.19631235957436,35.28033457246411,True
172,1,2019-06-13 13:35:58,31,34.20270497812538,35.276909566031065,True
172,1,2019-06-13 12:35:58,32,34.20980717057702,35.26657959438972,True
172,1,2019-06-13 11:35:58,33,34.2168310910408,35.2552835919005,True
172,1,2019-06-13 10:35:58,34,34.22336646898002,35.24692285571925,True
172,1,2019-06-13 09:35:58,35,34.22564278347016,35.23582111834835,True
172,1,2019-06-13 08:35:58,36,34.22749172695338,35.224560315867805,True
172,1,2019-06-13 07:35:58,37,34.22844933859406,35.21458285175746,True
172,1,2019-06-13 06:35:58,38,34.23226052377561,35.20757457575035,True
172,1,2019-06-13 05:35:58,39,34.231776466213766,35.20113384822405,True
172,1,2019-06-13 04:35:58,40,34.22966952793395,35.196202982631405,True
172,1,2019-06-13 03:35:58,41,34.23035245493055,35.19297894212017,True
172,1,2019-06-13 02:35:58,42,34.231920268573326,35.18639739642127,True
172,1,2019-06-13 01:35:58,43,34.234320277102604,35.183048174436315,True
172,1,2019-06-13 00:35:58,44,34.23936001344503,35.18147184857634,True
172,1,2019-06-12 23:35:58,45,34.24385174111563,35.17531511968524,True
172,1,2019-06-12 22:35:58,46,34.247276467617375,35.17248284498336,True
172,1,2019-06-12 21:35:58,47,34.25144853370155,35.169754997294916,True
172,1,2019-06-12 20:35:58,48,34.258271039676785,35.16847598838123,True
172,1,2019-06-12 19:35:58,49,34.264777778582,35.16155968537978,True
172,1,2019-06-12 18:35:58,50,34.2689442725791,35.15596744345654,True
172,1,2019-06-12 17:35:58,51,34.27561074380184,35.150126180505495,True
172,1,2019-06-12 16:35:58,52,34.2828727849578,35.14592926114479,True
172,1,2019-06-12 15:35:58,53,34.28805204069885,35.13807630514814,True
172,1,2019-06-12 14:35:58,54,34.294050035580476,35.12506397297805,True
172,1,2019-06-12 13:35:58,55,34.295907033696544,35.11406511406548,True
172,1,2019-06-12 12:35:58,56,34.29950032967253,35.102068194500674,True
172,1,2019-06-12 11:35:58,57,34.30447484834561,35.09382903753164,True
172,1,2019-06-12 10:35:58,58,34.306576442051,35.086375279645424,True
172,1,2019-06-12 09:35:58,59,34.31138418821127,35.07778052081722,True
172,1,2019-06-12 08:35:58,60,34.31315866899805,35.072335783122696,True
172,1,2019-06-12 07:35:58,61,34.31888207245228,35.065509745103256,True
172,1,2019-06-12 06:35:58,62,34.32420006175089,35.059533968145345,True
172,1,2019-06-12 05:35:58,63,34.32878574422532,35.05133496366476,True
172,1,2019-06-12 04:35:58,64,34.331153008975974,35.04422553231341,True
172,1,2019-06-12 03:35:58,65,34.334171082567245,35.03686292812931,True
172,1,2019-06-12 02:35:58,66,34.337046348797045,35.028528404389,True
172,1,2019-06-12 01:35:58,67,34.33792799153821,35.02483946021033,True
172,1,2019-06-12 00:35:58,68,34.338673747008926,35.021036457538436,True
172,1,2019-06-11 23:35:58,69,34.33708162079312,35.01773053156993,True
172,1,2019-06-11 22:35:58,70,34.33728636239558,35.01478318003842,True
172,1,2019-06-11 21:35:58,71,34.33712550551241,35.00927626118548,True
172,1,2019-06-11 20:35:58,72,34.33757522555581,35.009867628603054,True
172,2,2019-06-14 20:35:58,0,34.071834,35.261869,True
172,2,2019-06-14 19:35:58,1,34.078338473359246,35.26737678840667,True
172,2,2019-06-14 18:35:58,2,34.08157247576771,35.26983835220263,True
172,2,2019-06-14 17:35:58,3,34.087713792581695,35.27354053187529,True
172,2,2019-06-14 16:35:58,4,34.09184959010569,35.27781691769538,True
172,2,2019-06-14 15:35:58,5,34.096674405697826,35.27893697358577,True
172,2,2019-06-14 14:35:58,6,34.10191127762023,35.280775931088264,True
172,2,2019-06-14 13:35:58,7,34.1045332644722,35.28035203580701,True
172,2,2019-06-14 12:35:58,8,34.109266711261576,35.282895379934,True
172,2,2019-06-14 11:35:58,9,34.11159410443815,35.280555441602026,True
172,2,2019-06-14 10:35:58,10,34.115690509,35.27693775495226,True
172,2,2019-06-14 09:35:58,11,34.120726485054064,35.277039828361524,True
172,2,2019-06-14 08:35:58,12,34.125944737416084,35.27692677426416,True
172,2,2019-06-14 07:35:58,13,34.130714302207,35.27396184818401,True
172,2,2019-06-14 06:35:58,14,34.13568277679984,35.27237460998906,True
172,2,2019-06-14 05:35:58,15,34.14016986479571,35.26861606065295,True
172,2,2019-06-14 04:35:58,16,34.14523095811536,35.26620066542662,True
172,2,2019-06-14 03:35:58,17,34.1489568581614,35.26112252795825,True
172,2,2019-06-14 02:35:58,18,34.150426643973105,35.25917343267695,True
172,2,2019-06-14 01:35:58,19,34.15158034604809,35.25720870322068,True
172,2,2019-06-14 00:35:58,20,34.15142783593276,35.25763150332474,True
172,2,2019-06-13 23:35:58,21,34.15361277565342,35.25965963954787,True
172,2,2019-06-13 22:35:58,22,34.153897125859714,35.26079688895501,True
172,2,2019-06-13 21:35:58,23,34.156877139239704,35.26522843153114,True
172,2,2019-06-13 20:35:58,24,34.15665299446871,35.269118215402365,True
172,2,2019-06-13 19:35:58,25,34.16248977128827,35.276500316725155,True
172,2,2019-06-13 18:35:58,26,34.16816263002875,35.27796628643584,True
172,2,2019-06-13 17:35:58,27,34.17588777902749,35.27991922954938,True
172,2,2019-06-13 16:35:58,28,34.1843537925709,35.28127721437426,True
172,2,2019-06-13 15:35:58,29,34.19401297444699,35.282174293555684,True
172,2,2019-06-13 14:35:58,30,34.2057092298251,35.27859233659061,True
172,2,2019-06-13 13:35:58,31,34.21532449271899,35.27146185749883,True
172,2,2019-06-13 12:35:58,32,34.22493944679044,35.263628929376836,True
172,2,2019-06-13 11:35:58,33,34.23350833643539,35.2512716252965,True
172,2,2019-06-13 10:35:58,34,34.24067007156133,35.24195664938027,True
172,2,2019-06-13 09:35:58,35,34.24495379835397,35.231529650337635,True
172,2,2019-06-13 08:35:58,36,34.248338823188895,35.2222765234396,True
172,2,2019-06-13 07:35:58,37,34.25228642676091,35.21510540004839,True
172,2,2019-06-13 06:35:58,38,34.255035711207796,35.20804997313735,True
172,2,2019-06-13 05:35:58,39,34.256806357307674,35.2026914966451,True
172,2,2019-06-13 04:35:58,40,34.260868118815,35.19380609783465,True
172,2,2019-06-13 03:35:58,41,34.26389823452173,35.190425616941596,True
172,2,2019-06-13 02:35:58,42,34.26503129590484,35.1837876658196,True
172,2,2019-06-13 01:35:58,43,34.26942075868802,35.18040160662483,True
172,2,2019-06-13 00:35:58,44,34.27449110552596,35.17691569077543,True
172,2,2019-06-12 23:35:58,45,34.279225165260314,35.1716961961342,True
172,2,2019-06-12 22:35:58,46,34.28613794272603,35.16572949224779,True
172,2,2019-06-12 21:35:58,47,34.29237052640208,35.15915362356396,True
172,2,2019-06-12 20:35:58,48,34.29804761754936,35.15308100839062,True
172,2,2019-06-12 19:35:58,49,34.30624712210006,35.149180813211984,True
172,2,2019-06-12 18:35:58,50,34.31267710242359,35.1433632370395,True
172,2,2019-06-12 17:35:58,51,34.31909870499485,35.1348480074656,True
172,2,2019-06-12 16:35:58,52,34.32470943584333,35.12885102832079,True
172,2,2019-06-12 15:35:58,53,34.331574924947034,35.12490724433064,True
172,2,2019-06-12 14:35:58,54,34.33584094726288,35.11540713401239,True
172,2,2019-06-12 13:35:58,55,34.33886487528746,35.105838717561014,True
172,2,2019-06-12 12:35:58,56,34.34119424268694,35.09676406298542,True
172,2,2019-06-12 11:35:58,57,34.34006115329123,35.08993153147423,True
172,2,2019-06-12 10:35:58,58,34.34341966588136,35.08227896683727,True
172,2,2019-06-12 09:35:58,59,34.34714901461437,35.07511474230437,True
172,2,2019-06-12 08:35:58,60,34.35141790242758,35.068726622157584,True
172,2,2019-06-12 07:35:58,61,34.35774055852873,35.06277021461106,True
172,2,2019-06-12 06:35:58,62,34.35852541813508,35.056883700574,True
172,2,2019-06-12 05:35:58,63,34.364323395415944,35.04819636884516,True
172,2,2019-06-12 04:35:58,64,34.36542178342148,35.04016811872063,True
172,2,2019-06-12 03:35:58,65,34.36776267888643,35.034683855593464,True
172,2,2019-06-12 02:35:58,66,34.37164515952041,35.0274516926602,True
172,2,2019-06-12 01:35:58,67,34.371831317074815,35.02194662366088,True
172,2,2019-06-12 00:35:58,68,34.37195886456223,35.017192508842086,True
172,2,2019-06-11 23:35:58,69,34.370659195735335,35.013199239398965,True
172,2,2019-06-11 22:35:58,70,34.369037982710985,35.01018162642707,True
172,2,2019-06-11 21:35:58,71,34.36774263160162,35.00509427253449,True
172,2,2019-06-11 20:35:58,72,34.36532029662342,35.00313159678506,True
172,3,2019-06-14 20:35:58,0,34.071834,35.261869,True
172,3,2019-06-14 19:35:58,1,34.07700052481507,35.26480201081017,True
172,3,2019-06-14 18:35:58,2,34.082500313319514,35.26562464877824,True
172,3,2019-06-14 17:35:58,3,34.08580958936312,35.266759403476975,True
172,3,2019-06-14 16:35:58,4,34.08748558517158,35.266827870676366,True
172,3,2019-06-14 15:35:58,5,34.093185222101575,35.26669764433722,True
172,3,2019-06-14 14:35:58,6,34.09951428248827,35.26649275801519,True
172,3,2019-06-14 13:35:58,7,34.104646099957385,35.26344391056963,True
172,3,2019-06-14 12:35:58,8,34.10957807943912,35.26489581171856,True
172,3,2019-06-14 11:35:58,9,34.11333886515208,35.26409550173468,True
172,3,2019-06-14 10:35:58,10,34.11653054549315,35.263997044461846,True
172,3,2019-06-14 09:35:58,11,34.12174828295336,35.26394862776571,True
172,3,2019-06-14 08:35:58,12,34.12852199170765,35.26114685426948,True
172,3,2019-06-14 07:35:58,13,34.13569281443051,35.26187053082703,True
172,3,2019-06-14 06:35:58,14,34.14006407795369,35.26010558764983,True
172,3,2019-06-14 05:35:58,15,34.14580764828537,35.261031069826345,True
172,3,2019-06-14 04:35:58,16,34.15133927226114,35.25884775987989,True
172,3,2019-06-14 03:35:58,17,34.15496604409659,35.254362108301564,True
172,3,2019-06-14 02:35:58,18,34.15806803148667,35.251247355341654,True
172,3,2019-06-14 01:35:58,19,34.16112280965961,35.24806896852228,True
172,3,2019-06-14 00:35:58,20,34.161621231713006,35.24819837540035,True
172,3,2019-06-13 23:35:58,21,34.16291176171203,35.2490679447208,True
172,3,2019-06-13 22:35:58,22,34.16557027268928,35.253163576126255,True
172,3,2019-06-13 21:35:58,23,34.16724059192018,35.25474103629555,True
172,3,2019-06-13 20:35:58,24,34.17175182730115,35.260716451225704,True
172,3,2019-06-13 19:35:58,25,34.17960908955499,35.264171695660295,True
172,3,2019-06-13 18:35:58,26,34.188155864378665,35.26729697758611,True
172,3,2019-06-13 17:35:58,27,34.195739629960535,35.26938833721676,True
172,3,2019-06-13 16:35:58,28,34.2054072162486,35.2709160162347,True
172,3,2019-06-13 15:35:58,29,34.21595175827135,35.26980398458719,True
172,3,2019-06-13 14:35:58,30,34.22324762109201,35.26505708492666,True
172,3,2019-06-13 13:35:58,31,34.23353052643572,35.257215983795476,True
172,3,2019-06-13 12:35:58,32,34.243102967094124,35.2514421451611,True
172,3,2019-06-13 11:35:58,33,34.253422322167125,35.24255608980567,True
172,3,2019-06-13 10:35:58,34,34.2624960567441,35.23414205477101,True
172,3,2019-06-13 09:35:58,35,34.26837040720377,35.22325491542472,True
172,3,2019-06-13 08:35:58,36,34.26967704838252,35.213967819558555,True
172,3,2019-06-13 07:35:58,37,34.273290380332504,35.20459256973106,True
172,3,2019-06-13 06:35:58,38,34.273881582010375,35.196691752979106,True
172,3,2019-06-13 05:35:58,39,34.275995602660316,35.189363138299356,True
172,3,2019-06-13 04:35:58,40,34.27927389704229,35.184516799680644,True
172,3,2019-06-13 03:35:58,41,34.283520825855135,35.17888956867203,True
172,3,2019-06-13 02:35:58,42,34.28652483078639,35.1711568833904,True
172,3,2019-06-13 01:35:58,43,34.28968751634137,35.16838911203487,True
172,3,2019-06-13 00:35:58,44,34.294714757886545,35.16417197753743,True
172,3,2019-06-12 23:35:58,45,34.300966371229336,35.159422361669215,True
172,3,2019-06-12 22:35:58,46,34.30589916698094,35.15177086593323,True
172,3,2019-06-12 21:35:58,47,34.312455139315446,35.14545687189445,True
172,3,2019-06-12 20:35:58,48,34.31971438350198,35.135845936687375,True
172,3,2019-06-12 19:35:58,49,34.32507210143455,35.12944621979481,True
172,3,2019-06-12 18:35:58,50,34.33150155984267,35.1238420864751,True
172,3,2019-06-12 17:35:58,51,34.33939839087772,35.117365265960835,True
172,3,2019-06-12 16:35:58,52,34.34457517527857,35.108402411147715,True
172,3,2019-06-12 15:35:58,53,34.349693573430216,35.099628409087494,True
172,3,2019-06-12 14:35:58,54,34.35415098103673,35.0911104260883,True
172,3,2019-06-12 13:35:58,55,34.35782766318824,35.08080941052404,True
172,3,2019-06-12 12:35:58,56,34.36238071702843,35.071928471917,True
172,3,2019-06-12 11:35:58,57,34.36493663133396,35.06408390318676,True
172,3,2019-06-12 10:35:58,58,34.36925934828315,35.05469694639524,True
172,3,2019-06-12 09:35:58,59,34.37304343147789,35.044869883668476,True
172,3,2019-06-12 08:35:58,60,34.37675062225846,35.03689890274756,True
172,3,2019-06-12 07:35:58,61,34.3807878956823,35.027386770217284,True
172,3,2019-06-12 06:35:58,62,34.38425665225007,35.019586727920995,True
172,3,2019-06-12 05:35:58,63,34.388817997437386,35.00875336707588,True
172,3,2019-06-12 04:35:58,64,34.39271905448429,35.00051824532717,True
172,3,2019-06-12 03:35:58,65,34.3947010713239,34.98984740979708,True
172,3,2019-06-12 02:35:58,66,34.39709121008921,34.982757229354284,True
172,3,2019-06-12 01:35:58,67,34.395338910968704,34.97696336830403,True
172,3,2019-06-12 00:35:58,68,34.39372305795443,34.97094233186749,True
172,3,2019-06-11 23:35:58,69,34.39377669570361,34.96624620420772,True
172,3,2019-06-11 22:35:58,70,34.39304304173981,34.965025178066455,True
172,3,2019-06-11 21:35:58,71,34.39400702908999,34.96145209126091,True
172,3,2019-06-11 20:35:58,72,34.39448552771835,34.959982775746596,True
172,4,2019-06-14 20:35:58,0,34.071834,35.261869,True
172,4,2019-06-14 19:35:58,1,34.077284528577216,35.2644011686263,True
172,4,2019-06-14 18:35:58,2,34.083615506865364,35.272477764434136,True
172,4,2019-06-14 17:35:58,3,34.08652223383375,35.273959197660105,True
172,4,2019-06-14 16:35:58,4,34.09024569663496,35.27779055513183,True
172,4,2019-06-14 15:35:58,5,34.095001123587856,35.27736536422963,True
172,4,2019-06-14 14:35:58,6,34.10102742038077,35.2774497394604,True
172,4,2019-06-14 13:35:58,7,34.10395388644414,35.27706550874066,True
172,4,2019-06-14 12:35:58,8,34.1064190776047,35.27934535130518,True
172,4,2019-06-14 11:35:58,9,34.11016172566607,35.27927294484436,True
172,4,2019-06-14 10:35:58,10,34.11465349555205,35.276600423141346,True
172,4,2019-06-14 09:35:58,11,34.11897347719899,35.27569126089233,True
172,4,2019-06-14 08:35:58,12,34.124374059776876,35.275415837348945,True
172,4,2019-06-14 07:35:58,13,34.129140061130535,35.27579958211643,True
172,4,2019-06-14 06:35:58,14,34.13464830045754,35.27391812322923,True
172,4,2019-06-14 05:35:58,15,34.137222752539344,35.27098632405653,True
172,4,2019-06-14 04:35:58,16,34.1418094232835,35.266051917848415,True
172,4,2019-06-14 03:35:58,17,34.14466303150213,35.262342569759106,True
172,4,2019-06-14 02:35:58,18,34.144300538416736,35.261623174447536,True
172,4,2019-06-14 01:35:58,19,34.14312041207235,35.26128537591263,True
172,4,2019-06-14 00:35:58,20,34.14279667369533,35.26034116885886,True
172,4,2019-06-13 23:35:58,21,34.141718550474195,35.26168349067714,True
172,4,2019-06-13 22:35:58,22,34.14156696659674,35.26900742044878,True
172,4,2019-06-13 21:35:58,23,34.141548597021476,35.27463593776567,True
172,4,2019-06-13 20:35:58,24,34.14439005143106,35.28081551180193,True
172,4,2019-06-13 19:35:58,25,34.14846443787914,35.288213861129385,True
172,4,2019-06-13 18:35:58,26,34.152916080005745,35.291415124904354,True
172,4,2019-06-13 17:35:58,27,34.16059771535207,35.29248989124081,True
172,4,2019-06-13 16:35:58,28,34.17150651059945,35.29385466328974,True
172,4,2019-06-13 15:35:58,29,34.179512492688254,35.29326131468243,True
172,4,2019-06-13 14:35:58,30,34.1903430207867,35.28924123884921,True
172,4,2019-06-13 13:35:58,31,34.19767623444038,35.279807333771075,True
172,4,2019-06-13 12:35:58,32,34.2066991422441,35.2725313546822,True
172,4,2019-06-13 11:35:58,33,34.213204822492536,35.26417315317089,True
172,4,2019-06-13 10:35:58,34,34.220173414779374,35.25369331831467,True
172,4,2019-06-13 09:35:58,35,34.2244958612169,35.24426270642137,True
172,4,2019-06-13 08:35:58,36,34.22718790431231,35.23739835758314,True
172,4,2019-06-13 07:35:58,37,34.2292838767265,35.22973488913086,True
172,4,2019-06-13 06:35:58,38,34.2322433009671,35.2224849003528,True
172,4,2019-06-13 05:35:58,39,34.2351039869518,35.2174652990732,True
172,4,2019-06-13 04:35:58,40,34.23873996439238,35.211101761975264,True
172,4,2019-06-13 03:35:58,41,34.24176774439734,35.204102559548346,True
172,4,2019-06-13 02:35:58,42,34.24467079855282,35.19732555371251,True
172,4,2019-06-13 01:35:58,43,34.24761428535449,35.19259150482147,True
172,4,2019-06-13 00:35:58,44,34.249533727776985,35.18892699898698,True
172,4,2019-06-12 23:35:58,45,34.254780506734605,35.187442150140434,True
172,4,2019-06-12 22:35:58,46,34.25957649436804,35.187401976781665,True
172,4,2019-06-12 21:35:58,47,34.268679836068905,35.18430815324819,True
172,4,2019-06-12 20:35:58,48,34.276666090860104,35.18100147566253,True
172,4,2019-06-12 19:35:58,49,34.2809971456939,35.175357024162786,True
172,4,2019-06-12 18:35:58,50,34.28784697971704,35.16796524113786,True
172,4,2019-06-12 17:35:58,51,34.29386269671845,35.16082037622671,True
172,4,2019-06-12 16:35:58,52,34.30340293517446,35.15399266887329,True
172,4,2019-06-12 15:35:58,53,34.31042906891208,35.1453451282368,True
172,4,2019-06-12 14:35:58,54,34.31632808042048,35.13840524406317,True
172,4,2019-06-12 13:35:58,55,34.322518952329204,35.126169631612434,True
172,4,2019-06-12 12:35:58,56,34.323986368416605,35.11545373798331,True
172,4,2019-06-12 11:35:58,57,34.32626806385397,35.10612861884155,True
172,4,2019-06-12 10:35:58,58,34.33071158397167,35.09915002683765,True
172,4,2019-06-12 09:35:58,59,34.3337356582996,35.090315554764466,True
172,4,2019-06-12 08:35:58,60,34.3376365043613,35.087991377294564,True
172,4,2019-06-12 07:35:58,61,34.34108101099011,35.07971684755471,True
172,4,2019-06-12 06:35:58,62,34.34520112512381,35.07117167918627,True
172,4,2019-06-12 05:35:58,63,34.34824921622081,35.0630816736992,True
172,4,2019-06-12 04:35:58,64,34.353191958123496,35.05583348859795,True
172,4,2019-06-12 03:35:58,65,34.356594631602356,35.04896924658485,True
172,4,2019-06-12 02:35:58,66,34.359182035727336,35.04056930285814,True
172,4,2019-06-12 01:35:58,67,34.360374590174445,35.031313774375775,True
172,4,2019-06-12 00:35:58,68,34.36105936385652,35.024659484352384,True
172,4,2019-06-11 23:35:58,69,34.36101951994682,35.02000244611485,True
172,4,2019-06-11 22:35:58,70,34.360474338155946,35.015890160006876,True
172,4,2019-06-11 21:35:58,71,34.358754624749174,35.01328913947498,True
172,4,2019-06-11 20:35:58,72,34.360452292022046,35.01133577774199,True
172,5,2019-06-14 20:35:58,0,34.071834,35.261869,True
172,5,2019-06-14 19:35:58,1,34.07604017517465,35.263126316447334,True
172,5,2019-06-14 18:35:58,2,34.0801172865132,35.26518106657978,True
172,5,2019-06-14 17:35:58,3,34.08451783405763,35.26734201563989,True
172,5,2019-06-14 16:35:58,4,34.08887787471721,35.27017813611529,True
172,5,2019-06-14 15:35:58,5,34.09307558200785,35.27508821665875,True
172,5,2019-06-14 14:35:58,6,34.09868083723798,35.27670052010613,True
172,5,2019-06-14 13:35:58,7,34.104530672651464,35.2785624888714,True
172,5,2019-06-14 12:35:58,8,34.10820732623688,35.28326775356404,True
172,5,2019-06-14 11:35:58,9,34.11270007622545,35.285191221116534,True
172,5,2019-06-14 10:35:58,10,34.118228173051364,35.28476461247089,True
172,5,2019-06-14 09:35:58,11,34.12191553308723,35.2846116351532,True
172,5,2019-06-14 08:35:58,12,34.12735913127006,35.28390745326862,True
172,5,2019-06-14 07:35:58,13,34.134325433068305,35.28430497032191,True
172,5,2019-06-14 06:35:58,14,34.137938251534635,35.28256113343736,True
172,5,2019-06-14 05:35:58,15,34.14216419555813,35.279545221306094,True
172,5,2019-06-14 04:35:58,16,34.145071960656985,35.2768439363546,True
172,5,2019-06-14 03:35:58,17,34.148356762497144,35.27331727257044,True
172,5,2019-06-14 02:35:58,18,34.15128056589605,35.27297478897633,True
172,5,2019-06-14 01:35:58,19,34.15199526407303,35.27128925339295,True
172,5,2019-06-14 00:35:58,20,34.15132128916082,35.27234472364972,True
172,5,2019-06-13 23:35:58,21,34.15072040158826,35.27277154099202,True
172,5,2019-06-13 22:35:58,22,34.15011972605988,35.27718524380622,True
172,5,2019-06-13 21:35:58,23,34.14957116864451,35.28267179321142,True
172,5,2019-06-13 20:35:58,24,34.15283729700814,35.287436322223414,True
172,5,2019-06-13 19:35:58,25,34.15513158148221,35.29640231937577,True
172,5,2019-06-13 18:35:58,26,34.16333245106767,35.30368143061014,True
172,5,2019-06-13 17:35:58,27,34.17240535625313,35.30670605978616,True
172,5,2019-06-13 16:35:58,28,34.18004728831762,35.30679167675136,True
172,5,2019-06-13 15:35:58,29,34.18868620115321,35.30676741142826,True
172,5,2019-06-13 14:35:58,30,34.198440655977585,35.30367813206094,True
172,5,2019-06-13 13:35:58,31,34.20556586937096,35.29641656976061,True
172,5,2019-06-13 12:35:58,32,34.21597391234025,35.28850467434901,True
172,5,2019-06-13 11:35:58,33,34.22350909473233,35.2829698710632,True
172,5,2019-06-13 10:35:58,34,34.230349077266375,35.2747581630119,True
172,5,2019-06-13 09:35:58,35,34.2345513792742,35.26576500079325,True
172,5,2019-06-13 08:35:58,36,34.2396789346322,35.256258938793295,True
172,5,2019-06-13 07:35:58,37,34.242401538590514,35.24925704334129,True
172,5,2019-06-13 06:35:58,38,34.24337011078732,35.240045337305965,True
172,5,2019-06-13 05:35:58,39,34.24586531938452,35.23503541450442,True
172,5,2019-06-13 04:35:58,40,34.24786914599414,35.226752536959935,True
172,5,2019-06-13 03:35:58,41,34.248646451660356,35.22355239824169,True
172,5,2019-06-13 02:35:58,42,34.251342530609605,35.21896289907585,True
172,5,2019-06-13 01:35:58,43,34.25447915227904,35.216757540068826,True
172,5,2019-06-13 00:35:58,44,34.25885733127224,35.21494654587868,True
172,5,2019-06-12 23:35:58,45,34.26304989362464,35.21207792051506,True
172,5,2019-06-12 22:35:58,46,34.269244490026395,35.208403398809416,True
172,5,2019-06-12 21:35:58,47,34.27540422394018,35.20326727968202,True
172,5,2019-06-12 20:35:58,48,34.28046616777974,35.19927518602197,True
172,5,2019-06-12 19:35:58,49,34.288428406177985,35.195411129542634,True
172,5,2019-06-12 18:35:58,50,34.29516636121761,35.19025938264456,True
172,5,2019-06-12 17:35:58,51,34.30137785362732,35.18666932064522,True
172,5,2019-06-12 16:35:58,52,34.30779322064979,35.18081536986061,True
172,5,2019-06-12 15:35:58,53,34.31417974932584,35.170828091582216,True
172,5,2019-06-12 14:35:58,54,34.320618017716946,35.160184665257596,True
172,5,2019-06-12 13:35:58,55,34.325814725604296,35.14940172042561,True
172,5,2019-06-12 12:35:58,56,34.329778686816866,35.140539049227876,True
172,5,2019-06-12 11:35:58,57,34.33335200702294,35.129401635098574,True
172,5,2019-06-12 10:35:58,58,34.336206624991966,35.1177256074103,True
172,5,2019-06-12 09:35:58,59,34.33688781333772,35.1103791429806,True
172,5,2019-06-12 08:35:58,60,34.34096468463003,35.107755037830366,True
172,5,2019-06-12 07:35:58,61,34.346750227152775,35.102660646592945,True
172,5,2019-06-12 06:35:58,62,34.35082737546934,35.0975931117115,True
172,5,2019-06-12 05:35:58,63,34.35375656019356,35.09108134790407,True
172,5,2019-06-12 04:35:58,64,34.361391296878914,35.086910323125494,True
172,5,2019-06-12 03:35:58,65,34.363374956042705,35.07535722412518,True
172,5,2019-06-12 02:35:58,66,34.367650197583544,35.06787942595075,True
172,5,2019-06-12 01:35:58,67,34.37146929406478,35.06072502795956,True
172,5,2019-06-12 00:35:58,68,34.37401763055255,35.054551217648154,True
172,5,2019-06-11 23:35:58,69,34.37433498504285,35.04823766991303,True
172,5,2019-06-11 22:35:58,70,34.373717677645054,35.04354749904894,True
172,5,2019-06-11 21:35:58,71,34.37285960749083,35.03904791037967,True
172,5,2019-06-11 20:35:58,72,34.372767866259565,35.03471579376214,True
364,0,2019-06-14 20:35:58,0,34.080793,35.268428,True
364,0,2019-06-14 19:35:58,1,34.086660306265586,35.27287498922877,True
364,0,2019-06-14 18:35:58,2,34.09304008122666,35.274946058593876,True
364,0,2019-06-14 17:35:58,3,34.09681995651953,35.277112246822036,True
364,0,2019-06-14 16:35:58,4,34.09971876434453,35.280872142537035,True
364,0,2019-06-14 15:35:58,5,34.10554666952646,35.281256687324785,True
364,0,2019-06-14 14:35:58,6,34.109881206866724,35.280872590936646,True
364,0,2019-06-14 13:35:58,7,34.11420919499003,35.28077754232493,True
364,0,2019-06-14 12:35:58,8,34.12134605904661,35.27780679606255,True
364,0,2019-06-14 11:35:58,9,34.12754932334583,35.2737928182831,True
364,0,2019-06-14 10:35:58,10,34.131310135694946,35.26957166479018,True
364,0,2019-06-14 09:35:58,11,34.13612774786994,35.26791986491533,True
364,0,2019-06-14 08:35:58,12,34.14136829108445,35.26456507534615,True
364,0,2019-06-14 07:35:58,13,34.14671624590535,35.26284969395533,True
364,0,2019-06-14 06:35:58,14,34.15321081120832,35.26092253914897,True
364,0,2019-06-14 05:35:58,15,34.160892607067446,35.25663760656939,True
364,0,2019-06-14 04:35:58,16,34.163354324702055,35.25184892539392,True
364,0,2019-06-14 03:35:58,17,34.16425843062728,35.24500964982987,True
364,0,2019-06-14 02:35:58,18,34.165423663467635,35.240430445610386,True
364,0,2019-06-14 01:35:58,19,34.165424145669164,35.23808754738226,True
364,0,2019-06-14 00:35:58,20,34.162998581364285,35.23737876662297,True
364,0,2019-06-13 23:35:58,21,34.1631623628711,35.23820723548732,True
364,0,2019-06-13 22:35:58,22,34.16476145292897,35.240609779780954,True
364,0,2019-06-13 21:35:58,23,34.16773993682324,35.245357194646346,True
364,0,2019-06-13 20:35:58,24,34.171469077752356,35.24602992437573,True
364,0,2019-06-13 19:35:58,25,34.176425592061726,35.2487282411545,True
364,0,2019-06-13 18:35:58,26,34.17936637000039,35.251639904613285,True
364,0,2019-06-13 17:35:58,27,34.18802349965314,35.25330832541971,True
364,0,2019-06-13 16:35:58,28,34.196965892932134,35.249557522034664,True
364,0,2019-06-13 15:35:58,29,34.205538266137516,35.24705447372524,True
364,0,2019-06-13 14:35:58,30,34.21396245759981,35.23709217385529,True
364,0,2019-06-13 13:35:58,31,34.220235413329085,35.23178006368425,True
364,0,2019-06-13 12:35:58,32,34.228619441328,35.22012845733457,True
364,0,2019-06-13 11:35:58,33,34.23615905640309,35.210684067454984,True
364,0,2019-06-13 10:35:58,34,34.24306832802503,35.2007467404113,True
364,0,2019-06-13 09:35:58,35,34.249070850002724,35.19213557014318,True
364,0,2019-06-13 08:35:58,36,34.254065394690016,35.182262856680346,True
364,0,2019-06-13 07:35:58,37,34.25719045618361,35.17612428604758,True
364,0,2019-06-13 06:35:58,38,34.25991169267883,35.17241205811779,True
364,0,2019-06-13 05:35:58,39,34.263092810715236,35.16661537718142,True
364,0,2019-06-13 04:35:58,40,34.26719669052998,35.160149975325126,True
364,0,2019-06-13 03:35:58,41,34.27253512135869,35.15736404157059,True
364,0,2019-06-13 02:35:58,42,34.27648057534499,35.15366976482274,True
364,0,2019-06-13 01:35:58,43,34.281864804836744,35.14937193681545,True
364,0,2019-06-13 00:35:58,44,34.28831396600211,35.14728026972841,True
364,0,2019-06-12 23:35:58,45,34.29498587675831,35.146404744435415,True
364,0,2019-06-12 22:35:58,46,34.30110447758798,35.14365610784739,True
364,0,2019-06-12 21:35:58,47,34.308302573193664,35.13568869802061,True
364,0,2019-06-12 20:35:58,48,34.31455228605831,35.130005416740104,True
364,0,2019-06-12 19:35:58,49,34.32249874379022,35.122286699985885,True
364,0,2019-06-12 18:35:58,50,34.32822167388778,35.112458230388995,True
364,0,2019-06-12 17:35:58,51,34.33441570842559,35.10478013088392,True
364,0,2019-06-12 16:35:58,52,34.33821315949454,35.098175976921176,True
364,0,2019-06-12 15:35:58,53,34.34177699407151,35.08982274536309,True
364,0,2019-06-12 14:35:58,54,34.343468719979015,35.08358654756679,True
364,0,2019-06-12 13:35:58,55,34.34761897710853,35.07280114695789,True
364,0,2019-06-12 12:35:58,56,34.351146422019575,35.0639613762764,True
364,0,2019-06-12 11:35:58,57,34.356235375338976,35.053330588650496,True
364,0,2019-06-12 10:35:58,58,34.35837912124693,35.044672192902304,True
364,0,2019-06-12 09:35:58,59,34.36261842391897,35.04111839562151,True
364,0,2019-06-12 08:35:58,60,34.365431946493146,35.03424128366471,True
364,0,2019-06-12 07:35:58,61,34.36941414014699,35.02898177953773,True
364,0,2019-06-12 06:35:58,62,34.37604328928753,35.02064613441857,True
364,0,2019-06-12 05:35:58,63,34.38102159355163,35.014938163077055,True
364,0,2019-06-12 04:35:58,64,34.38627050016712,35.00859605197928,True
364,0,2019-06-12 03:35:58,65,34.39076243901837,35.003666107642786,True
364,0,2019-06-12 02:35:58,66,34.39175478968608,34.99757014168575,True
364,0,2019-06-12 01:35:58,67,34.39359328494598,34.99124927384513,True
364,0,2019-06-12 00:35:58,68,34.393121654826295,34.98670005538906,True
364,0,2019-06-11 23:35:58,69,34.394292531766325,34.98366198444485,True
364,0,2019-06-11 22:35:58,70,34.39463000914687,34.982038521194106,True
364,0,2019-06-11 21:35:58,71,34.39544303933166,34.981377590056574,True
364,0,2019-06-11 20:35:58,72,34.398198580252725,34.98209828557394,True
364,1,2019-06-14 20:35:58,0,34.080793,35.268428,True
364,1,2019-06-14 19:35:58,1,34.08581666510748,35.27112705936815,True
364,1,2019-06-14 18:35:58,2,34.09074464212564,35.27534633812629,True
364,1,2019-06-14 17:35:58,3,34.09658396163765,35.27812820293996,True
364,1,2019-06-14 16:35:58,4,34.10086188945867,35.278608149747285,True
364,1,2019-06-14 15:35:58,5,34.105986576388865,35.27668781599825,True
364,1,2019-06-14 14:35:58,6,34.11130431763298,35.278331507934354,True
364,1,2019-06-14 13:35:58,7,34.11561568432217,35.27815776992707,True
364,1,2019-06-14 12:35:58,8,34.12073032587546,35.27563506869269,True
364,1,2019-06-14 11:35:58,9,34.12467575881344,35.27395044098577,True
364,1,2019-06-14 10:35:58,10,34.12605658304881,35.27291811908566,True
364,1,2019-06-14 09:35:58,11,34.13098335518358,35.269314352686486,True
364,1,2019-06-14 08:35:58,12,34.137672532902506,35.268708023802674,True
364,1,2019-06-14 07:35:58,13,34.14306006344517,35.26377473274876,True
364,1,2019-06-14 06:35:58,14,34.147191072506544,35.261826963363795,True
364,1,2019-06-14 05:35:58,15,34.15106138979411,35.26064119786364,True
364,1,2019-06-14 04:35:58,16,34.15476807584893,35.25760287251901,True
364,1,2019-06-14 03:35:58,17,34.1574314380147,35.254780433074885,True
364,1,2019-06-14 02:35:58,18,34.160220316949506,35.25137714747034,True
364,1,2019-06-14 01:35:58,19,34.1576408516758,35.25242954422045,True
364,1,2019-06-14 00:35:58,20,34.15637800576544,35.25097547343623,True
364,1,2019-06-13 23:35:58,21,34.152488030125554,35.25449445040842,True
364,1,2019-06-13 22:35:58,22,34.151076367037376,35.2592417046465,True
364,1,2019-06-13 21:35:58,23,34.15201971754471,35.26207632603958,True
364,1,2019-06-13 20:35:58,24,34.15574365542942,35.267098006909244,True
364,1,2019-06-13 19:35:58,25,34.15884370459149,35.27763446967213,True
364,1,2019-06-13 18:35:58,26,34.16591329672511,35.284813938489215,True
364,1,2019-06-13 17:35:58,27,34.17324976724633,35.28686210734356,True
364,1,2019-06-13 16:35:58,28,34.181267794129816,35.283506175555125,True
364,1,2019-06-13 15:35:58,29,34.188835705702175,35.27941284121708,True
364,1,2019-06-13 14:35:58,30,34.1955562649546,35.27593142307594,True
364,1,2019-06-13 13:35:58,31,34.20319994712213,35.271872515060586,True
364,1,2019-06-13 12:35:58,32,34.21048320039274,35.26323008770471,True
364,1,2019-06-13 11:35:58,33,34.2168439452028,35.250150057812384,True
364,1,2019-06-13 10:35:58,34,34.22044479266114,35.24169134647199,True
364,1,2019-06-13 09:35:58,35,34.22338947000328,35.23131023520862,True
364,1,2019-06-13 08:35:58,36,34.22706339286558,35.22240765346173,True
364,1,2019-06-13 07:35:58,37,34.227332983943654,35.21247011555575,True
364,1,2019-06-13 06:35:58,38,34.22903147090394,35.20494148906107,True
364,1,2019-06-13 05:35:58,39,34.22892163162704,35.197235761929036,True
364,1,2019-06-13 04:35:58,40,34.22951226509687,35.19120807952914,True
364,1,2019-06-13 03:35:58,41,34.23158787781632,35.187470115628145,True
364,1,2019-06-13 02:35:58,42,34.23439363282371,35.18333263002233,True
364,1,2019-06-13 01:35:58,43,34.23589247579649,35.180541354833444,True
364,1,2019-06-13 00:35:58,44,34.23890956899506,35.1769425633531,True
364,1,2019-06-12 23:35:58,45,34.24163842959624,35.17502330281331,True
364,1,2019-06-12 22:35:58,46,34.24732768308478,35.17147766700335,True
364,1,2019-06-12 21:35:58,47,34.25319634378447,35.16867593440574,True
364,1,2019-06-12 20:35:58,48,34.25739135378516,35.16432629289397,True
364,1,2019-06-12 19:35:58,49,34.26252114440251,35.16001163635645,True
364,1,2019-06-12 18:35:58,50,34.26989007800735,35.153083371771665,True
364,1,2019-06-12 17:35:58,51,34.27791293063616,35.14856822665858,True
364,1,2019-06-12 16:35:58,52,34.28448712229056,35.13934525227351,True
364,1,2019-06-12 15:35:58,53,34.29234131816093,35.12997994259099,True
364,1,2019-06-12 14:35:58,54,34.29691723022893,35.119336013329956,True
364,1,2019-06-12 13:35:58,55,34.30312145922635,35.10953790148686,True
364,1,2019-06-12 12:35:58,56,34.307455219424654,35.10032561716095,True
364,1,2019-06-12 11:35:58,57,34.31102761560138,35.091560510531124,True
364,1,2019-06-12 10:35:58,58,34.31501750853163,35.08087240205511,True
364,1,2019-06-12 09:35:58,59,34.32171138169169,35.07480036007873,True
364,1,2019-06-12 08:35:58,60,34.32349403821795,35.06663314658987,True
364,1,2019-06-12 07:35:58,61,34.32731327085192,35.058230606495215,True
364,1,2019-06-12 06:35:58,62,34.33181060005043,35.05335072468735,True
364,1,2019-06-12 05:35:58,63,34.337340318165985,35.049479843870415,True
364,1,2019-06-12 04:35:58,64,34.340486658534026,35.04125199264971,True
364,1,2019-06-12 03:35:58,65,34.341100453286415,35.03260687768434,True
364,1,2019-06-12 02:35:58,66,34.34191291263384,35.027989412353456,True
364,1,2019-06-12 01:35:58,67,34.34052287265488,35.020399887665846,True
364,1,2019-06-12 00:35:58,68,34.3396105610249,35.01513000731834,True
364,1,2019-06-11 23:35:58,69,34.34228927632096,35.0102739772556,True
364,1,2019-06-11 22:35:58,70,34.34149516050914,35.00721219510505,True
364,1,2019-06-11 21:35:58,71,34.34091220952992,35.00724570535105,True
364,1,2019-06-11 20:35:58,72,34.34308353993917,35.00645350924044,True
364,2,2019-06-14 20:35:58,0,34.080793,35.268428,True
364,2,2019-06-14 19:35:58,1,34.085832980978516,35.272555261086055,True
364,2,2019-06-14 18:35:58,2,34.090453083308006,35.27311025832287,True
364,2,2019-06-14 17:35:58,3,34.09511733512087,35.275223251700695,True
364,2,2019-06-14 16:35:58,4,34.09961219388188,35.27399670060436,True
364,2,2019-06-14 15:35:58,5,34.10263474714857,35.27240553216367,True
364,2,2019-06-14 14:35:58,6,34.10759316290928,35.2756309122001,True
364,2,2019-06-14 13:35:58,7,34.11241084781092,35.27433194580678,True
364,2,2019-06-14 12:35:58,8,34.11619777082326,35.27396121230717,True
364,2,2019-06-14 11:35:58,9,34.11810101175554,35.27344428395389,True
364,2,2019-06-14 10:35:58,10,34.122489676265914,35.273166956343154,True
364,2,2019-06-14 09:35:58,11,34.127135783189246,35.27146697651838,True
364,2,2019-06-14 08:35:58,12,34.131154394633164,35.27253988859988,True
364,2,2019-06-14 07:35:58,13,34.13701485678986,35.2738600840826,True
364,2,2019-06-14 06:35:58,14,34.141277653391754,35.27104015772223,True
364,2,2019-06-14 05:35:58,15,34.14496129925856,35.2685712683763,True
364,2,2019-06-14 04:35:58,16,34.15194256539876,35.26354556560208,True
364,2,2019-06-14 03:35:58,17,34.15294828936059,35.258041875060464,True
364,2,2019-06-14 02:35:58,18,34.15476839784199,35.25583845828625,True
364,2,2019-06-14 01:35:58,19,34.15678529350566,35.25564974240063,True
364,2,2019-06-14 00:35:58,20,34.156301057517034,35.256101678005464,True
364,2,2019-06-13 23:35:58,21,34.15455897279404,35.259507205942334,True
364,2,2019-06-13 22:35:58,22,34.1531776315027,35.2644733028202,True
364,2,2019-06-13 21:35:58,23,34.156630615726634,35.26859797630871,True
364,2,2019-06-13 20:35:58,24,34.16100747265884,35.27461339386445,True
364,2,2019-06-13 19:35:58,25,34.1626076924804,35.28035977676056,True
364,2,2019-06-13 18:35:58,26,34.167479309435016,35.28560549365573,True
364,2,2019-06-13 17:35:58,27,34.175144715023485,35.291449567342866,True
364,2,2019-06-13 16:35:58,28,34.18160363902453,35.295827573691604,True
364,2,2019-06-13 15:35:58,29,34.19284381178248,35.29386297997413,True
364,2,2019-06-13 14:35:58,30,34.20536790072037,35.28972569555699,True
364,2,2019-06-13 13:35:58,31,34.21697255416458,35.283529136774966,True
364,2,2019-06-13 12:35:58,32,34.22596062052088,35.27392506733851,True
364,2,2019-06-13 11:35:58,33,34.2342190210111,35.26154373199795,True
364,2,2019-06-13 10:35:58,34,34.23910814945948,35.25233891898457,True
364,2,2019-06-13 09:35:58,35,34.24455726910163,35.24361747805872,True
364,2,2019-06-13 08:35:58,36,34.24630080183651,35.23332062649559,True
364,2,2019-06-13 07:35:58,37,34.25104735810048,35.226806982464446,True
364,2,2019-06-13 06:35:58,38,34.25177402317044,35.21953600938662,True
364,2,2019-06-13 05:35:58,39,34.252866160836525,35.214832640563344,True
364,2,2019-06-13 04:35:58,40,34.25381334805868,35.211267510530355,True
364,2,2019-06-13 03:35:58,41,34.254875805407146,35.20694429972756,True
364,2,2019-06-13 02:35:58,42,34.25884335465028,35.20267997908342,True
364,2,2019-06-13 01:35:58,43,34.26156826061173,35.19843685202811,True
364,2,2019-06-13 00:35:58,44,34.26765121485741,35.19348120918871,True
364,2,2019-06-12 23:35:58,45,34.271933127305594,35.18879063010787,True
364,2,2019-06-12 22:35:58,46,34.27651696579671,35.18335552536413,True
364,2,2019-06-12 21:35:58,47,34.28133261742943,35.17995716758491,True
364,2,2019-06-12 20:35:58,48,34.28983893669591,35.17744906914745,True
364,2,2019-06-12 19:35:58,49,34.297150441381156,35.17281787471511,True
364,2,2019-06-12 18:35:58,50,34.30312260827189,35.16549380781802,True
364,2,2019-06-12 17:35:58,51,34.31042640071601,35.1599599433978,True
364,2,2019-06-12 16:35:58,52,34.3169539872504,35.15152216174644,True
364,2,2019-06-12 15:35:58,53,34.32472585020981,35.144494203986554,True
364,2,2019-06-12 14:35:58,54,34.32939047151182,35.13498582917547,True
364,2,2019-06-12 13:35:58,55,34.33251201750946,35.12693563146557,True
364,2,2019-06-12 12:35:58,56,34.33841509809386,35.11515955700381,True
364,2,2019-06-12 11:35:58,57,34.34168906155192,35.10421120233006,True
364,2,2019-06-12 10:35:58,58,34.344491161125724,35.09810858937438,True
364,2,2019-06-12 09:35:58,59,34.34537728096473,35.09140779659653,True
364,2,2019-06-12 08:35:58,60,34.34659332662698,35.085117953902696,True
364,2,2019-06-12 07:35:58,61,34.34996843532822,35.07705651360755,True
364,2,2019-06-12 06:35:58,62,34.35531767511521,35.07199778020807,True
364,2,2019-06-12 05:35:58,63,34.358864715557864,35.06358923025108,True
364,2,2019-06-12 04:35:58,64,34.363559795898475,35.056099178486186,True
364,2,2019-06-12 03:35:58,65,34.36673890881375,35.04691726144661,True
364,2,2019-06-12 02:35:58,66,34.36644760197491,35.03901738457078,True
364,2,2019-06-12 01:35:58,67,34.36717452981836,35.033315808528805,True
364,2,2019-06-12 00:35:58,68,34.369454771965636,35.02749437863693,True
364,2,2019-06-11 23:35:58,69,34.366745474277636,35.02139206781665,True
364,2,2019-06-11 22:35:58,70,34.363353150613904,35.01899537557691,True
364,2,2019-06-11 21:35:58,71,34.363226533204035,35.015174938733914,True
364,2,2019-06-11 20:35:58,72,34.36578304859161,35.01212484776948,True
364,3,2019-06-14 20:35:58,0,34.080793,35.268428,True
364,3,2019-06-14 19:35:58,1,34.08632976399529,35.271504509412274,True
364,3,2019-06-14 18:35:58,2,34.090738846671755,35.27457203975563,True
364,3,2019-06-14 17:35:58,3,34.09535760118953,35.27644454416081,True
364,3,2019-06-14 16:35:58,4,34.10036522104344,35.27760100704218,True
364,3,2019-06-14 15:35:58,5,34.10311203980173,35.28081809028744,True
364,3,2019-06-14 14:35:58,6,34.10683004850579,35.27788411401093,True
364,3,2019-06-14 13:35:58,7,34.110090717654735,35.27630611962343,True
364,3,2019-06-14 12:35:58,8,34.11554350162388,35.276282873231196,True
364,3,2019-06-14 11:35:58,9,34.119554418232966,35.27460226884904,True
364,3,2019-06-14 10:35:58,10,34.12407727674074,35.27515913742189,True
364,3,2019-06-14 09:35:58,11,34.13097542993943,35.272703733937455,True
364,3,2019-06-14 08:35:58,12,34.138753168833404,35.272367271245855,True
364,3,2019-06-14 07:35:58,13,34.145184840115654,35.270957175088576,True
364,3,2019-06-14 06:35:58,14,34.15012680818422,35.27006731494785,True
364,3,2019-06-14 05:35:58,15,34.156854797867176,35.26783920984288,True
364,3,2019-06-14 04:35:58,16,34.16011183681544,35.26470946489546,True
364,3,2019-06-14 03:35:58,17,34.16499596580395,35.25911951355419,True
364,3,2019-06-14 02:35:58,18,34.167901098080165,35.25835648492962,True
364,3,2019-06-14 01:35:58,19,34.16849886239906,35.257377624338545,True
364,3,2019-06-14 00:35:58,20,34.16716199910169,35.25854410566216,True
364,3,2019-06-13 23:35:58,21,34.16704541256541,35.25966875632176,True
364,3,2019-06-13 22:35:58,22,34.16737484534294,35.26695381810791,True
364,3,2019-06-13 21:35:58,23,34.170316182854826,35.27515477418853,True
364,3,2019-06-13 20:35:58,24,34.17420225787193,35.28255465592111,True
364,3,2019-06-13 19:35:58,25,34.178653933711075,35.29126777625871,True
364,3,2019-06-13 18:35:58,26,34.185027935477876,35.2961649326545,True
364,3,2019-06-13 17:35:58,27,34.19135230917665,35.298960886478305,True
364,3,2019-06-13 16:35:58,28,34.20224340612375,35.30169329822295,True
364,3,2019-06-13 15:35:58,29,34.21230305472522,35.29652768087008,True
364,3,2019-06-13 14:35:58,30,34.22378099947555,35.28874826174455,True
364,3,2019-06-13 13:35:58,31,34.23531299538818,35.28164181836417,True
364,3,2019-06-13 12:35:58,32,34.24392062895933,35.27478119816992,True
364,3,2019-06-13 11:35:58,33,34.2521627132849,35.26364944948844,True
364,3,2019-06-13 10:35:58,34,34.25761887523254,35.25491225854919,True
364,3,2019-06-13 09:35:58,35,34.261772167718334,35.244733425205574,True
364,3,2019-06-13 08:35:58,36,34.266608656646675,35.23469049270064,True
364,3,2019-06-13 07:35:58,37,34.269713089463664,35.22675232425287,True
364,3,2019-06-13 06:35:58,38,34.27177297858766,35.223854024733626,True
364,3,2019-06-13 05:35:58,39,34.27338774943018,35.215494773168345,True
364,3,2019-06-13 04:35:58,40,34.27468554339843,35.20988729715835,True
364,3,2019-06-13 03:35:58,41,34.277955012549064,35.20066564489256,True
364,3,2019-06-13 02:35:58,42,34.28383580743958,35.19675918618175,True
364,3,2019-06-13 01:35:58,43,34.286044553902315,35.19317848473893,True
364,3,2019-06-13 00:35:58,44,34.291006999687724,35.1882748376018,True
364,3,2019-06-12 23:35:58,45,34.29802375459916,35.18434732814549,True
364,3,2019-06-12 22:35:58,46,34.30483630978844,35.18105695647489,True
364,3,2019-06-12 21:35:58,47,34.30922659214573,35.17521339384433,True
364,3,2019-06-12 20:35:58,48,34.31719437576388,35.169546507680494,True
364,3,2019-06-12 19:35:58,49,34.3236719569445,35.164342153459515,True
364,3,2019-06-12 18:35:58,50,34.33089661092425,35.158348341950386,True
364,3,2019-06-12 17:35:58,51,34.3366111191419,35.151502696435664,True
364,3,2019-06-12 16:35:58,52,34.340511797125906,35.14122245736198,True
364,3,2019-06-12 15:35:58,53,34.34563448785034,35.130686072195495,True
364,3,2019-06-12 14:35:58,54,34.35183610313425,35.12000616428697,True
364,3,2019-06-12 13:35:58,55,34.35382670604833,35.1095115281036,True
364,3,2019-06-12 12:35:58,56,34.3590007344923,35.1034228250994,True
364,3,2019-06-12 11:35:58,57,34.35983437421874,35.095036716665845,True
364,3,2019-06-12 10:35:58,58,34.36298043390553,35.08672795494742,True
364,3,2019-06-12 09:35:58,59,34.36781553961781,35.07840420791317,True
364,3,2019-06-12 08:35:58,60,34.37119507538832,35.07338498795833,True
364,3,2019-06-12 07:35:58,61,34.376047221526264,35.06853371910877,True
364,3,2019-06-12 06:35:58,62,34.38204218653846,35.062493711024445,True
364,3,2019-06-12 05:35:58,63,34.385870839493506,35.05371073632152,True
364,3,2019-06-12 04:35:58,64,34.38838447743629,35.04433306677965,True
364,3,2019-06-12 03:35:58,65,34.393069382984926,35.038919803139756,True
364,3,2019-06-12 02:35:58,66,34.394160164723914,35.03076692609988,True
364,3,2019-06-12 01:35:58,67,34.39602775884185,35.02277181430934,True
364,3,2019-06-12 00:35:58,68,34.39835626583959,35.014459134179546,True
364,3,2019-06-11 23:35:58,69,34.39946255122119,35.00988808496324,True
364,3,2019-06-11 22:35:58,70,34.398069516552845,35.002875391170804,True
364,3,2019-06-11 21:35:58,71,34.3993372167358,35.00289709064169,True
364,3,2019-06-11 20:35:58,72,34.40115925067754,34.99912826260067,True
364,4,2019-06-14 20:35:58,0,34.080793,35.268428,True
364,4,2019-06-14 19:35:58,1,34.087922913590155,35.27220335414879,True
364,4,2019-06-14 18:35:58,2,34.094169382203745,35.273208649251266,True
364,4,2019-06-14 17:35:58,3,34.098847094507526,35.27584288240078,True
364,4,2019-06-14 16:35:58,4,34.10414743458379,35.27720688398324,True
364,4,2019-06-14 15:35:58,5,34.10716687155131,35.27773956639798,True
364,4,2019-06-14 14:35:58,6,34.10983117714982,35.279070926007094,True
364,4,2019-06-14 13:35:58,7,34.11464463349773,35.277658211555945,True
364,4,2019-06-14 12:35:58,8,34.117186542549256,35.27750663600337,True
364,4,2019-06-14 11:35:58,9,34.12075646323046,35.275271494524226,True
364,4,2019-06-14 10:35:58,10,34.12434072335492,35.27374858023322,True
364,4,2019-06-14 09:35:58,11,34.13011012946734,35.27453972205784,True
364,4,2019-06-14 08:35:58,12,34.13380633430742,35.270913315167036,True
364,4,2019-06-14 07:35:58,13,34.13943639134723,35.26939692822636,True
364,4,2019-06-14 06:35:58,14,34.14609722057332,35.268969024011966,True
364,4,2019-06-14 05:35:58,15,34.151655701058004,35.26866080362292,True
364,4,2019-06-14 04:35:58,16,34.15525721581567,35.26559579090409,True
364,4,2019-06-14 03:35:58,17,34.15763413136155,35.26146946252873,True
364,4,2019-06-14 02:35:58,18,34.15795547167402,35.25795042465202,True
364,4,2019-06-14 01:35:58,19,34.15818584550801,35.25923641107582,True
364,4,2019-06-14 00:35:58,20,34.15575899227295,35.25762758805805,True
364,4,2019-06-13 23:35:58,21,34.15534955086279,35.2592126182221,True
364,4,2019-06-13 22:35:58,22,34.152534953978325,35.26230004893521,True
364,4,2019-06-13 21:35:58,23,34.154963491102635,35.26653818356715,True
364,4,2019-06-13 20:35:58,24,34.15744079066426,35.27267984340768,True
364,4,2019-06-13 19:35:58,25,34.163085242483405,35.27937953828709,True
364,4,2019-06-13 18:35:58,26,34.16654712993504,35.28194214342414,True
364,4,2019-06-13 17:35:58,27,34.17323582423563,35.28492748254242,True
364,4,2019-06-13 16:35:58,28,34.18110944715474,35.28277674015227,True
364,4,2019-06-13 15:35:58,29,34.18983663362416,35.281406438916186,True
364,4,2019-06-13 14:35:58,30,34.19917045797977,35.277478251367306,True
364,4,2019-06-13 13:35:58,31,34.209540115476756,35.26833803287953,True
364,4,2019-06-13 12:35:58,32,34.22016170355215,35.2612732236592,True
364,4,2019-06-13 11:35:58,33,34.22982753280307,35.25189772317281,True
364,4,2019-06-13 10:35:58,34,34.23475270554342,35.243663414009944,True
364,4,2019-06-13 09:35:58,35,34.23848959258497,35.23200796164931,True
364,4,2019-06-13 08:35:58,36,34.243470398074685,35.223994396063034,True
364,4,2019-06-13 07:35:58,37,34.24577950383552,35.21436807841291,True
364,4,2019-06-13 06:35:58,38,34.24784805290102,35.204949254831924,True
364,4,2019-06-13 05:35:58,39,34.24942022261264,35.197990010137026,True
364,4,2019-06-13 04:35:58,40,34.25376673917284,35.19392412398314,True
364,4,2019-06-13 03:35:58,41,34.25658240199106,35.19285109244234,True
364,4,2019-06-13 02:35:58,42,34.262302096620466,35.18669200635797,True
364,4,2019-06-13 01:35:58,43,34.266909208035635,35.18253216567646,True
364,4,2019-06-13 00:35:58,44,34.272733327538745,35.1813874936354,True
364,4,2019-06-12 23:35:58,45,34.2781231769738,35.17893224328708,True
364,4,2019-06-12 22:35:58,46,34.283263395659425,35.17172592628612,True
364,4,2019-06-12 21:35:58,47,34.289299621759945,35.167524174801244,True
364,4,2019-06-12 20:35:58,48,34.29464717113536,35.15979555548234,True
364,4,2019-06-12 19:35:58,49,34.29955378129073,35.15466393316919,True
364,4,2019-06-12 18:35:58,50,34.30703451633834,35.14744288303967,True
364,4,2019-06-12 17:35:58,51,34.312885893343314,35.13964435125176,True
364,4,2019-06-12 16:35:58,52,34.31955614042609,35.13312938438428,True
364,4,2019-06-12 15:35:58,53,34.323756634199235,35.12286289175762,True
364,4,2019-06-12 14:35:58,54,34.328668743097175,35.11382174606467,True
364,4,2019-06-12 13:35:58,55,34.332702916327236,35.09911795644681,True
364,4,2019-06-12 12:35:58,56,34.33720495207177,35.089905062962615,True
364,4,2019-06-12 11:35:58,57,34.33933713247884,35.08206179240411,True
364,4,2019-06-12 10:35:58,58,34.34184498883879,35.076950382625405,True
364,4,2019-06-12 09:35:58,59,34.34825446817017,35.06973909630806,True
364,4,2019-06-12 08:35:58,60,34.35164977389825,35.06289229032834,True
364,4,2019-06-12 07:35:58,61,34.35656542308219,35.055583149186894,True
364,4,2019-06-12 06:35:58,62,34.36297671151487,35.04758720391008,True
364,4,2019-06-12 05:35:58,63,34.36684128397988,35.03932134194641,True
364,4,2019-06-12 04:35:58,64,34.36959929948388,35.02932562795977,True
364,4,2019-06-12 03:35:58,65,34.37422124430628,35.02180747283051,True
364,4,2019-06-12 02:35:58,66,34.37560215208209,35.010357220210786,True
364,4,2019-06-12 01:35:58,67,34.378507668154995,35.00110900748855,True
364,4,2019-06-12 00:35:58,68,34.379707860270884,34.99257699317211,True
364,4,2019-06-11 23:35:58,69,34.38030130917831,34.98717494135073,True
364,4,2019-06-11 22:35:58,70,34.38042429543597,34.984602781134086,True
364,4,2019-06-11 21:35:58,71,34.38226705218141,34.98193624841269,True
364,4,2019-06-11 20:35:58,72,34.382648651275574,34.98319169995625,True
364,5,2019-06-14 20:35:58,0,34.080793,35.268428,True
364,5,2019-06-14 19:35:58,1,34.08663603341972,35.27177875371995,True
364,5,2019-06-14 18:35:58,2,34.09256047583887,35.273284423165364,True
364,5,2019-06-14 17:35:58,3,34.098399230897265,35.273335738142706,True
364,5,2019-06-14 16:35:58,4,34.10274712649997,35.27636657577622,True
364,5,2019-06-14 15:35:58,5,34.10723901346967,35.27622390797903,True
364,5,2019-06-14 14:35:58,6,34.110210534557595,35.27676552998742,True
364,5,2019-06-14 13:35:58,7,34.11286759064926,35.27688691066693,True
364,5,2019-06-14 12:35:58,8,34.118395142959564,35.276136439946974,True
364,5,2019-06-14 11:35:58,9,34.1234666552599,35.27413878256113,True
364,5,2019-06-14 10:35:58,10,34.12684745345514,35.27516219489454,True
364,5,2019-06-14 09:35:58,11,34.131666634424256,35.273157796677346,True
364,5,2019-06-14 08:35:58,12,34.13636625586158,35.268409121318406,True
364,5,2019-06-14 07:35:58,13,34.14033877563982,35.26717655867691,True
364,5,2019-06-14 06:35:58,14,34.143505546934875,35.26531513031232,True
364,5,2019-06-14 05:35:58,15,34.1470858128177,35.26411537697522,True
364,5,2019-06-14 04:35:58,16,34.151191753515434,35.26091058067452,True
364,5,2019-06-14 03:35:58,17,34.153801385685504,35.25533140126178,True
364,5,2019-06-14 02:35:58,18,34.15565494021493,35.250186326526716,True
364,5,2019-06-14 01:35:58,19,34.1554588430368,35.249372723102006,True
364,5,2019-06-14 00:35:58,20,34.15541157222015,35.252570002129886,True
364,5,2019-06-13 23:35:58,21,34.15190065216035,35.2552445626003,True
364,5,2019-06-13 22:35:58,22,34.151147931272575,35.25906359143101,True
364,5,2019-06-13 21:35:58,23,34.15093975123592,35.26504947770174,True
364,5,2019-06-13 20:35:58,24,34.154781877956935,35.27032013563709,True
364,5,2019-06-13 19:35:58,25,34.1602603593177,35.27894667067844,True
364,5,2019-06-13 18:35:58,26,34.168250443282616,35.28561275775831,True
364,5,2019-06-13 17:35:58,27,34.17420057951773,35.29178229615203,True
364,5,2019-06-13 16:35:58,28,34.18246188449029,35.29196457676784,True
364,5,2019-06-13 15:35:58,29,34.18917811146032,35.288331725261216,True
364,5,2019-06-13 14:35:58,30,34.197997417304684,35.283264303755594,True
364,5,2019-06-13 13:35:58,31,34.20637751549473,35.280685797691085,True
364,5,2019-06-13 12:35:58,32,34.21603705530059,35.274552449198694,True
364,5,2019-06-13 11:35:58,33,34.22483578866975,35.26411350525185,True
364,5,2019-06-13 10:35:58,34,34.232497181358596,35.25557687042301,True
364,5,2019-06-13 09:35:58,35,34.237385124254956,35.247840724022886,True
364,5,2019-06-13 08:35:58,36,34.24176793894559,35.23650586319818,True
364,5,2019-06-13 07:35:58,37,34.24450294898247,35.230453204186944,True
364,5,2019-06-13 06:35:58,38,34.24954815281359,35.22409923432349,True
364,5,2019-06-13 05:35:58,39,34.24991117979508,35.21830900773371,True
364,5,2019-06-13 04:35:58,40,34.253453423014854,35.217273193215725,True
364,5,2019-06-13 03:35:58,41,34.255573426367576,35.21311061127279,True
364,5,2019-06-13 02:35:58,42,34.26062018406029,35.20808787516172,True
364,5,2019-06-13 01:35:58,43,34.263294049763566,35.20699884813081,True
364,5,2019-06-13 00:35:58,44,34.26906834311138,35.20457097223374,True
364,5,2019-06-12 23:35:58,45,34.27450503701537,35.200553479585594,True
364,5,2019-06-12 22:35:58,46,34.281114040182736,35.19489152239284,True
364,5,2019-06-12 21:35:58,47,34.28683409552333,35.19005935704879,True
364,5,2019-06-12 20:35:58,48,34.29314920056257,35.185526873411234,True
364,5,2019-06-12 19:35:58,49,34.301103664041726,35.17922949612627,True
364,5,2019-06-12 18:35:58,50,34.307245777740135,35.171641671541664,True
364,5,2019-06-12 17:35:58,51,34.31458752265116,35.16756134508674,True
364,5,2019-06-12 16:35:58,52,34.319953042224476,35.16179686754264,True
364,5,2019-06-12 15:35:58,53,34.324853660610295,35.15535174188246,True
364,5,2019-06-12 14:35:58,54,34.32829147357535,35.1456947740012,True
364,5,2019-06-12 13:35:58,55,34.334431262365335,35.13431678188444,True
364,5,2019-06-12 12:35:58,56,34.33810387569864,35.1275106544198,True
364,5,2019-06-12 11:35:58,57,34.34368534076276,35.1167088623744,True
364,5,2019-06-12 10:35:58,58,34.34804543180614,35.107615474863174,True
364,5,2019-06-12 09:35:58,59,34.35151798137052,35.099547539544,True
364,5,2019-06-12 08:35:58,60,34.35689096800546,35.09296919574025,True
364,5,2019-06-12 07:35:58,61,34.36107224516314,35.087996767994554,True
364,5,2019-06-12 06:35:58,62,34.364245889431785,35.08242447110501,True
364,5,2019-06-12 05:35:58,63,34.368224589530904,35.07676257439643,True
364,5,2019-06-12 04:35:58,64,34.37385237926358,35.067848555850496,True
364,5,2019-06-12 03:35:58,65,34.37637288706654,35.05940798957648,True
364,5,2019-06-12 02:35:58,66,34.379011046092366,35.04999296772558,True
364,5,2019-06-12 01:35:58,67,34.38068074008975,35.0429526146632,True
364,5,2019-06-12 00:35:58,68,34.38029736836003,35.03480227207808,True
364,5,2019-06-11 23:35:58,69,34.379719569298956,35.02832801847426,True
364,5,2019-06-11 22:35:58,70,34.381151199235525,35.021817786842284,True
364,5,2019-06-11 21:35:58,71,34.380565666558304,35.01789158364912,True
364,5,2019-06-11 20:35:58,72,34.37949185783979,35.01485734587571,True
436,0,2019-06-14 20:35:58,0,34.083954,35.270177,True
436,0,2019-06-14 19:35:58,1,34.09237074542334,35.27558666521332,True
436,0,2019-06-14 18:35:58,2,34.09873412500666,35.277197598820074,True
436,0,2019-06-14 17:35:58,3,34.101502974896405,35.27894335854268,True
436,0,2019-06-14 16:35:58,4,34.10759532993437,35.27821682076047,True
436,0,2019-06-14 15:35:58,5,34.111541021663186,35.27694077032068,True
436,0,2019-06-14 14:35:58,6,34.11640179691898,35.276789016667536,True
436,0,2019-06-14 13:35:58,7,34.12227200929487,35.27824831184842,True
436,0,2019-06-14 12:35:58,8,34.127402149586814,35.27650637170139,True
436,0,2019-06-14 11:35:58,9,34.13035947454788,35.27623849197146,True
436,0,2019-06-14 10:35:58,10,34.13487961868488,35.27571418691688,True
436,0,2019-06-14 09:35:58,11,34.14020894473705,35.27642632175136,True
436,0,2019-06-14 08:35:58,12,34.144897481089586,35.273582117406484,True
436,0,2019-06-14 07:35:58,13,34.151231140384475,35.26965721072105,True
436,0,2019-06-14 06:35:58,14,34.15819938426805,35.26526659251278,True
436,0,2019-06-14 05:35:58,15,34.1649635663332,35.261576352507426,True
436,0,2019-06-14 04:35:58,16,34.169883582722534,35.258385574578405,True
436,0,2019-06-14 03:35:58,17,34.1764467861711,35.25696799776248,True
436,0,2019-06-14 02:35:58,18,34.17596508847725,35.251642658041504,True
436,0,2019-06-14 01:35:58,19,34.17654410824063,35.25055869785046,True
436,0,2019-06-14 00:35:58,20,34.17924758419495,35.247590451204694,True
436,0,2019-06-13 23:35:58,21,34.17919815659506,35.247362516698466,True
436,0,2019-06-13 22:35:58,22,34.18158244945924,35.25181887049208,True
436,0,2019-06-13 21:35:58,23,34.182332865613105,35.255433586649595,True
436,0,2019-06-13 20:35:58,24,34.186930015152896,35.258243417685314,True
436,0,2019-06-13 19:35:58,25,34.188592540345155,35.2624131262257,True
436,0,2019-06-13 18:35:58,26,34.19394396406076,35.267041220754805,True
436,0,2019-06-13 17:35:58,27,34.20293865521525,35.26606100062308,True
436,0,2019-06-13 16:35:58,28,34.211078345208506,35.264899002069576,True
436,0,2019-06-13 15:35:58,29,34.220923103517535,35.26215817365044,True
436,0,2019-06-13 14:35:58,30,34.23058306158956,35.25355202088514,True
436,0,2019-06-13 13:35:58,31,34.23817359038618,35.242626121567305,True
436,0,2019-06-13 12:35:58,32,34.24876171643207,35.234036444599276,True
436,0,2019-06-13 11:35:58,33,34.25576685436095,35.22536356110216,True
436,0,2019-06-13 10:35:58,34,34.26266553258289,35.215935346567896,True
436,0,2019-06-13 09:35:58,35,34.266874832486515,35.20558729353985,True
436,0,2019-06-13 08:35:58,36,34.26792639116084,35.19160745402515,True
436,0,2019-06-13 07:35:58,37,34.27170826163034,35.184864793912915,True
436,0,2019-06-13 06:35:58,38,34.2789909260011,35.1779999312515,True
436,0,2019-06-13 05:35:58,39,34.28224876046237,35.17466240466109,True
436,0,2019-06-13 04:35:58,40,34.28595315476242,35.17207508242451,True
436,0,2019-06-13 03:35:58,41,34.28843736220227,35.16597353224774,True
436,0,2019-06-13 02:35:58,42,34.2926098226116,35.16384892304434,True
436,0,2019-06-13 01:35:58,43,34.29774781338994,35.15861070499756,True
436,0,2019-06-13 00:35:58,44,34.3023119612709,35.15576337570625,True
436,0,2019-06-12 23:35:58,45,34.310817513675076,35.15133502422452,True
436,0,2019-06-12 22:35:58,46,34.318268006704926,35.14680389269435,True
436,0,2019-06-12 21:35:58,47,34.324724479883564,35.13992401654851,True
436,0,2019-06-12 20:35:58,48,34.33118843948625,35.135159549256066,True
436,0,2019-06-12 19:35:58,49,34.33828463486945,35.12787780302884,True
436,0,2019-06-12 18:35:58,50,34.343458412557574,35.12112060504994,True
436,0,2019-06-12 17:35:58,51,34.34910522895584,35.11275278550232,True
436,0,2019-06-12 16:35:58,52,34.35330659353672,35.10631425488637,True
436,0,2019-06-12 15:35:58,53,34.35925733194871,35.09513991253696,True
436,0,2019-06-12 14:35:58,54,34.363426212654915,35.08798334239908,True
436,0,2019-06-12 13:35:58,55,34.368001034958425,35.07852728333169,True
436,0,2019-06-12 12:35:58,56,34.37120752744911,35.07127417878903,True
436,0,2019-06-12 11:35:58,57,34.3743031304443,35.06359842202059,True
436,0,2019-06-12 10:35:58,58,34.37718147129695,35.05463106621895,True
436,0,2019-06-12 09:35:58,59,34.37945457002494,35.04681223153933,True
436,0,2019-06-12 08:35:58,60,34.38449377348026,35.040743849607566,True
436,0,2019-06-12 07:35:58,61,34.38832027430881,35.03737775187118,True
436,0,2019-06-12 06:35:58,62,34.392907453969976,35.03060115044853,True
436,0,2019-06-12 05:35:58,63,34.39840456564231,35.02237660219742,True
436,0,2019-06-12 04:35:58,64,34.403202793823446,35.014302968578285,True
436,0,2019-06-12 03:35:58,65,34.40573367906362,35.007757313501905,True
436,0,2019-06-12 02:35:58,66,34.40915631219779,35.000814455121564,True
436,0,2019-06-12 01:35:58,67,34.41181048412571,34.99390566870313,True
436,0,2019-06-12 00:35:58,68,34.41200419159297,34.986982255673226,True
436,0,2019-06-11 23:35:58,69,34.41431692816005,34.98246904336933,True
436,0,2019-06-11 22:35:58,70,34.414283226922706,34.977520883888324,True
436,0,2019-06-11 21:35:58,71,34.41289662322286,34.97701289206353,True
436,0,2019-06-11 20:35:58,72,34.41218570726844,34.974964409460476,True
436,1,2019-06-14 20:35:58,0,34.083954,35.270177,True
436,1,2019-06-14 19:35:58,1,34.08997483429274,35.2749130029681,True
436,1,2019-06-14 18:35:58,2,34.09301888916711,35.27870565079271,True
436,1,2019-06-14 17:35:58,3,34.09627375622244,35.28079205928772,True
436,1,2019-06-14 16:35:58,4,34.10169894359476,35.284914490281736,True
436,1,2019-06-14 15:35:58,5,34.10632928074784,35.286087028335814,True
436,1,2019-06-14 14:35:58,6,34.112306905650584,35.28627716843826,True
436,1,2019-06-14 13:35:58,7,34.11469763865879,35.286602163585385,True
436,1,2019-06-14 12:35:58,8,34.12047111015542,35.28593041230729,True
436,1,2019-06-14 11:35:58,9,34.12442641499641,35.28454279582093,True
436,1,2019-06-14 10:35:58,10,34.124534130469826,35.28025029153541,True
436,1,2019-06-14 09:35:58,11,34.12519115119038,35.276394316631766,True
436,1,2019-06-14 08:35:58,12,34.12809389961031,35.27481346440953,True
436,1,2019-06-14 07:35:58,13,34.12993450840205,35.27272828157662,True
436,1,2019-06-14 06:35:58,14,34.13368936942271,35.27277016619644,True
436,1,2019-06-14 05:35:58,15,34.13702961423267,35.26846880992247,True
436,1,2019-06-14 04:35:58,16,34.14149331951672,35.261674483800974,True
436,1,2019-06-14 03:35:58,17,34.14379939130397,35.25941365340449,True
436,1,2019-06-14 02:35:58,18,34.14668102199432,35.25866332085217,True
436,1,2019-06-14 01:35:58,19,34.14860299895625,35.25689509949146,True
436,1,2019-06-14 00:35:58,20,34.14817254330224,35.25666788120034,True
436,1,2019-06-13 23:35:58,21,34.14611968102396,35.25780736356871,True
436,1,2019-06-13 22:35:58,22,34.14636842886763,35.26034876810786,True
436,1,2019-06-13 21:35:58,23,34.147538433006275,35.269262110895994,True
436,1,2019-06-13 20:35:58,24,34.151113452448115,35.27504281204696,True
436,1,2019-06-13 19:35:58,25,34.15471432636759,35.28245024397403,True
436,1,2019-06-13 18:35:58,26,34.16020009974929,35.28765140663667,True
436,1,2019-06-13 17:35:58,27,34.1679258749901,35.293907009067176,True
436,1,2019-06-13 16:35:58,28,34.17236458441304,35.29549094828468,True
436,1,2019-06-13 15:35:58,29,34.17988919418088,35.29319392818497,True
436,1,2019-06-13 14:35:58,30,34.18673592941303,35.28823618902596,True
436,1,2019-06-13 13:35:58,31,34.19476960565545,35.283019672610415,True
436,1,2019-06-13 12:35:58,32,34.200763925455135,35.27488840928156,True
436,1,2019-06-13 11:35:58,33,34.20705245372042,35.26687035264751,True
436,1,2019-06-13 10:35:58,34,34.212825032562165,35.25677951187047,True
436,1,2019-06-13 09:35:58,35,34.215885307215565,35.2474717112241,True
436,1,2019-06-13 08:35:58,36,34.217701623425874,35.24084088422474,True
436,1,2019-06-13 07:35:58,37,34.2174977913615,35.23246330206072,True
436,1,2019-06-13 06:35:58,38,34.218816415106744,35.225124880673775,True
436,1,2019-06-13 05:35:58,39,34.21891024513324,35.22178853152799,True
436,1,2019-06-13 04:35:58,40,34.22012859219779,35.21663263933013,True
436,1,2019-06-13 03:35:58,41,34.22102293211256,35.21213369178652,True
436,1,2019-06-13 02:35:58,42,34.22406069071472,35.20848139383733,True
436,1,2019-06-13 01:35:58,43,34.22426172634946,35.20656713210121,True
436,1,2019-06-13 00:35:58,44,34.22709835369934,35.20006251518004,True
436,1,2019-06-12 23:35:58,45,34.22918337386115,35.20021771531698,True
436,1,2019-06-12 22:35:58,46,34.23268756395435,35.19890983989049,True
436,1,2019-06-12 21:35:58,47,34.237601364510624,35.19418229958587,True
436,1,2019-06-12 20:35:58,48,34.24330958264181,35.19301664431652,True
436,1,2019-06-12 19:35:58,49,34.248952623604914,35.18947618196966,True
436,1,2019-06-12 18:35:58,50,34.255888544478545,35.185108156968475,True
436,1,2019-06-12 17:35:58,51,34.26365076762155,35.180485765440345,True
436,1,2019-06-12 16:35:58,52,34.271366021619606,35.175646864702124,True
436,1,2019-06-12 15:35:58,53,34.27800085666313,35.16460460697599,True
436,1,2019-06-12 14:35:58,54,34.286041217346515,35.153971734637544,True
436,1,2019-06-12 13:35:58,55,34.294330350850174,35.14409239273682,True
436,1,2019-06-12 12:35:58,56,34.30045747302929,35.13489292714313,True
436,1,2019-06-12 11:35:58,57,34.307285654225176,35.12411879518886,True
436,1,2019-06-12 10:35:58,58,34.311703791194425,35.11656623848626,True
436,1,2019-06-12 09:35:58,59,34.3152704627873,35.1111294739483,True
436,1,2019-06-12 08:35:58,60,34.31990408349359,35.10328236174657,True
436,1,2019-06-12 07:35:58,61,34.32365575675117,35.09901059653195,True
436,1,2019-06-12 06:35:58,62,34.325242435054605,35.0937412627538,True
436,1,2019-06-12 05:35:58,63,34.32964307108587,35.08532868139897,True
436,1,2019-06-12 04:35:58,64,34.33153186955063,35.080889907692324,True
436,1,2019-06-12 03:35:58,65,34.33617426955461,35.07390586153923,True
436,1,2019-06-12 02:35:58,66,34.33613102595696,35.06739052362224,True
436,1,2019-06-12 01:35:58,67,34.33858279474074,35.0609515840085,True
436,1,2019-06-12 00:35:58,68,34.33902200022105,35.05308032632115,True
436,1,2019-06-11 23:35:58,69,34.34062697372047,35.04646200595326,True
436,1,2019-06-11 22:35:58,70,34.34259504684163,35.04194926736447,True
436,1,2019-06-11 21:35:58,71,34.34404996277469,35.042691165557045,True
436,1,2019-06-11 20:35:58,72,34.34553808468663,35.04302709397891,True
436,2,2019-06-14 20:35:58,0,34.083954,35.270177,True
436,2,2019-06-14 19:35:58,1,34.088676694309825,35.272462437599565,True
436,2,2019-06-14 18:35:58,2,34.09309170249251,35.27489958766673,True
436,2,2019-06-14 17:35:58,3,34.09817158354082,35.276898897915544,True
436,2,2019-06-14 16:35:58,4,34.100024962854036,35.279076716989664,True
436,2,2019-06-14 15:35:58,5,34.10628146237126,35.28045893449401,True
436,2,2019-06-14 14:35:58,6,34.10991304034675,35.28198018716556,True
436,2,2019-06-14 13:35:58,7,34.113163361608784,35.28326621433067,True
436,2,2019-06-14 12:35:58,8,34.11915246787948,35.28460930445533,True
436,2,2019-06-14 11:35:58,9,34.12254604567301,35.28193642221473,True
436,2,2019-06-14 10:35:58,10,34.1292254374158,35.28049785571102,True
436,2,2019-06-14 09:35:58,11,34.13727215022813,35.27944316891888,True
436,2,2019-06-14 08:35:58,12,34.142827330095564,35.27939153944703,True
436,2,2019-06-14 07:35:58,13,34.147119573798726,35.2739171437509,True
436,2,2019-06-14 06:35:58,14,34.15053513011465,35.27436885067086,True
436,2,2019-06-14 05:35:58,15,34.156351699249406,35.27326102247428,True
436,2,2019-06-14 04:35:58,16,34.16114340399561,35.271141783970016,True
436,2,2019-06-14 03:35:58,17,34.16232002275846,35.265151931048784,True
436,2,2019-06-14 02:35:58,18,34.16636404019103,35.26291835831652,True
436,2,2019-06-14 01:35:58,19,34.16831340539304,35.26148578591778,True
436,2,2019-06-14 00:35:58,20,34.17121010560868,35.258511165759636,True
436,2,2019-06-13 23:35:58,21,34.17150757455856,35.25609343939769,True
436,2,2019-06-13 22:35:58,22,34.172354205344725,35.25653989559333,True
436,2,2019-06-13 21:35:58,23,34.17542454556116,35.25925847574914,True
436,2,2019-06-13 20:35:58,24,34.17791585444918,35.266093281127,True
436,2,2019-06-13 19:35:58,25,34.18452958330069,35.272083506994925,True
436,2,2019-06-13 18:35:58,26,34.18974219273342,35.27784396272934,True
436,2,2019-06-13 17:35:58,27,34.19870134048974,35.278166266342986,True
436,2,2019-06-13 16:35:58,28,34.208203672931276,35.277424658192984,True
436,2,2019-06-13 15:35:58,29,34.21723391829634,35.27111172190342,True
436,2,2019-06-13 14:35:58,30,34.223406787110946,35.26361252031422,True
436,2,2019-06-13 13:35:58,31,34.23316969005389,35.255075862727885,True
436,2,2019-06-13 12:35:58,32,34.24023962308788,35.24462543512585,True
436,2,2019-06-13 11:35:58,33,34.24550189886429,35.23505239619784,True
436,2,2019-06-13 10:35:58,34,34.249528325758575,35.22455041101809,True
436,2,2019-06-13 09:35:58,35,34.25538628108096,35.21494303674553,True
436,2,2019-06-13 08:35:58,36,34.25913034853374,35.20345873734496,True
436,2,2019-06-13 07:35:58,37,34.26407992069931,35.19535612972621,True
436,2,2019-06-13 06:35:58,38,34.265772956967034,35.186680383323946,True
436,2,2019-06-13 05:35:58,39,34.27102032425842,35.178817610015116,True
436,2,2019-06-13 04:35:58,40,34.27413776084252,35.17121133298512,True
436,2,2019-06-13 03:35:58,41,34.277253294990246,35.1658366465178,True
436,2,2019-06-13 02:35:58,42,34.27984767683136,35.16073663333374,True
436,2,2019-06-13 01:35:58,43,34.285347430285206,35.157781768365666,True
436,2,2019-06-13 00:35:58,44,34.28908517063904,35.1537005412038,True
436,2,2019-06-12 23:35:58,45,34.293808113658656,35.1504182768772,True
436,2,2019-06-12 22:35:58,46,34.300453344891594,35.14624073420657,True
436,2,2019-06-12 21:35:58,47,34.30672609385836,35.1377782114696,True
436,2,2019-06-12 20:35:58,48,34.309807836581776,35.13205527043645,True
436,2,2019-06-12 19:35:58,49,34.314122028050676,35.123726293082356,True
436,2,2019-06-12 18:35:58,50,34.31894203734403,35.11537940581589,True
436,2,2019-06-12 17:35:58,51,34.324834350399556,35.107102231795395,True
436,2,2019-06-12 16:35:58,52,34.33133028432339,35.101012575982885,True
436,2,2019-06-12 15:35:58,53,34.335847106183834,35.09294238579796,True
436,2,2019-06-12 14:35:58,54,34.3412506120644,35.07916373501637,True
436,2,2019-06-12 13:35:58,55,34.34394911228909,35.06997501481529,True
436,2,2019-06-12 12:35:58,56,34.347290561533164,35.059887185235844,True
436,2,2019-06-12 11:35:58,57,34.350521616577396,35.05090030805133,True
436,2,2019-06-12 10:35:58,58,34.3520849378278,35.044740230916936,True
436,2,2019-06-12 09:35:58,59,34.354929617675076,35.03493154575403,True
436,2,2019-06-12 08:35:58,60,34.3577111867474,35.02808518852614,True
436,2,2019-06-12 07:35:58,61,34.361202383866896,35.0210711494659,True
436,2,2019-06-12 06:35:58,62,34.36666436556468,35.01108966521601,True
436,2,2019-06-12 05:35:58,63,34.36716028784347,35.00370184215048,True
436,2,2019-06-12 04:35:58,64,34.370804686254985,34.9963460968808,True
436,2,2019-06-12 03:35:58,65,34.372560257335024,34.99124559161176,True
436,2,2019-06-12 02:35:58,66,34.37300232062839,34.9865917211832,True
436,2,2019-06-12 01:35:58,67,34.37308357529149,34.97711007945109,True
436,2,2019-06-12 00:35:58,68,34.370995161233594,34.970404621705825,True
436,2,2019-06-11 23:35:58,69,34.367006068284276,34.966970467604554,True
436,2,2019-06-11 22:35:58,70,34.364286276598754,34.96392377290867,True
436,2,2019-06-11 21:35:58,71,34.36240507238262,34.96166896920859,True
436,2,2019-06-11 20:35:58,72,34.36327037185776,34.959872036167795,True
436,3,2019-06-14 20:35:58,0,34.083954,35.270177,True
436,3,2019-06-14 19:35:58,1,34.088094681465634,35.271648197040264,True
436,3,2019-06-14 18:35:58,2,34.094306585779414,35.27325036025578,True
436,3,2019-06-14 17:35:58,3,34.098819172326586,35.27399855206036,True
436,3,2019-06-14 16:35:58,4,34.10477215677976,35.27532787545005,True
436,3,2019-06-14 15:35:58,5,34.10993744180207,35.27681497543276,True
436,3,2019-06-14 14:35:58,6,34.11455069862028,35.27733886062387,True
436,3,2019-06-14 13:35:58,7,34.11905014558385,35.27501521899891,True
436,3,2019-06-14 12:35:58,8,34.124406463584265,35.2745609357561,True
436,3,2019-06-14 11:35:58,9,34.13201555661335,35.273273470477854,True
436,3,2019-06-14 10:35:58,10,34.134383978202834,35.271455618435226,True
436,3,2019-06-14 09:35:58,11,34.137247392263575,35.26692629150446,True
436,3,2019-06-14 08:35:58,12,34.14316561506638,35.26675992326446,True
436,3,2019-06-14 07:35:58,13,34.1490207512563,35.26405022697195,True
436,3,2019-06-14 06:35:58,14,34.152975630214044,35.26252391052383,True
436,3,2019-06-14 05:35:58,15,34.158823123797006,35.258442390237555,True
436,3,2019-06-14 04:35:58,16,34.16320907122161,35.25291089824214,True
436,3,2019-06-14 03:35:58,17,34.165317546788515,35.25126364769147,True
436,3,2019-06-14 02:35:58,18,34.16614444267267,35.24965453324336,True
436,3,2019-06-14 01:35:58,19,34.16799599779974,35.24856506536076,True
436,3,2019-06-14 00:35:58,20,34.16940607032228,35.2454049731379,True
436,3,2019-06-13 23:35:58,21,34.16951798913428,35.245311314963445,True
436,3,2019-06-13 22:35:58,22,34.17091500028958,35.2450740229663,True
436,3,2019-06-13 21:35:58,23,34.174455371033446,35.25173476546011,True
436,3,2019-06-13 20:35:58,24,34.18065144078101,35.25561433061582,True
436,3,2019-06-13 19:35:58,25,34.18942881765684,35.25909257285201,True
436,3,2019-06-13 18:35:58,26,34.19746172617951,35.26037896113891,True
436,3,2019-06-13 17:35:58,27,34.20634951223472,35.25976281101858,True
436,3,2019-06-13 16:35:58,28,34.213458219921854,35.2595534737692,True
436,3,2019-06-13 15:35:58,29,34.22148825118064,35.25413726498308,True
436,3,2019-06-13 14:35:58,30,34.231098691924814,35.25204166080381,True
436,3,2019-06-13 13:35:58,31,34.241300135026385,35.246542381811885,True
436,3,2019-06-13 12:35:58,32,34.24688897280051,35.23787729699885,True
436,3,2019-06-13 11:35:58,33,34.25535188926525,35.22779889323516,True
436,3,2019-06-13 10:35:58,34,34.25924263838605,35.21919308376073,True
436,3,2019-06-13 09:35:58,35,34.264329938298765,35.210236295575946,True
436,3,2019-06-13 08:35:58,36,34.26598029487195,35.20248140711852,True
436,3,2019-06-13 07:35:58,37,34.270108088858365,35.19073988694928,True
436,3,2019-06-13 06:35:58,38,34.274595280918525,35.182847330197646,True
436,3,2019-06-13 05:35:58,39,34.274858677823204,35.17752844425817,True
436,3,2019-06-13 04:35:58,40,34.27731255704017,35.17094746336624,True
436,3,2019-06-13 03:35:58,41,34.279674959634356,35.169407348886864,True
436,3,2019-06-13 02:35:58,42,34.28331916308216,35.16613671907332,True
436,3,2019-06-13 01:35:58,43,34.28694925280739,35.16203314729251,True
436,3,2019-06-13 00:35:58,44,34.29111543783673,35.159913705850364,True
436,3,2019-06-12 23:35:58,45,34.29736612649349,35.15231626411397,True
436,3,2019-06-12 22:35:58,46,34.30301289445772,35.148231731055795,True
436,3,2019-06-12 21:35:58,47,34.30786834773157,35.139468223993624,True
436,3,2019-06-12 20:35:58,48,34.312759562545494,35.133758215218734,True
436,3,2019-06-12 19:35:58,49,34.318657665882554,35.12620656269459,True
436,3,2019-06-12 18:35:58,50,34.32526643022142,35.12076970043606,True
436,3,2019-06-12 17:35:58,51,34.33019683462348,35.11553472385254,True
436,3,2019-06-12 16:35:58,52,34.33375733067083,35.10594148464549,True
436,3,2019-06-12 15:35:58,53,34.33923791270846,35.09998823142731,True
436,3,2019-06-12 14:35:58,54,34.34494450442844,35.087148086636724,True
436,3,2019-06-12 13:35:58,55,34.347390513655796,35.07955577099029,True
436,3,2019-06-12 12:35:58,56,34.349798530402516,35.070473483239084,True
436,3,2019-06-12 11:35:58,57,34.3524557740395,35.061819683137884,True
436,3,2019-06-12 10:35:58,58,34.35637175937667,35.05421157318608,True
436,3,2019-06-12 09:35:58,59,34.35789542457223,35.047085437259945,True
436,3,2019-06-12 08:35:58,60,34.36143593734951,35.04060694204602,True
436,3,2019-06-12 07:35:58,61,34.36589281389304,35.033758514521715,True
436,3,2019-06-12 06:35:58,62,34.37153370458794,35.02774798266529,True
436,3,2019-06-12 05:35:58,63,34.37430002912517,35.021251083330526,True
436,3,2019-06-12 04:35:58,64,34.37929811595021,35.01250579738881,True
436,3,2019-06-12 03:35:58,65,34.381338021417214,35.005658607143815,True
436,3,2019-06-12 02:35:58,66,34.38378898844049,34.99759880473316,True
436,3,2019-06-12 01:35:58,67,34.38267571446155,34.98738833880021,True
436,3,2019-06-12 00:35:58,68,34.3828364270962,34.984795149368665,True
436,3,2019-06-11 23:35:58,69,34.38265910121061,34.980090605778926,True
436,3,2019-06-11 22:35:58,70,34.38225832954366,34.97732214086161,True
436,3,2019-06-11 21:35:58,71,34.38515609936849,34.97457019055451,True
436,3,2019-06-11 20:35:58,72,34.3874646527914,34.97674574182618,True
436,4,2019-06-14 20:35:58,0,34.083954,35.270177,True
436,4,2019-06-14 19:35:58,1,34.08873619038245,35.2750448642253,True
436,4,2019-06-14 18:35:58,2,34.094599408138855,35.280607376730266,True
436,4,2019-06-14 17:35:58,3,34.09927187935847,35.283130741173665,True
436,4,2019-06-14 16:35:58,4,34.105545709931306,35.28615047278411,True
436,4,2019-06-14 15:35:58,5,34.10982363402123,35.284526065057875,True
436,4,2019-06-14 14:35:58,6,34.113821734298696,35.28530980682913,True
436,4,2019-06-14 13:35:58,7,34.120143897206866,35.28398836780745,True
436,4,2019-06-14 12:35:58,8,34.1251781244602,35.284851078554496,True
436,4,2019-06-14 11:35:58,9,34.129481623174165,35.283989280577046,True
436,4,2019-06-14 10:35:58,10,34.13380015923373,35.285099716352235,True
436,4,2019-06-14 09:35:58,11,34.140011138629475,35.282853140544916,True
436,4,2019-06-14 08:35:58,12,34.1438342335037,35.281585495610784,True
436,4,2019-06-14 07:35:58,13,34.14859472084067,35.27898523996024,True
436,4,2019-06-14 06:35:58,14,34.14934769311779,35.277203309060646,True
436,4,2019-06-14 05:35:58,15,34.153732697992986,35.27483386041131,True
436,4,2019-06-14 04:35:58,16,34.15728105179513,35.2727129768489,True
436,4,2019-06-14 03:35:58,17,34.15993269720274,35.270382398924895,True
436,4,2019-06-14 02:35:58,18,34.160617636949226,35.26620752071973,True
436,4,2019-06-14 01:35:58,19,34.15940432288131,35.26370110515104,True
436,4,2019-06-14 00:35:58,20,34.160312404876464,35.26308039094185,True
436,4,2019-06-13 23:35:58,21,34.1577619271767,35.26339930143546,True
436,4,2019-06-13 22:35:58,22,34.15677144579536,35.26679374915661,True
436,4,2019-06-13 21:35:58,23,34.15460479344354,35.27142244725501,True
436,4,2019-06-13 20:35:58,24,34.155620002039505,35.27503315654344,True
436,4,2019-06-13 19:35:58,25,34.15999074485291,35.28259336850117,True
436,4,2019-06-13 18:35:58,26,34.167206798546296,35.285821505659214,True
436,4,2019-06-13 17:35:58,27,34.17344918426273,35.28893126286563,True
436,4,2019-06-13 16:35:58,28,34.18179935645067,35.28862607237791,True
436,4,2019-06-13 15:35:58,29,34.19230090678103,35.285358534575764,True
436,4,2019-06-13 14:35:58,30,34.20066792426526,35.28392689614988,True
436,4,2019-06-13 13:35:58,31,34.20778049318963,35.27603824176586,True
436,4,2019-06-13 12:35:58,32,34.215091677685834,35.26592541141275,True
436,4,2019-06-13 11:35:58,33,34.22376142397476,35.25452150697207,True
436,4,2019-06-13 10:35:58,34,34.2311633055797,35.24666555032431,True
436,4,2019-06-13 09:35:58,35,34.23584192554772,35.23567933129885,True
436,4,2019-06-13 08:35:58,36,34.23997426190718,35.22416710687135,True
436,4,2019-06-13 07:35:58,37,34.242423850264856,35.216291370710934,True
436,4,2019-06-13 06:35:58,38,34.24401236400327,35.21058796532192,True
436,4,2019-06-13 05:35:58,39,34.24255442265304,35.2074856060484,True
436,4,2019-06-13 04:35:58,40,34.24459484919465,35.19891341391037,True
436,4,2019-06-13 03:35:58,41,34.247071141634855,35.192712068530575,True
436,4,2019-06-13 02:35:58,42,34.25177770351146,35.189925340262064,True
436,4,2019-06-13 01:35:58,43,34.25564775785861,35.18541011010152,True
436,4,2019-06-13 00:35:58,44,34.258165190835854,35.18255898318204,True
436,4,2019-06-12 23:35:58,45,34.26422593739589,35.17890265825385,True
436,4,2019-06-12 22:35:58,46,34.26980872516681,35.17551383677467,True
436,4,2019-06-12 21:35:58,47,34.27284871049928,35.17327203257126,True
436,4,2019-06-12 20:35:58,48,34.27953264877313,35.16983642680253,True
436,4,2019-06-12 19:35:58,49,34.286343408327426,35.16545663199326,True
436,4,2019-06-12 18:35:58,50,34.292965741479954,35.15868819033375,True
436,4,2019-06-12 17:35:58,51,34.30076034648156,35.15497032549364,True
436,4,2019-06-12 16:35:58,52,34.30676749351189,35.14992106780888,True
436,4,2019-06-12 15:35:58,53,34.31387457179798,35.14090733853455,True
436,4,2019-06-12 14:35:58,54,34.31954059191249,35.12951072485286,True
436,4,2019-06-12 13:35:58,55,34.3219364963658,35.12078986942246,True
436,4,2019-06-12 12:35:58,56,34.32638724470408,35.111451523145,True
436,4,2019-06-12 11:35:58,57,34.331233064946375,35.09822495458836,True
436,4,2019-06-12 10:35:58,58,34.33627899113984,35.08995780453476,True
436,4,2019-06-12 09:35:58,59,34.33966210946116,35.08479311108192,True
436,4,2019-06-12 08:35:58,60,34.345889983643104,35.074707638610015,True
436,4,2019-06-12 07:35:58,61,34.35075366360599,35.06950063101228,True
436,4,2019-06-12 06:35:58,62,34.35833247305856,35.06385243774439,True
436,4,2019-06-12 05:35:58,63,34.36287797642852,35.056790058505534,True
436,4,2019-06-12 04:35:58,64,34.36529340570228,35.04758064436654,True
436,4,2019-06-12 03:35:58,65,34.3668739788397,35.03858457116731,True
436,4,2019-06-12 02:35:58,66,34.36995249886725,35.027053285004264,True
436,4,2019-06-12 01:35:58,67,34.370304807427786,35.01831825739265,True
436,4,2019-06-12 00:35:58,68,34.370146950275206,35.00944415483928,True
436,4,2019-06-11 23:35:58,69,34.368927631240645,35.002388127607304,True
436,4,2019-06-11 22:35:58,70,34.37158649728377,34.998656251828635,True
436,4,2019-06-11 21:35:58,71,34.37339318482988,34.99639656290228,True
436,4,2019-06-11 20:35:58,72,34.375258939434,34.99288281055464,True
436,5,2019-06-14 20:35:58,0,34.083954,35.270177,True
436,5,2019-06-14 19:35:58,1,34.086682537820586,35.27274592353657,True
436,5,2019-06-14 18:35:58,2,34.092602867913676,35.27476392077226,True
436,5,2019-06-14 17:35:58,3,34.10006000233871,35.27661886788977,True
436,5,2019-06-14 16:35:58,4,34.104058760901644,35.27899109461739,True
436,5,2019-06-14 15:35:58,5,34.10908427906402,35.281931796981176,True
436,5,2019-06-14 14:35:58,6,34.11329697301818,35.28276636842948,True
436,5,2019-06-14 13:35:58,7,34.118571751260724,35.2820957863663,True
436,5,2019-06-14 12:35:58,8,34.12113031461352,35.28219625362782,True
436,5,2019-06-14 11:35:58,9,34.124281112911824,35.28385275084494,True
436,5,2019-06-14 10:35:58,10,34.13057589755052,35.28092849963302,True
436,5,2019-06-14 09:35:58,11,34.136499638090925,35.279705150226576,True
436,5,2019-06-14 08:35:58,12,34.14238692884997,35.27544260210027,True
436,5,2019-06-14 07:35:58,13,34.14687812888879,35.27490866503456,True
436,5,2019-06-14 06:35:58,14,34.151572841451475,35.27213565038004,True
436,5,2019-06-14 05:35:58,15,34.154538400251056,35.267724185167744,True
436,5,2019-06-14 04:35:58,16,34.15821439877599,35.26316729116676,True
436,5,2019-06-14 03:35:58,17,34.160194264251615,35.25702558012346,True
436,5,2019-06-14 02:35:58,18,34.162500193788674,35.251684937049816,True
436,5,2019-06-14 01:35:58,19,34.162016524545216,35.25018967640686,True
436,5,2019-06-14 00:35:58,20,34.16110531690067,35.252338492581934,True
436,5,2019-06-13 23:35:58,21,34.16154950224128,35.254292016279074,True
436,5,2019-06-13 22:35:58,22,34.162116029478554,35.25783551842042,True
436,5,2019-06-13 21:35:58,23,34.1633806612295,35.26228993869489,True
436,5,2019-06-13 20:35:58,24,34.16925727330725,35.26841689596297,True
436,5,2019-06-13 19:35:58,25,34.176102252013195,35.27446229972529,True
436,5,2019-06-13 18:35:58,26,34.18188940331535,35.277659433091216,True
436,5,2019-06-13 17:35:58,27,34.187720111368094,35.27890615780564,True
436,5,2019-06-13 16:35:58,28,34.1953408446146,35.27864924748773,True
436,5,2019-06-13 15:35:58,29,34.20675753398381,35.27671248809886,True
436,5,2019-06-13 14:35:58,30,34.216815223902636,35.26963167978288,True
436,5,2019-06-13 13:35:58,31,34.226110092960816,35.263715094660505,True
436,5,2019-06-13 12:35:58,32,34.23439189767334,35.25262824209819,True
436,5,2019-06-13 11:35:58,33,34.24298333218621,35.24271543160923,True
436,5,2019-06-13 10:35:58,34,34.248976883618695,35.232689326351625,True
436,5,2019-06-13 09:35:58,35,34.252569632234035,35.22424305354324,True
436,5,2019-06-13 08:35:58,36,34.25518722757463,35.21455229673893,True
436,5,2019-06-13 07:35:58,37,34.25621604495293,35.20760613817761,True
436,5,2019-06-13 06:35:58,38,34.260770594589715,35.19574544199145,True
436,5,2019-06-13 05:35:58,39,34.26185724650274,35.18876579182915,True
436,5,2019-06-13 04:35:58,40,34.26395880819913,35.18307501948154,True
436,5,2019-06-13 03:35:58,41,34.265477001813046,35.17732175812354,True
436,5,2019-06-13 02:35:58,42,34.26848235403944,35.17430106895046,True
436,5,2019-06-13 01:35:58,43,34.27406853263677,35.17219557135405,True
436,5,2019-06-13 00:35:58,44,34.27862938457998,35.16614934703857,True
436,5,2019-06-12 23:35:58,45,34.28236314983777,35.161160870254506,True
436,5,2019-06-12 22:35:58,46,34.28780094185114,35.155147122592794,True
436,5,2019-06-12 21:35:58,47,34.29342779399599,35.15168268960103,True
436,5,2019-06-12 20:35:58,48,34.29972616578553,35.14246289574202,True
436,5,2019-06-12 19:35:58,49,34.30571264037879,35.134731468188676,True
436,5,2019-06-12 18:35:58,50,34.31217387300505,35.12786973822016,True
436,5,2019-06-12 17:35:58,51,34.31795331708266,35.12139261269981,True
436,5,2019-06-12 16:35:58,52,34.324120802974456,35.11564619630689,True
436,5,2019-06-12 15:35:58,53,34.328957082108424,35.10608463075834,True
436,5,2019-06-12 14:35:58,54,34.3331239000608,35.09343547804142,True
436,5,2019-06-12 13:35:58,55,34.337308784900046,35.08445825988297,True
436,5,2019-06-12 12:35:58,56,34.337948963310566,35.073307282939616,True
436,5,2019-06-12 11:35:58,57,34.34227055916307,35.064191707407964,True
436,5,2019-06-12 10:35:58,58,34.34536781382301,35.05584712793688,True
436,5,2019-06-12 09:35:58,59,34.34925808091317,35.0471742858062,True
436,5,2019-06-12 08:35:58,60,34.35233848609854,35.040694343651055,True
436,5,2019-06-12 07:35:58,61,34.35657866564415,35.03183326174941,True
436,5,2019-06-12 06:35:58,62,34.36255974981192,35.02468307160917,True
436,5,2019-06-12 05:35:58,63,34.36794044887106,35.01631892353921,True
436,5,2019-06-12 04:35:58,64,34.370953702639795,35.0066621411449,True
436,5,2019-06-12 03:35:58,65,34.37501218028605,34.996514606792296,True
436,5,2019-06-12 02:35:58,66,34.374504210493754,34.98943577452389,True
436,5,2019-06-12 01:35:58,67,34.3733069900135,34.979139944094456,True
436,5,2019-06-12 00:35:58,68,34.3746091442547,34.97330572564388,True
436,5,2019-06-11 23:35:58,69,34.37482445119578,34.9685062195046,True
436,5,2019-06-11 22:35:58,70,34.3771678803511,34.966697736467594,True
436,5,2019-06-11 21:35:58,71,34.37668384143382,34.96360309363618,True
436,5,2019-06-11 20:35:58,72,34.37657349104431,34.959485743651776,True
49,0,2019-06-14 20:35:58,0,34.067092,35.261431,True
49,0,2019-06-14 19:35:58,1,34.06959159401673,35.263554479982815,True
49,0,2019-06-14 18:35:58,2,34.073174383332045,35.26782558667068,True
49,0,2019-06-14 17:35:58,3,34.07694763396512,35.269864398384286,True
49,0,2019-06-14 16:35:58,4,34.08062171573639,35.270845592979654,True
49,0,2019-06-14 15:35:58,5,34.08684838819345,35.27293159352516,True
49,0,2019-06-14 14:35:58,6,34.09610721659613,35.27427510703212,True
49,0,2019-06-14 13:35:58,7,34.10152394239891,35.275267322185215,True
49,0,2019-06-14 12:35:58,8,34.10562733431962,35.274980276118775,True
49,0,2019-06-14 11:35:58,9,34.109022470592706,35.27000628609285,True
49,0,2019-06-14 10:35:58,10,34.11506939024833,35.27071829299794,True
49,0,2019-06-14 09:35:58,11,34.119784958705885,35.26996119335892,True
49,0,2019-06-14 08:35:58,12,34.12479329580361,35.265694764740246,True
49,0,2019-06-14 07:35:58,13,34.13183647284347,35.261825888452194,True
49,0,2019-06-14 06:35:58,14,34.137748569009915,35.261037994866136,True
49,0,2019-06-14 05:35:58,15,34.14386824840762,35.25765699008111,True
49,0,2019-06-14 04:35:58,16,34.15005987670456,35.254883186523976,True
49,0,2019-06-14 03:35:58,17,34.15366000636402,35.250703260425354,True
49,0,2019-06-14 02:35:58,18,34.154093732184805,35.248114743772554,True
49,0,2019-06-14 01:35:58,19,34.1538332046016,35.24607477759281,True
49,0,2019-06-14 00:35:58,20,34.15358824393189,35.245257468451626,True
49,0,2019-06-13 23:35:58,21,34.15309380309099,35.246366801444026,True
49,0,2019-06-13 22:35:58,22,34.15093618994248,35.251988062168614,True
49,0,2019-06-13 21:35:58,23,34.15237069146668,35.254623724156204,True
49,0,2019-06-13 20:35:58,24,34.1554980250931,35.25900976197399,True
49,0,2019-06-13 19:35:58,25,34.16047825613751,35.26183226513536,True
49,0,2019-06-13 18:35:58,26,34.16538241510945,35.26639381472375,True
49,0,2019-06-13 17:35:58,27,34.17393105832744,35.26907108781981,True
49,0,2019-06-13 16:35:58,28,34.18243411044225,35.270911577775465,True
49,0,2019-06-13 15:35:58,29,34.19193662654216,35.268743021435164,True
49,0,2019-06-13 14:35:58,30,34.20163752296954,35.264085385933484,True
49,0,2019-06-13 13:35:58,31,34.21142061175453,35.25605872095712,True
49,0,2019-06-13 12:35:58,32,34.220280549232456,35.24673265218955,True
49,0,2019-06-13 11:35:58,33,34.22864869531447,35.23677076017784,True
49,0,2019-06-13 10:35:58,34,34.234995236425966,35.227768230059304,True
49,0,2019-06-13 09:35:58,35,34.24123088108681,35.21942594833321,True
49,0,2019-06-13 08:35:58,36,34.24433479269926,35.20981230985661,True
49,0,2019-06-13 07:35:58,37,34.2482836812418,35.20289919630792,True
49,0,2019-06-13 06:35:58,38,34.25210724120797,35.196630855503166,True
49,0,2019-06-13 05:35:58,39,34.25487964008747,35.1936302079928,True
49,0,2019-06-13 04:35:58,40,34.257695438051144,35.19002815100298,True
49,0,2019-06-13 03:35:58,41,34.261027564673206,35.18520169884241,True
49,0,2019-06-13 02:35:58,42,34.26695919283424,35.18241752089591,True
49,0,2019-06-13 01:35:58,43,34.27149353760103,35.18127810455567,True
49,0,2019-06-13 00:35:58,44,34.27517622922791,35.17938107531854,True
49,0,2019-06-12 23:35:58,45,34.28016789556234,35.175966125764575,True
49,0,2019-06-12 22:35:58,46,34.28367618244087,35.175171994531205,True
49,0,2019-06-12 21:35:58,47,34.29260109835874,35.16970880946621,True
49,0,2019-06-12 20:35:58,48,34.296958620160126,35.165066754958445,True
49,0,2019-06-12 19:35:58,49,34.303143514357906,35.15872853338237,True
49,0,2019-06-12 18:35:58,50,34.30889164599746,35.1505815283016,True
49,0,2019-06-12 17:35:58,51,34.31753091452209,35.14294062497576,True
49,0,2019-06-12 16:35:58,52,34.32432024586702,35.13276843771123,True
49,0,2019-06-12 15:35:58,53,34.33081171670761,35.12600031139569,True
49,0,2019-06-12 14:35:58,54,34.33659123258105,35.118306268161824,True
49,0,2019-06-12 13:35:58,55,34.3397086132514,35.11075912645922,True
49,0,2019-06-12 12:35:58,56,34.34207334550474,35.10033693970055,True
49,0,2019-06-12 11:35:58,57,34.34428866654342,35.09206107594148,True
49,0,2019-06-12 10:35:58,58,34.3457107673964,35.08362979617026,True
49,0,2019-06-12 09:35:58,59,34.35112021263977,35.07845221388677,True
49,0,2019-06-12 08:35:58,60,34.35481104303586,35.07480931258047,True
49,0,2019-06-12 07:35:58,61,34.358986201005116,35.06842699758836,True
49,0,2019-06-12 06:35:58,62,34.36308065207389,35.06441667889236,True
49,0,2019-06-12 05:35:58,63,34.36529276986264,35.05714866964463,True
49,0,2019-06-12 04:35:58,64,34.371149509113785,35.05133776098482,True
49,0,2019-06-12 03:35:58,65,34.373607837327306,35.043044389366514,True
49,0,2019-06-12 02:35:58,66,34.37570548064092,35.036839148834645,True
49,0,2019-06-12 01:35:58,67,34.379118788625945,35.02820360666087,True
49,0,2019-06-12 00:35:58,68,34.38066335785904,35.020043772468405,True
49,0,2019-06-11 23:35:58,69,34.380397689429024,35.016202364923494,True
49,0,2019-06-11 22:35:58,70,34.38129029518237,35.01268861677021,True
49,0,2019-06-11 21:35:58,71,34.38027853967392,35.00889075749951,True
49,0,2019-06-11 20:35:58,72,34.38287011802632,35.00776265181702,True
49,1,2019-06-14 20:35:58,0,34.067092,35.261431,True
49,1,2019-06-14 19:35:58,1,34.0737156310222,35.2647294318516,True
49,1,2019-06-14 18:35:58,2,34.07796275372015,35.26337520721692,True
49,1,2019-06-14 17:35:58,3,34.08550683988741,35.26446290801679,True
49,1,2019-06-14 16:35:58,4,34.09442639445761,35.26702633804146,True
49,1,2019-06-14 15:35:58,5,34.10076072662593,35.27017727387443,True
49,1,2019-06-14 14:35:58,6,34.10656750293458,35.27008362441961,True
49,1,2019-06-14 13:35:58,7,34.111780680597555,35.27063567185113,True
49,1,2019-06-14 12:35:58,8,34.11928902569297,35.27114038584525,True
49,1,2019-06-14 11:35:58,9,34.1243593514631,35.27009870369512,True
49,1,2019-06-14 10:35:58,10,34.12708999308841,35.26811770835222,True
49,1,2019-06-14 09:35:58,11,34.128087782294195,35.26658107738542,True
49,1,2019-06-14 08:35:58,12,34.13352754442313,35.2657542864827,True
49,1,2019-06-14 07:35:58,13,34.13621481830365,35.261724344021985,True
49,1,2019-06-14 06:35:58,14,34.140712518894006,35.2575604482028,True
49,1,2019-06-14 05:35:58,15,34.14265378799246,35.25365773660079,True
49,1,2019-06-14 04:35:58,16,34.145117123166756,35.25141090077167,True
49,1,2019-06-14 03:35:58,17,34.14851763670805,35.25048025507764,True
49,1,2019-06-14 02:35:58,18,34.149469861974,35.24706501439239,True
49,1,2019-06-14 01:35:58,19,34.15067253594357,35.24451466171183,True
49,1,2019-06-14 00:35:58,20,34.15005646656176,35.244874072392136,True
49,1,2019-06-13 23:35:58,21,34.147778194628344,35.24873524995132,True
49,1,2019-06-13 22:35:58,22,34.14666740032268,35.252037714007464,True
49,1,2019-06-13 21:35:58,23,34.147035878732055,35.256033828242344,True
49,1,2019-06-13 20:35:58,24,34.1480923191512,35.261936499330844,True
49,1,2019-06-13 19:35:58,25,34.15190311666343,35.265394142559146,True
49,1,2019-06-13 18:35:58,26,34.15599920995355,35.26929241345747,True
49,1,2019-06-13 17:35:58,27,34.16231058652852,35.27195259701559,True
49,1,2019-06-13 16:35:58,28,34.17117948803576,35.27358489510205,True
49,1,2019-06-13 15:35:58,29,34.18095036253404,35.27189056195731,True
49,1,2019-06-13 14:35:58,30,34.186874546098956,35.268852430881616,True
49,1,2019-06-13 13:35:58,31,34.19379964198333,35.25956661835319,True
49,1,2019-06-13 12:35:58,32,34.201026448101516,35.25448790950634,True
49,1,2019-06-13 11:35:58,33,34.20739838743938,35.2441301969863,True
49,1,2019-06-13 10:35:58,34,34.21111995834738,35.23378389963667,True
49,1,2019-06-13 09:35:58,35,34.21505180550508,35.22518789541897,True
49,1,2019-06-13 08:35:58,36,34.218771849594084,35.21970732312926,True
49,1,2019-06-13 07:35:58,37,34.219338819253146,35.21415762400557,True
49,1,2019-06-13 06:35:58,38,34.220363463385276,35.207797810311554,True
49,1,2019-06-13 05:35:58,39,34.222164088077186,35.20104723441865,True
49,1,2019-06-13 04:35:58,40,34.22495844361829,35.19646868941147,True
49,1,2019-06-13 03:35:58,41,34.2266824105717,35.19129303192684,True
49,1,2019-06-13 02:35:58,42,34.230045013533456,35.18759701311909,True
49,1,2019-06-13 01:35:58,43,34.23216128204167,35.18352095285947,True
49,1,2019-06-13 00:35:58,44,34.23606127332354,35.18050381099183,True
49,1,2019-06-12 23:35:58,45,34.23865335438117,35.17706378491365,True
49,1,2019-06-12 22:35:58,46,34.243573733761096,35.17410217633098,True
49,1,2019-06-12 21:35:58,47,34.24804505916766,35.17355689902878,True
49,1,2019-06-12 20:35:58,48,34.253280859187925,35.170874950997586,True
49,1,2019-06-12 19:35:58,49,34.258840875185875,35.16801880059203,True
49,1,2019-06-12 18:35:58,50,34.26747696185334,35.162328182252175,True
49,1,2019-06-12 17:35:58,51,34.27473931384178,35.156953026235996,True
49,1,2019-06-12 16:35:58,52,34.2817929423654,35.1489382039234,True
49,1,2019-06-12 15:35:58,53,34.291058057360544,35.14039563594213,True
49,1,2019-06-12 14:35:58,54,34.298587626209184,35.13022603452158,True
49,1,2019-06-12 13:35:58,55,34.30544711350109,35.120040920828046,True
49,1,2019-06-12 12:35:58,56,34.3089731039461,35.10956672609656,True
49,1,2019-06-12 11:35:58,57,34.31422331687958,35.09847859529227,True
49,1,2019-06-12 10:35:58,58,34.31848701547014,35.08717608426189,True
49,1,2019-06-12 09:35:58,59,34.321043190355745,35.08086232818159,True
49,1,2019-06-12 08:35:58,60,34.324919800643485,35.072805324302195,True
49,1,2019-06-12 07:35:58,61,34.32958036176377,35.06681014686384,True
49,1,2019-06-12 06:35:58,62,34.33559318239509,35.0608536109707,True
49,1,2019-06-12 05:35:58,63,34.34011044765008,35.05471321028809,True
49,1,2019-06-12 04:35:58,64,34.34463927096398,35.04640129629004,True
49,1,2019-06-12 03:35:58,65,34.347330883146064,35.03755667410887,True
49,1,2019-06-12 02:35:58,66,34.348109739339066,35.028969209481595,True
49,1,2019-06-12 01:35:58,67,34.34837075859725,35.01975182168716,True
49,1,2019-06-12 00:35:58,68,34.34904983012539,35.017022203739764,True
49,1,2019-06-11 23:35:58,69,34.3481942488402,35.01353537204907,True
49,1,2019-06-11 22:35:58,70,34.34465111451482,35.00944488796546,True
49,1,2019-06-11 21:35:58,71,34.34405027829895,35.00715714777882,True
49,1,2019-06-11 20:35:58,72,34.344327868537114,35.007796597259485,True
49,2,2019-06-14 20:35:58,0,34.067092,35.261431,True
49,2,2019-06-14 19:35:58,1,34.07293918427159,35.26552900433952,True
49,2,2019-06-14 18:35:58,2,34.07669740437074,35.27005610270063,True
49,2,2019-06-14 17:35:58,3,34.08076817216367,35.271126862511075,True
49,2,2019-06-14 16:35:58,4,34.08740232873421,35.27235450798973,True
49,2,2019-06-14 15:35:58,5,34.08976589765779,35.27094189500282,True
49,2,2019-06-14 14:35:58,6,34.094219893915884,35.27410580668128,True
49,2,2019-06-14 13:35:58,7,34.09936961318109,35.275650640037064,True
49,2,2019-06-14 12:35:58,8,34.10318404888027,35.272186521720066,True
49,2,2019-06-14 11:35:58,9,34.10872049574378,35.26905299780753,True
49,2,2019-06-14 10:35:58,10,34.11276860933026,35.270384246711664,True
49,2,2019-06-14 09:35:58,11,34.1175573617054,35.27029235116396,True
49,2,2019-06-14 08:35:58,12,34.12146642990579,35.266205099426365,True
49,2,2019-06-14 07:35:58,13,34.12730376970237,35.26515532918751,True
49,2,2019-06-14 06:35:58,14,34.13018952400257,35.26586007011468,True
49,2,2019-06-14 05:35:58,15,34.131551531238166,35.264976630871864,True
49,2,2019-06-14 04:35:58,16,34.13297539237847,35.261614871940914,True
49,2,2019-06-14 03:35:58,17,34.13441017978846,35.26035232174456,True
49,2,2019-06-14 02:35:58,18,34.13533024620694,35.26211660213363,True
49,2,2019-06-14 01:35:58,19,34.13807684822895,35.26210791793221,True
49,2,2019-06-14 00:35:58,20,34.1368873020243,35.2613439634398,True
49,2,2019-06-13 23:35:58,21,34.13566696913632,35.260304644713806,True
49,2,2019-06-13 22:35:58,22,34.13570844796356,35.264023824917196,True
49,2,2019-06-13 21:35:58,23,34.138375632715196,35.269317250594746,True
49,2,2019-06-13 20:35:58,24,34.14233521314865,35.277161138860656,True
49,2,2019-06-13 19:35:58,25,34.14739949637786,35.284288158531425,True
49,2,2019-06-13 18:35:58,26,34.151880267676475,35.29115854614071,True
49,2,2019-06-13 17:35:58,27,34.15873561874072,35.29474583761845,True
49,2,2019-06-13 16:35:58,28,34.167769681905625,35.296838454305174,True
49,2,2019-06-13 15:35:58,29,34.177565040577775,35.29935612503041,True
49,2,2019-06-13 14:35:58,30,34.18851683581739,35.298976561114934,True
49,2,2019-06-13 13:35:58,31,34.197287890513785,35.29503232116681,True
49,2,2019-06-13 12:35:58,32,34.20684045625872,35.286177780157686,True
49,2,2019-06-13 11:35:58,33,34.213702886676714,35.27481570958918,True
49,2,2019-06-13 10:35:58,34,34.220544804340875,35.26537217955062,True
49,2,2019-06-13 09:35:58,35,34.2269126110921,35.253218847613425,True
49,2,2019-06-13 08:35:58,36,34.23086265075249,35.24275391568483,True
49,2,2019-06-13 07:35:58,37,34.234364155392385,35.2352606669404,True
49,2,2019-06-13 06:35:58,38,34.23553490404089,35.2276044948856,True
49,2,2019-06-13 05:35:58,39,34.23797426776198,35.22126885374188,True
49,2,2019-06-13 04:35:58,40,34.238848992526904,35.21718137530666,True
49,2,2019-06-13 03:35:58,41,34.23935340073048,35.212674695586344,True
49,2,2019-06-13 02:35:58,42,34.24361443304308,35.206616738419825,True
49,2,2019-06-13 01:35:58,43,34.24720195068927,35.204513709282786,True
49,2,2019-06-13 00:35:58,44,34.251703929189674,35.203465380582394,True
49,2,2019-06-12 23:35:58,45,34.256848673481684,35.19855136709803,True
49,2,2019-06-12 22:35:58,46,34.263576801103845,35.19583127386476,True
49,2,2019-06-12 21:35:58,47,34.27001727272197,35.19115545894956,True
49,2,2019-06-12 20:35:58,48,34.27645639077388,35.186201855912586,True
49,2,2019-06-12 19:35:58,49,34.28214804743631,35.1808865227089,True
49,2,2019-06-12 18:35:58,50,34.28868864467361,35.17806844086115,True
49,2,2019-06-12 17:35:58,51,34.29527999828188,35.17135350129329,True
49,2,2019-06-12 16:35:58,52,34.30152998970455,35.164314939734645,True
49,2,2019-06-12 15:35:58,53,34.308986013447864,35.15876950293507,True
49,2,2019-06-12 14:35:58,54,34.3139964966447,35.14988976952023,True
49,2,2019-06-12 13:35:58,55,34.31769378676992,35.14056060652466,True
49,2,2019-06-12 12:35:58,56,34.31859303653556,35.1295554209993,True
49,2,2019-06-12 11:35:58,57,34.3228140779603,35.12044900060081,True
49,2,2019-06-12 10:35:58,58,34.32863810773967,35.11410651708212,True
49,2,2019-06-12 09:35:58,59,34.333179537056935,35.10490866189493,True
49,2,2019-06-12 08:35:58,60,34.33819702657932,35.09987930218491,True
49,2,2019-06-12 07:35:58,61,34.34069631831692,35.095660091656704,True
49,2,2019-06-12 06:35:58,62,34.342888671439496,35.09365517062876,True
49,2,2019-06-12 05:35:58,63,34.345027355105934,35.09052601104453,True
49,2,2019-06-12 04:35:58,64,34.34888025075441,35.082068157206024,True
49,2,2019-06-12 03:35:58,65,34.34924637849181,35.07765269964026,True
49,2,2019-06-12 02:35:58,66,34.34991671944586,35.072758096937456,True
49,2,2019-06-12 01:35:58,67,34.350306079746495,35.06824303418213,True
49,2,2019-06-12 00:35:58,68,34.35337336423439,35.06154560044038,True
49,2,2019-06-11 23:35:58,69,34.35352494049902,35.0606306542925,True
49,2,2019-06-11 22:35:58,70,34.35052781995211,35.05814586875153,True
49,2,2019-06-11 21:35:58,71,34.349877977099254,35.052610468738166,True
49,2,2019-06-11 20:35:58,72,34.349925271952294,35.05032701413815,True
49,3,2019-06-14 20:35:58,0,34.067092,35.261431,True
49,3,2019-06-14 19:35:58,1,34.07286571732413,35.26426880568818,True
49,3,2019-06-14 18:35:58,2,34.07660892975573,35.2688838311405,True
49,3,2019-06-14 17:35:58,3,34.0816039639728,35.26959685139729,True
49,3,2019-06-14 16:35:58,4,34.08694163593613,35.271234731096186,True
49,3,2019-06-14 15:35:58,5,34.09002582956522,35.27236132542465,True
49,3,2019-06-14 14:35:58,6,34.093340942923234,35.27381739231452,True
49,3,2019-06-14 13:35:58,7,34.0983704263599,35.27420406318648,True
49,3,2019-06-14 12:35:58,8,34.10443970302485,35.27420013123959,True
49,3,2019-06-14 11:35:58,9,34.10970841562315,35.27518515109044,True
49,3,2019-06-14 10:35:58,10,34.11639404635815,35.27557436563198,True
49,3,2019-06-14 09:35:58,11,34.122655050102715,35.27358436802063,True
49,3,2019-06-14 08:35:58,12,34.128598376314244,35.27202525277469,True
49,3,2019-06-14 07:35:58,13,34.13505348679255,35.27099845188188,True
49,3,2019-06-14 06:35:58,14,34.138568434376324,35.2687552863867,True
49,3,2019-06-14 05:35:58,15,34.1462905906693,35.267053383822926,True
49,3,2019-06-14 04:35:58,16,34.15102401421263,35.26700257275369,True
49,3,2019-06-14 03:35:58,17,34.156811489109664,35.26783124628999,True
49,3,2019-06-14 02:35:58,18,34.15981990425488,35.26505308013153,True
49,3,2019-06-14 01:35:58,19,34.16216474408853,35.264238047211535,True
49,3,2019-06-14 00:35:58,20,34.16367390265877,35.26344844497285,True
49,3,2019-06-13 23:35:58,21,34.16681409382831,35.267277823327056,True
49,3,2019-06-13 22:35:58,22,34.167825493487726,35.27119387093221,True
49,3,2019-06-13 21:35:58,23,34.1735267704823,35.277369939972715,True
49,3,2019-06-13 20:35:58,24,34.17784872706375,35.283089608586046,True
49,3,2019-06-13 19:35:58,25,34.18081160529141,35.28971306602778,True
49,3,2019-06-13 18:35:58,26,34.18868275022326,35.29259460271096,True
49,3,2019-06-13 17:35:58,27,34.19689893709642,35.2935784604538,True
49,3,2019-06-13 16:35:58,28,34.207353984655875,35.292769054115944,True
49,3,2019-06-13 15:35:58,29,34.218466310574684,35.28948027618503,True
49,3,2019-06-13 14:35:58,30,34.227533722557006,35.28330894979424,True
49,3,2019-06-13 13:35:58,31,34.23810336066078,35.275134331218425,True
49,3,2019-06-13 12:35:58,32,34.24742507569953,35.268158157145365,True
49,3,2019-06-13 11:35:58,33,34.25510857936595,35.25999774540817,True
49,3,2019-06-13 10:35:58,34,34.25959930254222,35.251988954560964,True
49,3,2019-06-13 09:35:58,35,34.26213555453691,35.24303388991369,True
49,3,2019-06-13 08:35:58,36,34.26616630219728,35.234149314823846,True
49,3,2019-06-13 07:35:58,37,34.26993935153933,35.224042496920056,True
49,3,2019-06-13 06:35:58,38,34.27397494880477,35.21883369375779,True
49,3,2019-06-13 05:35:58,39,34.27439977873466,35.21370367056425,True
49,3,2019-06-13 04:35:58,40,34.27503550659249,35.20745247247079,True
49,3,2019-06-13 03:35:58,41,34.27598054357048,35.202824231814894,True
49,3,2019-06-13 02:35:58,42,34.27780199556551,35.19761829018292,True
49,3,2019-06-13 01:35:58,43,34.28052519406051,35.195870563660215,True
49,3,2019-06-13 00:35:58,44,34.28614785895315,35.19412922179377,True
49,3,2019-06-12 23:35:58,45,34.29350186770213,35.19371206484959,True
49,3,2019-06-12 22:35:58,46,34.30104464644663,35.19096273292431,True
49,3,2019-06-12 21:35:58,47,34.30878690295518,35.1850236160469,True
49,3,2019-06-12 20:35:58,48,34.31463358466586,35.17908767498537,True
49,3,2019-06-12 19:35:58,49,34.322084753217226,35.17118122140706,True
49,3,2019-06-12 18:35:58,50,34.32724632956949,35.16614966210038,True
49,3,2019-06-12 17:35:58,51,34.33573166463092,35.160238917155745,True
49,3,2019-06-12 16:35:58,52,34.34338883274906,35.15339922773714,True
49,3,2019-06-12 15:35:58,53,34.35012124374296,35.14386861758922,True
49,3,2019-06-12 14:35:58,54,34.35604738812456,35.13358494017922,True
49,3,2019-06-12 13:35:58,55,34.36025782120475,35.12188344197069,True
49,3,2019-06-12 12:35:58,56,34.36278125925776,35.11356586180839,True
49,3,2019-06-12 11:35:58,57,34.366335623727814,35.10451602478398,True
49,3,2019-06-12 10:35:58,58,34.36820295912431,35.09498958196746,True
49,3,2019-06-12 09:35:58,59,34.370891203669004,35.08697724039331,True
49,3,2019-06-12 08:35:58,60,34.373398442548044,35.08314298367488,True
49,3,2019-06-12 07:35:58,61,34.377143139147705,35.0764887323073,True
49,3,2019-06-12 06:35:58,62,34.38328609747952,35.06929567269829,True
49,3,2019-06-12 05:35:58,63,34.386963053873984,35.06345126526999,True
49,3,2019-06-12 04:35:58,64,34.39206363689851,35.05375182247531,True
49,3,2019-06-12 03:35:58,65,34.396239934551744,35.0467072366339,True
49,3,2019-06-12 02:35:58,66,34.400946165933405,35.039810182306425,True
49,3,2019-06-12 01:35:58,67,34.40254391819192,35.034411018648974,True
49,3,2019-06-12 00:35:58,68,34.40345155224536,35.02778675451395,True
49,3,2019-06-11 23:35:58,69,34.40224354089156,35.02262643178978,True
49,3,2019-06-11 22:35:58,70,34.3987925371533,35.017549991695184,True
49,3,2019-06-11 21:35:58,71,34.398699841773514,35.01385336899453,True
49,3,2019-06-11 20:35:58,72,34.39951284901894,35.012803584688,True
49,4,2019-06-14 20:35:58,0,34.067092,35.261431,True
49,4,2019-06-14 19:35:58,1,34.070717379518776,35.26802347401927,True
49,4,2019-06-14 18:35:58,2,34.07476313931403,35.27143187987477,True
49,4,2019-06-14 17:35:58,3,34.080126872299154,35.27782701658556,True
49,4,2019-06-14 16:35:58,4,34.08565872452164,35.27887032147483,True
49,4,2019-06-14 15:35:58,5,34.09188851498399,35.28242988106907,True
49,4,2019-06-14 14:35:58,6,34.09813632590902,35.28078965793096,True
49,4,2019-06-14 13:35:58,7,34.10001730184797,35.28239006785811,True
49,4,2019-06-14 12:35:58,8,34.105085113550885,35.28105375400511,True
49,4,2019-06-14 11:35:58,9,34.11111995028664,35.28077741747377,True
49,4,2019-06-14 10:35:58,10,34.11695076489293,35.28216570066214,True
49,4,2019-06-14 09:35:58,11,34.12395418902525,35.2791149961195,True
49,4,2019-06-14 08:35:58,12,34.12946269989701,35.277416326289476,True
49,4,2019-06-14 07:35:58,13,34.13472345036711,35.27868561896592,True
49,4,2019-06-14 06:35:58,14,34.137933581883665,35.27362201581923,True
49,4,2019-06-14 05:35:58,15,34.14046643719456,35.27120418991103,True
49,4,2019-06-14 04:35:58,16,34.14415965078861,35.27022327890475,True
49,4,2019-06-14 03:35:58,17,34.148448973155325,35.26822249072867,True
49,4,2019-06-14 02:35:58,18,34.14958445352241,35.26598902720295,True
49,4,2019-06-14 01:35:58,19,34.147758005857106,35.26451524683185,True
49,4,2019-06-14 00:35:58,20,34.14892525892393,35.26568790023084,True
49,4,2019-06-13 23:35:58,21,34.14712273266067,35.26970032811093,True
49,4,2019-06-13 22:35:58,22,34.14514150492959,35.27227627347667,True
49,4,2019-06-13 21:35:58,23,34.144829897213434,35.276633655858184,True
49,4,2019-06-13 20:35:58,24,34.14810035048365,35.28221934387759,True
49,4,2019-06-13 19:35:58,25,34.15474676844401,35.28557361946947,True
49,4,2019-06-13 18:35:58,26,34.16059621285075,35.289690145397316,True
49,4,2019-06-13 17:35:58,27,34.16880032295188,35.29155469135484,True
49,4,2019-06-13 16:35:58,28,34.17559713511759,35.29411638481343,True
49,4,2019-06-13 15:35:58,29,34.18189667027857,35.29040451841935,True
49,4,2019-06-13 14:35:58,30,34.19274316463662,35.28595133134749,True
49,4,2019-06-13 13:35:58,31,34.20469200402454,35.28029207324809,True
49,4,2019-06-13 12:35:58,32,34.21518687505619,35.27161797634344,True
49,4,2019-06-13 11:35:58,33,34.22381062211855,35.266353289732564,True
49,4,2019-06-13 10:35:58,34,34.2307098839723,35.25296702576723,True
49,4,2019-06-13 09:35:58,35,34.23576582303999,35.24119042044474,True
49,4,2019-06-13 08:35:58,36,34.23887061353,35.230361644858775,True
49,4,2019-06-13 07:35:58,37,34.243131998589185,35.22219741825766,True
49,4,2019-06-13 06:35:58,38,34.24732928587145,35.21345325392291,True
49,4,2019-06-13 05:35:58,39,34.24926170112907,35.205477273503995,True
49,4,2019-06-13 04:35:58,40,34.24981018942964,35.199961847767334,True
49,4,2019-06-13 03:35:58,41,34.25221558332155,35.19704369874431,True
49,4,2019-06-13 02:35:58,42,34.256359153180874,35.1943842153229,True
49,4,2019-06-13 01:35:58,43,34.260635877458554,35.188126373595615,True
49,4,2019-06-13 00:35:58,44,34.26653918759149,35.18193238575175,True
49,4,2019-06-12 23:35:58,45,34.271674744038506,35.17680027804452,True
49,4,2019-06-12 22:35:58,46,34.2762633580718,35.17264020882638,True
49,4,2019-06-12 21:35:58,47,34.282334823363776,35.169148103494116,True
49,4,2019-06-12 20:35:58,48,34.2871851198343,35.16526246303114,True
49,4,2019-06-12 19:35:58,49,34.293931441704736,35.157760301956095,True
49,4,2019-06-12 18:35:58,50,34.3012483722209,35.14929444426381,True
49,4,2019-06-12 17:35:58,51,34.30970027512696,35.14234504390404,True
49,4,2019-06-12 16:35:58,52,34.31486183394214,35.1342429050857,True
49,4,2019-06-12 15:35:58,53,34.32227844285037,35.12559907125951,True
49,4,2019-06-12 14:35:58,54,34.327354556453024,35.11667376377965,True
49,4,2019-06-12 13:35:58,55,34.33295795450253,35.10393613368341,True
49,4,2019-06-12 12:35:58,56,34.337240083090606,35.09209044742687,True
49,4,2019-06-12 11:35:58,57,34.3401552157966,35.08134322521417,True
49,4,2019-06-12 10:35:58,58,34.34475612994304,35.07278760090647,True
49,4,2019-06-12 09:35:58,59,34.34704329880529,35.06275416555038,True
49,4,2019-06-12 08:35:58,60,34.349952160468334,35.053276544266275,True
49,4,2019-06-12 07:35:58,61,34.35561435625627,35.04760675203623,True
49,4,2019-06-12 06:35:58,62,34.361620731848205,35.040282057684514,True
49,4,2019-06-12 05:35:58,63,34.36700558555683,35.03196806277684,True
49,4,2019-06-12 04:35:58,64,34.37103989856933,35.023192494805215,True
49,4,2019-06-12 03:35:58,65,34.372088150308834,35.01333306750204,True
49,4,2019-06-12 02:35:58,66,34.37115778110493,35.00455447477931,True
49,4,2019-06-12 01:35:58,67,34.372312895880455,34.9955447582673,True
49,4,2019-06-12 00:35:58,68,34.37250335010846,34.98768831288993,True
49,4,2019-06-11 23:35:58,69,34.372765441871024,34.98189064312066,True
49,4,2019-06-11 22:35:58,70,34.36999118674777,34.97554363809287,True
49,4,2019-06-11 21:35:58,71,34.36666997627365,34.97595275957623,True
49,4,2019-06-11 20:35:58,72,34.36714148010886,34.97356512957803,True
49,5,2019-06-14 20:35:58,0,34.067092,35.261431,True
49,5,2019-06-14 19:35:58,1,34.07008735317563,35.26665017925713,True
49,5,2019-06-14 18:35:58,2,34.075501493396054,35.27027994915839,True
49,5,2019-06-14 17:35:58,3,34.07942508460338,35.27087034598538,True
49,5,2019-06-14 16:35:58,4,34.08639277445798,35.27514409312553,True
49,5,2019-06-14 15:35:58,5,34.08972326310032,35.27862501964255,True
49,5,2019-06-14 14:35:58,6,34.09330205226271,35.27990312154374,True
49,5,2019-06-14 13:35:58,7,34.097772085231746,35.27999179745058,True
49,5,2019-06-14 12:35:58,8,34.1020653467954,35.28186223133174,True
49,5,2019-06-14 11:35:58,9,34.10730549006494,35.28192742580931,True
49,5,2019-06-14 10:35:58,10,34.11193560434452,35.282026205683266,True
49,5,2019-06-14 09:35:58,11,34.11565237806036,35.28013536375611,True
49,5,2019-06-14 08:35:58,12,34.119810835531034,35.28010322367132,True
49,5,2019-06-14 07:35:58,13,34.1249132213873,35.27751188330368,True
49,5,2019-06-14 06:35:58,14,34.12792508264426,35.275811777545606,True
49,5,2019-06-14 05:35:58,15,34.13085548203642,35.27443790605519,True
49,5,2019-06-14 04:35:58,16,34.133426385597595,35.27343151511572,True
49,5,2019-06-14 03:35:58,17,34.13322078795714,35.26928282311887,True
49,5,2019-06-14 02:35:58,18,34.13455914010122,35.268780798438854,True
49,5,2019-06-14 01:35:58,19,34.13547888096169,35.26782310839022,True
49,5,2019-06-14 00:35:58,20,34.137497653382184,35.26868521347665,True
49,5,2019-06-13 23:35:58,21,34.13610405504787,35.27385384742689,True
49,5,2019-06-13 22:35:58,22,34.13579017894067,35.27820158539979,True
49,5,2019-06-13 21:35:58,23,34.13597879684203,35.28449404983332,True
49,5,2019-06-13 20:35:58,24,34.14018485299346,35.29121405013313,True
49,5,2019-06-13 19:35:58,25,34.14536381081289,35.298104346989646,True
49,5,2019-06-13 18:35:58,26,34.14938073660259,35.30469798927283,True
49,5,2019-06-13 17:35:58,27,34.158999434376845,35.3087913380783,True
49,5,2019-06-13 16:35:58,28,34.16902562022806,35.30921383194656,True
49,5,2019-06-13 15:35:58,29,34.17875549237888,35.31309830776238,True
49,5,2019-06-13 14:35:58,30,34.185889086426144,35.31026116584721,True
49,5,2019-06-13 13:35:58,31,34.1957914584768,35.30576743185834,True
49,5,2019-06-13 12:35:58,32,34.204639547123776,35.29836248563679,True
49,5,2019-06-13 11:35:58,33,34.21300840906924,35.28867399164339,True
49,5,2019-06-13 10:35:58,34,34.21975796752417,35.282792192658924,True
49,5,2019-06-13 09:35:58,35,34.22515032730617,35.27218789944297,True
49,5,2019-06-13 08:35:58,36,34.22943925111449,35.26288771079523,True
49,5,2019-06-13 07:35:58,37,34.23090027140205,35.25602130945396,True
49,5,2019-06-13 06:35:58,38,34.23297477557786,35.25213657812674,True
49,5,2019-06-13 05:35:58,39,34.23378679313465,35.244589763989715,True
49,5,2019-06-13 04:35:58,40,34.23629199494167,35.239573237663336,True
49,5,2019-06-13 03:35:58,41,34.23733443883795,35.23513615285217,True
49,5,2019-06-13 02:35:58,42,34.24077246284645,35.23079771656296,True
49,5,2019-06-13 01:35:58,43,34.24132819914543,35.22998610064937,True
49,5,2019-06-13 00:35:58,44,34.247518956921645,35.23000023598281,True
49,5,2019-06-12 23:35:58,45,34.2527582096612,35.22520935060812,True
49,5,2019-06-12 22:35:58,46,34.258890342269346,35.22218167164958,True
49,5,2019-06-12 21:35:58,47,34.26213320879448,35.21974885752066,True
49,5,2019-06-12 20:35:58,48,34.26914194475392,35.21901592790116,True
49,5,2019-06-12 19:35:58,49,34.27727814257676,35.21697015020976,True
49,5,2019-06-12 18:35:58,50,34.28610595466844,35.214482849112734,True
49,5,2019-06-12 17:35:58,51,34.29530335045084,35.2073922754782,True
49,5,2019-06-12 16:35:58,52,34.30170458925848,35.202527128206526,True
49,5,2019-06-12 15:35:58,53,34.31072364853213,35.19536544173546,True
49,5,2019-06-12 14:35:58,54,34.318990108712185,35.18845401732283,True
49,5,2019-06-12 13:35:58,55,34.3261219942529,35.177722673733925,True
49,5,2019-06-12 12:35:58,56,34.33184406522652,35.16906228085274,True
49,5,2019-06-12 11:35:58,57,34.33831466652312,35.16182214134666,True
49,5,2019-06-12 10:35:58,58,34.33980912264673,35.151355960903565,True
49,5,2019-06-12 09:35:58,59,34.343220012193974,35.142465860946245,True
49,5,2019-06-12 08:35:58,60,34.34994576590647,35.13583576683536,True
49,5,2019-06-12 07:35:58,61,34.354286927296464,35.129942832729114,True
49,5,2019-06-12 06:35:58,62,34.36167469898118,35.12255471202448,True
49,5,2019-06-12 05:35:58,63,34.3668369365423,35.11739475623671,True
49,5,2019-06-12 04:35:58,64,34.372847527386604,35.112909348392506,True
49,5,2019-06-12 03:35:58,65,34.37673563615252,35.10578155691793,True
49,5,2019-06-12 02:35:58,66,34.38017016380082,35.10187320755475,True
49,5,2019-06-12 01:35:58,67,34.38397683030645,35.092756085238484,True
49,5,2019-06-12 00:35:58,68,34.388919786196475,35.08693313752233,True
49,5,2019-06-11 23:35:58,69,34.390589453852975,35.08251420354549,True
49,5,2019-06-11 22:35:58,70,34.393174689517195,35.074240196278225,True
49,5,2019-06-11 21:35:58,71,34.393817155882125,35.07025689003548,True
49,5,2019-06-11 20:35:58,72,34.394495680780295,35.06707576755638,True
495,0,2019-06-14 20:35:58,0,34.087116,35.271052,True
495,0,2019-06-14 19:35:58,1,34.093290700506735,35.2719887559317,True
495,0,2019-06-14 18:35:58,2,34.10036670158646,35.27482712766232,True
495,0,2019-06-14 17:35:58,3,34.10501331820872,35.275046578885764,True
495,0,2019-06-14 16:35:58,4,34.10867351276038,35.27644869114539,True
495,0,2019-06-14 15:35:58,5,34.11312261670765,35.2777616513062,True
495,0,2019-06-14 14:35:58,6,34.118677805867584,35.27701185227318,True
495,0,2019-06-14 13:35:58,7,34.12184598159431,35.27708486326739,True
495,0,2019-06-14 12:35:58,8,34.12553348452795,35.27641123376137,True
495,0,2019-06-14 11:35:58,9,34.131695801801484,35.27755309579402,True
495,0,2019-06-14 10:35:58,10,34.13775490372998,35.27772339290448,True
495,0,2019-06-14 09:35:58,11,34.14278931599592,35.277028678550316,True
495,0,2019-06-14 08:35:58,12,34.14706373583468,35.275243236324705,True
495,0,2019-06-14 07:35:58,13,34.152151535303275,35.27137860976499,True
495,0,2019-06-14 06:35:58,14,34.15783160665398,35.26955062144044,True
495,0,2019-06-14 05:35:58,15,34.16346168231329,35.267884290629816,True
495,0,2019-06-14 04:35:58,16,34.16876564930332,35.26195376471789,True
495,0,2019-06-14 03:35:58,17,34.17200163167606,35.25509656687694,True
495,0,2019-06-14 02:35:58,18,34.17337746140786,35.25040984748148,True
495,0,2019-06-14 01:35:58,19,34.17480141898654,35.246713175798824,True
495,0,2019-06-14 00:35:58,20,34.1741407655393,35.24762549755879,True
495,0,2019-06-13 23:35:58,21,34.17427992529968,35.251470199452015,True
495,0,2019-06-13 22:35:58,22,34.17394927627746,35.25287962126035,True
495,0,2019-06-13 21:35:58,23,34.17712387504001,35.25963370541253,True
495,0,2019-06-13 20:35:58,24,34.17714943862348,35.2632620233006,True
495,0,2019-06-13 19:35:58,25,34.18173065464909,35.26692857133218,True
495,0,2019-06-13 18:35:58,26,34.188466686161405,35.26913628526779,True
495,0,2019-06-13 17:35:58,27,34.19619829381153,35.26989158902994,True
495,0,2019-06-13 16:35:58,28,34.20581455519789,35.26554723550619,True
495,0,2019-06-13 15:35:58,29,34.21387065665682,35.26393830716188,True
495,0,2019-06-13 14:35:58,30,34.22391588031791,35.25494316148267,True
495,0,2019-06-13 13:35:58,31,34.23068343563497,35.24720356192335,True
495,0,2019-06-13 12:35:58,32,34.23700719524679,35.23862455445673,True
495,0,2019-06-13 11:35:58,33,34.24427553535056,35.22906803001727,True
495,0,2019-06-13 10:35:58,34,34.250249990604715,35.217242733303976,True
495,0,2019-06-13 09:35:58,35,34.25373254876705,35.20910854609656,True
495,0,2019-06-13 08:35:58,36,34.256708108069176,35.20001806352805,True
495,0,2019-06-13 07:35:58,37,34.259813144969414,35.19428419176717,True
495,0,2019-06-13 06:35:58,38,34.26360784422587,35.18781485471817,True
495,0,2019-06-13 05:35:58,39,34.26757954416098,35.1865234128049,True
495,0,2019-06-13 04:35:58,40,34.270558861489135,35.18096495976929,True
495,0,2019-06-13 03:35:58,41,34.275315573665125,35.178875159121766,True
495,0,2019-06-13 02:35:58,42,34.279255155283145,35.17616193649413,True
495,0,2019-06-13 01:35:58,43,34.28087442648757,35.17368745495253,True
495,0,2019-06-13 00:35:58,44,34.285146557302355,35.169953763655286,True
495,0,2019-06-12 23:35:58,45,34.289875590692624,35.16446576224394,True
495,0,2019-06-12 22:35:58,46,34.29439141687425,35.161428121341835,True
495,0,2019-06-12 21:35:58,47,34.30154360652472,35.159195250785096,True
495,0,2019-06-12 20:35:58,48,34.308815835617224,35.15469401550579,True
495,0,2019-06-12 19:35:58,49,34.317698230952864,35.14891192433715,True
495,0,2019-06-12 18:35:58,50,34.32263724232872,35.14032251292954,True
495,0,2019-06-12 17:35:58,51,34.32960330539317,35.13192004844206,True
495,0,2019-06-12 16:35:58,52,34.33709889926676,35.125436500160305,True
495,0,2019-06-12 15:35:58,53,34.342118064035475,35.11614794969785,True
495,0,2019-06-12 14:35:58,54,34.34774400762264,35.10934691042815,True
495,0,2019-06-12 13:35:58,55,34.35355251765871,35.10154782298167,True
495,0,2019-06-12 12:35:58,56,34.35550503625494,35.094041901908824,True
495,0,2019-06-12 11:35:58,57,34.35832974508746,35.08460504251023,True
495,0,2019-06-12 10:35:58,58,34.35945138194845,35.075494876515606,True
495,0,2019-06-12 09:35:58,59,34.36298617248561,35.0716960737464,True
495,0,2019-06-12 08:35:58,60,34.36811805079737,35.062865918002856,True
495,0,2019-06-12 07:35:58,61,34.37235626737532,35.06164057392556,True
495,0,2019-06-12 06:35:58,62,34.37682486908508,35.056422931129724,True
495,0,2019-06-12 05:35:58,63,34.3852561826568,35.05151571043441,True
495,0,2019-06-12 04:35:58,64,34.39050630327444,35.04555489586055,True
495,0,2019-06-12 03:35:58,65,34.3967274999324,35.0382868106778,True
495,0,2019-06-12 02:35:58,66,34.39770596857145,35.02832343033907,True
495,0,2019-06-12 01:35:58,67,34.399985121399794,35.02448826951131,True
495,0,2019-06-12 00:35:58,68,34.40037776604502,35.016406397627364,True
495,0,2019-06-11 23:35:58,69,34.39966321082422,35.01082592279995,True
495,0,2019-06-11 22:35:58,70,34.39921418922314,35.00527330854891,True
495,0,2019-06-11 21:35:58,71,34.39992540594069,35.00351374754561,True
495,0,2019-06-11 20:35:58,72,34.40181339254821,34.99989533666118,True
495,1,2019-06-14 20:35:58,0,34.087116,35.271052,True
495,1,2019-06-14 19:35:58,1,34.09265399245052,35.27351628946214,True
495,1,2019-06-14 18:35:58,2,34.10031940409723,35.2736612495282,True
495,1,2019-06-14 17:35:58,3,34.10567137537684,35.273910999392854,True
495,1,2019-06-14 16:35:58,4,34.109166924127145,35.27470814719447,True
495,1,2019-06-14 15:35:58,5,34.115114390412515,35.27415963043694,True
495,1,2019-06-14 14:35:58,6,34.12001545096258,35.27178645199107,True
495,1,2019-06-14 13:35:58,7,34.12301066457515,35.27227214816931,True
495,1,2019-06-14 12:35:58,8,34.12694023208529,35.27375480422961,True
495,1,2019-06-14 11:35:58,9,34.129353438235555,35.27282210628827,True
495,1,2019-06-14 10:35:58,10,34.1328960085856,35.26745920943413,True
495,1,2019-06-14 09:35:58,11,34.13801562699219,35.2621303392661,True
495,1,2019-06-14 08:35:58,12,34.14159823316998,35.26030006300844,True
495,1,2019-06-14 07:35:58,13,34.14394301595137,35.26126489459337,True
495,1,2019-06-14 06:35:58,14,34.14930040086942,35.258992370654774,True
495,1,2019-06-14 05:35:58,15,34.154066215228916,35.25267587727881,True
495,1,2019-06-14 04:35:58,16,34.1578136854978,35.25039500226817,True
495,1,2019-06-14 03:35:58,17,34.15860895430014,35.24902492751839,True
495,1,2019-06-14 02:35:58,18,34.15949199471742,35.24698123452335,True
495,1,2019-06-14 01:35:58,19,34.15893599424277,35.24545100741427,True
495,1,2019-06-14 00:35:58,20,34.15670372602022,35.24631367356179,True
495,1,2019-06-13 23:35:58,21,34.1550654728729,35.24815818339401,True
495,1,2019-06-13 22:35:58,22,34.15620547883402,35.24976237014047,True
495,1,2019-06-13 21:35:58,23,34.157686380984835,35.254230752988725,True
495,1,2019-06-13 20:35:58,24,34.15955914139102,35.26054923863083,True
495,1,2019-06-13 19:35:58,25,34.162974258592165,35.26624723503427,True
495,1,2019-06-13 18:35:58,26,34.167613889708946,35.26941643392748,True
495,1,2019-06-13 17:35:58,27,34.17124037150221,35.27275016259731,True
495,1,2019-06-13 16:35:58,28,34.18068046540343,35.27381938711259,True
495,1,2019-06-13 15:35:58,29,34.18881500540932,35.27237784046226,True
495,1,2019-06-13 14:35:58,30,34.19549017001267,35.266172502282224,True
495,1,2019-06-13 13:35:58,31,34.205127828764695,35.2613317710427,True
495,1,2019-06-13 12:35:58,32,34.213449254185164,35.25035147058569,True
495,1,2019-06-13 11:35:58,33,34.218843349766225,35.242862228205176,True
495,1,2019-06-13 10:35:58,34,34.221775445541816,35.23062311071734,True
495,1,2019-06-13 09:35:58,35,34.225911018432924,35.21808121578686,True
495,1,2019-06-13 08:35:58,36,34.22665989336636,35.2084415654292,True
495,1,2019-06-13 07:35:58,37,34.22850718823721,35.19961747639494,True
495,1,2019-06-13 06:35:58,38,34.229870852869624,35.19050856165261,True
495,1,2019-06-13 05:35:58,39,34.231513237949706,35.18433316024245,True
495,1,2019-06-13 04:35:58,40,34.23365150730645,35.178218135121526,True
495,1,2019-06-13 03:35:58,41,34.23598707330925,35.17381392951884,True
495,1,2019-06-13 02:35:58,42,34.23844294393641,35.1693824840623,True
495,1,2019-06-13 01:35:58,43,34.241322189444794,35.16462656668172,True
495,1,2019-06-13 00:35:58,44,34.243907860848665,35.15912691922335,True
495,1,2019-06-12 23:35:58,45,34.24636316089048,35.154592514211096,True
495,1,2019-06-12 22:35:58,46,34.250984319856805,35.14878478734713,True
495,1,2019-06-12 21:35:58,47,34.25237382838327,35.14532636828374,True
495,1,2019-06-12 20:35:58,48,34.258788372844336,35.14193757728372,True
495,1,2019-06-12 19:35:58,49,34.26242864689064,35.13796040779488,True
495,1,2019-06-12 18:35:58,50,34.266193312380054,35.13387833478575,True
495,1,2019-06-12 17:35:58,51,34.27346993921298,35.128960887182956,True
495,1,2019-06-12 16:35:58,52,34.279355271966054,35.122039242485094,True
495,1,2019-06-12 15:35:58,53,34.28808973157869,35.116373756678485,True
495,1,2019-06-12 14:35:58,54,34.29425842926484,35.109188229481745,True
495,1,2019-06-12 13:35:58,55,34.298020719098254,35.100196360994026,True
495,1,2019-06-12 12:35:58,56,34.30139817492578,35.092444199957384,True
495,1,2019-06-12 11:35:58,57,34.303928302822754,35.081701118624494,True
495,1,2019-06-12 10:35:58,58,34.30577641823312,35.072504902097236,True
495,1,2019-06-12 09:35:58,59,34.30972681628853,35.06261691307795,True
495,1,2019-06-12 08:35:58,60,34.3130834095524,35.05685606149605,True
495,1,2019-06-12 07:35:58,61,34.31862268238999,35.049617417151005,True
495,1,2019-06-12 06:35:58,62,34.3242173890083,35.04452062954608,True
495,1,2019-06-12 05:35:58,63,34.32623105228581,35.036016466920756,True
495,1,2019-06-12 04:35:58,64,34.33098926830781,35.029541352433796,True
495,1,2019-06-12 03:35:58,65,34.33376104998077,35.022064620082354,True
495,1,2019-06-12 02:35:58,66,34.33656023380636,35.01518412993903,True
495,1,2019-06-12 01:35:58,67,34.33477691053974,35.008802553987415,True
495,1,2019-06-12 00:35:58,68,34.33426873879025,35.00473008094642,True
495,1,2019-06-11 23:35:58,69,34.33494586420983,35.0022067390723,True
495,1,2019-06-11 22:35:58,70,34.33381403178699,34.99947931952121,True
495,1,2019-06-11 21:35:58,71,34.3343842216164,34.996782164611,True
495,1,2019-06-11 20:35:58,72,34.33661581263051,34.99265886665687,True
495,2,2019-06-14 20:35:58,0,34.087116,35.271052,True
495,2,2019-06-14 19:35:58,1,34.09119259609367,35.27637109004762,True
495,2,2019-06-14 18:35:58,2,34.09615155487675,35.27824175432078,True
495,2,2019-06-14 17:35:58,3,34.1026606281185,35.278649630320494,True
495,2,2019-06-14 16:35:58,4,34.10824885903129,35.27938128260183,True
495,2,2019-06-14 15:35:58,5,34.11363968253729,35.28287755398363,True
495,2,2019-06-14 14:35:58,6,34.11828287336324,35.286604270374475,True
495,2,2019-06-14 13:35:58,7,34.120956553773105,35.28763464157883,True
495,2,2019-06-14 12:35:58,8,34.123888718483435,35.286529728706334,True
495,2,2019-06-14 11:35:58,9,34.12825897939717,35.28553404666008,True
495,2,2019-06-14 10:35:58,10,34.13409300967931,35.28548686065522,True
495,2,2019-06-14 09:35:58,11,34.13861589348082,35.28295827061629,True
495,2,2019-06-14 08:35:58,12,34.14449801473404,35.28165134681341,True
495,2,2019-06-14 07:35:58,13,34.15051865526765,35.277086780296514,True
495,2,2019-06-14 06:35:58,14,34.156421562344875,35.28207585701827,True
495,2,2019-06-14 05:35:58,15,34.16232049680425,35.27838580988457,True
495,2,2019-06-14 04:35:58,16,34.17074089091698,35.27192825393763,True
495,2,2019-06-14 03:35:58,17,34.174081055417545,35.26869101207713,True
495,2,2019-06-14 02:35:58,18,34.175656241027504,35.263959001766864,True
495,2,2019-06-14 01:35:58,19,34.177598174207525,35.26069914041708,True
495,2,2019-06-14 00:35:58,20,34.176035602060516,35.2578188812086,True
495,2,2019-06-13 23:35:58,21,34.17620494645996,35.258985980981166,True
495,2,2019-06-13 22:35:58,22,34.17846509058843,35.26269528762499,True
495,2,2019-06-13 21:35:58,23,34.178425893199794,35.26630958981454,True
495,2,2019-06-13 20:35:58,24,34.18070326161965,35.27034141105808,True
495,2,2019-06-13 19:35:58,25,34.18635938700713,35.27567391107569,True
495,2,2019-06-13 18:35:58,26,34.19327698417589,35.28049418917483,True
495,2,2019-06-13 17:35:58,27,34.20210467442864,35.281128288016895,True
495,2,2019-06-13 16:35:58,28,34.21169315914988,35.28027437807531,True
495,2,2019-06-13 15:35:58,29,34.22035722412934,35.27880833967659,True
495,2,2019-06-13 14:35:58,30,34.228893873020866,35.27253169775904,True
495,2,2019-06-13 13:35:58,31,34.23640633589112,35.26731788884798,True
495,2,2019-06-13 12:35:58,32,34.24683067749749,35.25679726080597,True
495,2,2019-06-13 11:35:58,33,34.255497241028536,35.246507917228854,True
495,2,2019-06-13 10:35:58,34,34.26230713802992,35.235477535735036,True
495,2,2019-06-13 09:35:58,35,34.26562798333994,35.22354687869458,True
495,2,2019-06-13 08:35:58,36,34.26936653485689,35.213382638489094,True
495,2,2019-06-13 07:35:58,37,34.27175035351883,35.20361586966683,True
495,2,2019-06-13 06:35:58,38,34.27471140503061,35.1971450664099,True
495,2,2019-06-13 05:35:58,39,34.27625242661214,35.18960020723033,True
495,2,2019-06-13 04:35:58,40,34.27973693538059,35.18459598686276,True
495,2,2019-06-13 03:35:58,41,34.28179932966672,35.17906603154565,True
495,2,2019-06-13 02:35:58,42,34.28619726552526,35.17644941090083,True
495,2,2019-06-13 01:35:58,43,34.291350281725485,35.17016150573111,True
495,2,2019-06-13 00:35:58,44,34.29598857863919,35.164377669892275,True
495,2,2019-06-12 23:35:58,45,34.3016479238381,35.15930402726508,True
495,2,2019-06-12 22:35:58,46,34.30623675846358,35.15432942311788,True
495,2,2019-06-12 21:35:58,47,34.31337328439028,35.146506070520445,True
495,2,2019-06-12 20:35:58,48,34.31652487848738,35.1387046855815,True
495,2,2019-06-12 19:35:58,49,34.32047999043856,35.1290376051345,True
495,2,2019-06-12 18:35:58,50,34.32640542221282,35.119279698776936,True
495,2,2019-06-12 17:35:58,51,34.33160323344886,35.109138278204064,True
495,2,2019-06-12 16:35:58,52,34.336501217239615,35.09910204298666,True
495,2,2019-06-12 15:35:58,53,34.33905917700801,35.09276062021426,True
495,2,2019-06-12 14:35:58,54,34.34326765467668,35.084113392797526,True
495,2,2019-06-12 13:35:58,55,34.34595017178716,35.07305877075427,True
495,2,2019-06-12 12:35:58,56,34.35032538270456,35.06075128060235,True
495,2,2019-06-12 11:35:58,57,34.35239731364142,35.05067764183872,True
495,2,2019-06-12 10:35:58,58,34.35612856893204,35.041149891372015,True
495,2,2019-06-12 09:35:58,59,34.35635802918893,35.0350200946658,True
495,2,2019-06-12 08:35:58,60,34.35961360256203,35.03140400328946,True
495,2,2019-06-12 07:35:58,61,34.36399081164553,35.02095020003968,True
495,2,2019-06-12 06:35:58,62,34.368471848595846,35.01573827082519,True
495,2,2019-06-12 05:35:58,63,34.37239865583706,35.01018460417538,True
495,2,2019-06-12 04:35:58,64,34.373710612643045,35.003787135164686,True
495,2,2019-06-12 03:35:58,65,34.37579600550948,34.994103334648344,True
495,2,2019-06-12 02:35:58,66,34.37821806553376,34.98441199522684,True
495,2,2019-06-12 01:35:58,67,34.378567506887876,34.97731645418251,True
495,2,2019-06-12 00:35:58,68,34.37843036081939,34.973027984774795,True
495,2,2019-06-11 23:35:58,69,34.377849567879686,34.96784515466563,True
495,2,2019-06-11 22:35:58,70,34.37526714046825,34.9639121393073,True
495,2,2019-06-11 21:35:58,71,34.3754512040869,34.962446975103354,True
495,2,2019-06-11 20:35:58,72,34.373756195172,34.96034925535224,True
495,3,2019-06-14 20:35:58,0,34.087116,35.271052,True
495,3,2019-06-14 19:35:58,1,34.08944870392506,35.27188049901674,True
495,3,2019-06-14 18:35:58,2,34.093705567072476,35.27242958903746,True
495,3,2019-06-14 17:35:58,3,34.09995004415708,35.271595052430335,True
495,3,2019-06-14 16:35:58,4,34.10517100567908,35.27244937970674,True
495,3,2019-06-14 15:35:58,5,34.110445988978746,35.27525139313158,True
495,3,2019-06-14 14:35:58,6,34.11242458455829,35.27698054237332,True
495,3,2019-06-14 13:35:58,7,34.11653152039558,35.27626480571978,True
495,3,2019-06-14 12:35:58,8,34.120270096985834,35.275747484376055,True
495,3,2019-06-14 11:35:58,9,34.123999481024036,35.27433528499807,True
495,3,2019-06-14 10:35:58,10,34.126503197323096,35.27354142550829,True
495,3,2019-06-14 09:35:58,11,34.13194597863112,35.27137606673126,True
495,3,2019-06-14 08:35:58,12,34.13821010294906,35.26645045472651,True
495,3,2019-06-14 07:35:58,13,34.14419021492148,35.26584891509969,True
495,3,2019-06-14 06:35:58,14,34.150070527681024,35.26511674755845,True
495,3,2019-06-14 05:35:58,15,34.15524831222636,35.26235721995974,True
495,3,2019-06-14 04:35:58,16,34.16001775597467,35.26093538806019,True
495,3,2019-06-14 03:35:58,17,34.16500740482617,35.254547677335275,True
495,3,2019-06-14 02:35:58,18,34.16691889492351,35.249802171567644,True
495,3,2019-06-14 01:35:58,19,34.16930165963961,35.245450214447594,True
495,3,2019-06-14 00:35:58,20,34.169532386982965,35.243574766628555,True
495,3,2019-06-13 23:35:58,21,34.17082837940143,35.24358873595269,True
495,3,2019-06-13 22:35:58,22,34.16916946900977,35.244871917896454,True
495,3,2019-06-13 21:35:58,23,34.17149234977189,35.24880277072862,True
495,3,2019-06-13 20:35:58,24,34.17644297223481,35.254226228465456,True
495,3,2019-06-13 19:35:58,25,34.18304089420538,35.25993421576568,True
495,3,2019-06-13 18:35:58,26,34.18947660961738,35.263371506047925,True
495,3,2019-06-13 17:35:58,27,34.20049617931631,35.267021967303194,True
495,3,2019-06-13 16:35:58,28,34.20801215105162,35.26533283747609,True
495,3,2019-06-13 15:35:58,29,34.21899893478753,35.26314855097767,True
495,3,2019-06-13 14:35:58,30,34.229752618846426,35.25658273859089,True
495,3,2019-06-13 13:35:58,31,34.240543436912446,35.24861635771491,True
495,3,2019-06-13 12:35:58,32,34.24974779551952,35.241775596250605,True
495,3,2019-06-13 11:35:58,33,34.25905441929304,35.235601711171036,True
495,3,2019-06-13 10:35:58,34,34.26458587332989,35.22720578251393,True
495,3,2019-06-13 09:35:58,35,34.270270941585736,35.217033046336994,True
495,3,2019-06-13 08:35:58,36,34.271462114549934,35.207339654674925,True
495,3,2019-06-13 07:35:58,37,34.27472022058003,35.19763935838115,True
495,3,2019-06-13 06:35:58,38,34.27788388893524,35.19236257203063,True
495,3,2019-06-13 05:35:58,39,34.27920405372653,35.18742231922981,True
495,3,2019-06-13 04:35:58,40,34.28143701051458,35.18372182273846,True
495,3,2019-06-13 03:35:58,41,34.28368143709938,35.1829710296636,True
495,3,2019-06-13 02:35:58,42,34.28735948745024,35.17508875299604,True
495,3,2019-06-13 01:35:58,43,34.293154651356865,35.17309723162829,True
495,3,2019-06-13 00:35:58,44,34.30008289899248,35.169958818986515,True
495,3,2019-06-12 23:35:58,45,34.30364733513651,35.16719012893465,True
495,3,2019-06-12 22:35:58,46,34.310881210735104,35.162988760450915,True
495,3,2019-06-12 21:35:58,47,34.317390209914294,35.15641090031594,True
495,3,2019-06-12 20:35:58,48,34.323850094472924,35.14903989152529,True
495,3,2019-06-12 19:35:58,49,34.32923335203999,35.142314753907,True
495,3,2019-06-12 18:35:58,50,34.3364091831231,35.133686927964234,True
495,3,2019-06-12 17:35:58,51,34.341387802796966,35.12449836524023,True
495,3,2019-06-12 16:35:58,52,34.346695705096856,35.119530012643246,True
495,3,2019-06-12 15:35:58,53,34.34984770487861,35.11168626899315,True
495,3,2019-06-12 14:35:58,54,34.35397470976106,35.103091840940934,True
495,3,2019-06-12 13:35:58,55,34.35724000979489,35.09159081122335,True
495,3,2019-06-12 12:35:58,56,34.35930493364479,35.08590562063837,True
495,3,2019-06-12 11:35:58,57,34.360379650639985,35.075984666828546,True
495,3,2019-06-12 10:35:58,58,34.359856671579934,35.0666677155168,True
495,3,2019-06-12 09:35:58,59,34.363247858811754,35.060366181739695,True
495,3,2019-06-12 08:35:58,60,34.367718327548396,35.054316761142054,True
495,3,2019-06-12 07:35:58,61,34.37252821737179,35.04906111790196,True
495,3,2019-06-12 06:35:58,62,34.37628779035137,35.040488533254745,True
495,3,2019-06-12 05:35:58,63,34.37901058213617,35.0294530413912,True
495,3,2019-06-12 04:35:58,64,34.38235605825487,35.01816476200557,True
495,3,2019-06-12 03:35:58,65,34.38326868630912,35.00828608646596,True
495,3,2019-06-12 02:35:58,66,34.38287776566636,35.000572965492616,True
495,3,2019-06-12 01:35:58,67,34.383522449302085,34.99222047409138,True
495,3,2019-06-12 00:35:58,68,34.38378337140433,34.988542306600166,True
495,3,2019-06-11 23:35:58,69,34.38547152496063,34.98704617086123,True
495,3,2019-06-11 22:35:58,70,34.384267642296805,34.98411724033698,True
495,3,2019-06-11 21:35:58,71,34.3849079510727,34.98156095307665,True
495,3,2019-06-11 20:35:58,72,34.386023682289014,34.9767153319117,True
495,4,2019-06-14 20:35:58,0,34.087116,35.271052,True
495,4,2019-06-14 19:35:58,1,34.092778205343414,35.27271431603664,True
495,4,2019-06-14 18:35:58,2,34.096940056432146,35.27792076233663,True
495,4,2019-06-14 17:35:58,3,34.10201439252419,35.282888214347636,True
495,4,2019-06-14 16:35:58,4,34.10695820729065,35.284442629153425,True
495,4,2019-06-14 15:35:58,5,34.11245530067483,35.28136459500576,True
495,4,2019-06-14 14:35:58,6,34.11323551060124,35.28287886843238,True
495,4,2019-06-14 13:35:58,7,34.12061405218779,35.283330414502984,True
495,4,2019-06-14 12:35:58,8,34.12372065956071,35.2809856170756,True
495,4,2019-06-14 11:35:58,9,34.128671415659596,35.28009721679421,True
495,4,2019-06-14 10:35:58,10,34.13373649729344,35.27694048284722,True
495,4,2019-06-14 09:35:58,11,34.13819029819826,35.27634762287521,True
495,4,2019-06-14 08:35:58,12,34.14069476626876,35.27627414678988,True
495,4,2019-06-14 07:35:58,13,34.144422817731886,35.276216345079455,True
495,4,2019-06-14 06:35:58,14,34.15219167791822,35.273598355301814,True
495,4,2019-06-14 05:35:58,15,34.15628546835582,35.27390453692519,True
495,4,2019-06-14 04:35:58,16,34.159883521737456,35.27023272633843,True
495,4,2019-06-14 03:35:58,17,34.16210798993129,35.266768531093966,True
495,4,2019-06-14 02:35:58,18,34.16230320224102,35.26359299819622,True
495,4,2019-06-14 01:35:58,19,34.16370569108954,35.25988849670402,True
495,4,2019-06-14 00:35:58,20,34.16020958628546,35.25652399984486,True
495,4,2019-06-13 23:35:58,21,34.160981978514904,35.25964699452343,True
495,4,2019-06-13 22:35:58,22,34.15933814254695,35.26374526052413,True
495,4,2019-06-13 21:35:58,23,34.159893023833305,35.27067069674363,True
495,4,2019-06-13 20:35:58,24,34.163466187828185,35.276778311269375,True
495,4,2019-06-13 19:35:58,25,34.16864610830765,35.28240867267435,True
495,4,2019-06-13 18:35:58,26,34.17182224824928,35.28597918426159,True
495,4,2019-06-13 17:35:58,27,34.180595964679355,35.289566403720514,True
495,4,2019-06-13 16:35:58,28,34.18912701918538,35.29024938010373,True
495,4,2019-06-13 15:35:58,29,34.19676058834636,35.287985860747845,True
495,4,2019-06-13 14:35:58,30,34.20779107707245,35.28321920282744,True
495,4,2019-06-13 13:35:58,31,34.21684527516777,35.274231310519596,True
495,4,2019-06-13 12:35:58,32,34.227152147556666,35.26539626770675,True
495,4,2019-06-13 11:35:58,33,34.23432910408903,35.25541718882611,True
495,4,2019-06-13 10:35:58,34,34.23996621206495,35.24246002126015,True
495,4,2019-06-13 09:35:58,35,34.24720924262141,35.234261583903056,True
495,4,2019-06-13 08:35:58,36,34.25146126241695,35.223492431562086,True
495,4,2019-06-13 07:35:58,37,34.25259848894414,35.21320311063736,True
495,4,2019-06-13 06:35:58,38,34.25565058195647,35.2076452377128,True
495,4,2019-06-13 05:35:58,39,34.25755005969447,35.20301273657927,True
495,4,2019-06-13 04:35:58,40,34.257783651868586,35.1955909684799,True
495,4,2019-06-13 03:35:58,41,34.26118078791181,35.18812208955876,True
495,4,2019-06-13 02:35:58,42,34.26477282051794,35.184067907464474,True
495,4,2019-06-13 01:35:58,43,34.26879043968262,35.18153621154708,True
495,4,2019-06-13 00:35:58,44,34.27228650170022,35.17951808562616,True
495,4,2019-06-12 23:35:58,45,34.27867580085178,35.17520962712265,True
495,4,2019-06-12 22:35:58,46,34.28400880009541,35.17202277989339,True
495,4,2019-06-12 21:35:58,47,34.28993519870324,35.16508286908048,True
495,4,2019-06-12 20:35:58,48,34.296954843290116,35.157771994848396,True
495,4,2019-06-12 19:35:58,49,34.30390435081932,35.150663763730925,True
495,4,2019-06-12 18:35:58,50,34.31052769179887,35.14318859966706,True
495,4,2019-06-12 17:35:58,51,34.31506689116381,35.13593730529029,True
495,4,2019-06-12 16:35:58,52,34.320320896713525,35.127957393029625,True
495,4,2019-06-12 15:35:58,53,34.32495663802314,35.118721124580794,True
495,4,2019-06-12 14:35:58,54,34.32936817211537,35.10797165376956,True
495,4,2019-06-12 13:35:58,55,34.33455896384196,35.09899371798209,True
495,4,2019-06-12 12:35:58,56,34.337869962400504,35.09057821544376,True
495,4,2019-06-12 11:35:58,57,34.34163807435916,35.0828308027546,True
495,4,2019-06-12 10:35:58,58,34.343718254317444,35.07670154241458,True
495,4,2019-06-12 09:35:58,59,34.34667879028265,35.06911552670304,True
495,4,2019-06-12 08:35:58,60,34.35305280821588,35.062203690483045,True
495,4,2019-06-12 07:35:58,61,34.354547780911446,35.0547342396115,True
495,4,2019-06-12 06:35:58,62,34.36112378350261,35.047551679433255,True
495,4,2019-06-12 05:35:58,63,34.36648368024919,35.03969574611699,True
495,4,2019-06-12 04:35:58,64,34.37143047911133,35.03129142574367,True
495,4,2019-06-12 03:35:58,65,34.37482306454542,35.02414199635402,True
495,4,2019-06-12 02:35:58,66,34.37567890810522,35.01475544075336,True
495,4,2019-06-12 01:35:58,67,34.37752904896301,35.00593084392606,True
495,4,2019-06-12 00:35:58,68,34.377231765270686,34.99695625874714,True
495,4,2019-06-11 23:35:58,69,34.37715757176736,34.99229460736674,True
495,4,2019-06-11 22:35:58,70,34.37490152319806,34.99004088120281,True
495,4,2019-06-11 21:35:58,71,34.37280534333883,34.987714939697966,True
495,4,2019-06-11 20:35:58,72,34.37214155380567,34.983905632864506,True
495,5,2019-06-14 20:35:58,0,34.087116,35.271052,True
495,5,2019-06-14 19:35:58,1,34.09306906430602,35.273901553102874,True
495,5,2019-06-14 18:35:58,2,34.10140661962985,35.27489548113469,True
495,5,2019-06-14 17:35:58,3,34.10572075472314,35.27504095883805,True
495,5,2019-06-14 16:35:58,4,34.11237434370301,35.27551462510751,True
495,5,2019-06-14 15:35:58,5,34.117752580398005,35.2743481474822,True
495,5,2019-06-14 14:35:58,6,34.11984377307081,35.273249183085625,True
495,5,2019-06-14 13:35:58,7,34.12349104670431,35.270141668116885,True
495,5,2019-06-14 12:35:58,8,34.12919617766568,35.271109695163496,True
495,5,2019-06-14 11:35:58,9,34.1338228190613,35.27113818370202,True
495,5,2019-06-14 10:35:58,10,34.13857108523776,35.26893459220958,True
495,5,2019-06-14 09:35:58,11,34.14247575432202,35.2692762560833,True
495,5,2019-06-14 08:35:58,12,34.14742511540247,35.26556436431705,True
495,5,2019-06-14 07:35:58,13,34.15444918912897,35.26574803257273,True
495,5,2019-06-14 06:35:58,14,34.15927655551625,35.26313868660694,True
495,5,2019-06-14 05:35:58,15,34.163974907388784,35.259711811961495,True
495,5,2019-06-14 04:35:58,16,34.16651198371769,35.254485509855556,True
495,5,2019-06-14 03:35:58,17,34.1695137939723,35.25015267134042,True
495,5,2019-06-14 02:35:58,18,34.17282594633415,35.24765812646872,True
495,5,2019-06-14 01:35:58,19,34.17289922678646,35.24652383727863,True
495,5,2019-06-14 00:35:58,20,34.173250456016085,35.24559987525512,True
495,5,2019-06-13 23:35:58,21,34.17382120805103,35.24848310246594,True
495,5,2019-06-13 22:35:58,22,34.17673272345356,35.25313278095684,True
495,5,2019-06-13 21:35:58,23,34.17709594638238,35.25699920869553,True
495,5,2019-06-13 20:35:58,24,34.18061559499238,35.264623031631274,True
495,5,2019-06-13 19:35:58,25,34.18627042311198,35.269013581566874,True
495,5,2019-06-13 18:35:58,26,34.19243259012367,35.27538004100682,True
495,5,2019-06-13 17:35:58,27,34.199810790017175,35.277244133051845,True
495,5,2019-06-13 16:35:58,28,34.20735481251723,35.27680423479975,True
495,5,2019-06-13 15:35:58,29,34.21652262709873,35.276359932048734,True
495,5,2019-06-13 14:35:58,30,34.22529842973386,35.26864645606326,True
495,5,2019-06-13 13:35:58,31,34.23436395498231,35.25880971621431,True
495,5,2019-06-13 12:35:58,32,34.24378917034426,35.24988065200331,True
495,5,2019-06-13 11:35:58,33,34.24878896439001,35.23849580420233,True
495,5,2019-06-13 10:35:58,34,34.2560683388954,35.23124462761873,True
495,5,2019-06-13 09:35:58,35,34.26172461839455,35.22031566219039,True
495,5,2019-06-13 08:35:58,36,34.265328863918874,35.209218772733834,True
495,5,2019-06-13 07:35:58,37,34.26998828288244,35.20022616930761,True
495,5,2019-06-13 06:35:58,38,34.27070347318864,35.19526807470116,True
495,5,2019-06-13 05:35:58,39,34.27233101829419,35.18610852231948,True
495,5,2019-06-13 04:35:58,40,34.273632557817784,35.18086430161309,True
495,5,2019-06-13 03:35:58,41,34.277081178098385,35.17575189001668,True
495,5,2019-06-13 02:35:58,42,34.278014009414626,35.17371299710623,True
495,5,2019-06-13 01:35:58,43,34.283892804284434,35.16770068279146,True
495,5,2019-06-13 00:35:58,44,34.28947107433584,35.162010885995244,True
495,5,2019-06-12 23:35:58,45,34.29409865377535,35.15732749642588,True
495,5,2019-06-12 22:35:58,46,34.29891882226053,35.151751940241375,True
495,5,2019-06-12 21:35:58,47,34.30580458621675,35.14695341156824,True
495,5,2019-06-12 20:35:58,48,34.311232832060185,35.13844188074901,True
495,5,2019-06-12 19:35:58,49,34.319301878724204,35.12903310661106,True
495,5,2019-06-12 18:35:58,50,34.32551720695314,35.12323930985536,True
495,5,2019-06-12 17:35:58,51,34.33021835834333,35.115362974469804,True
495,5,2019-06-12 16:35:58,52,34.334591379332345,35.10615495322945,True
495,5,2019-06-12 15:35:58,53,34.337551882264606,35.09646989151555,True
495,5,2019-06-12 14:35:58,54,34.341463405333755,35.09008218736065,True
495,5,2019-06-12 13:35:58,55,34.3475181480466,35.078619622612045,True
495,5,2019-06-12 12:35:58,56,34.35165506086339,35.06786551635699,True
495,5,2019-06-12 11:35:58,57,34.35357896342879,35.05817073029783,True
495,5,2019-06-12 10:35:58,58,34.35748194934097,35.0480038995845,True
495,5,2019-06-12 09:35:58,59,34.36041978087989,35.03969759538932,True
495,5,2019-06-12 08:35:58,60,34.36474925008871,35.031233377816996,True
495,5,2019-06-12 07:35:58,61,34.367827145738126,35.02097457932384,True
495,5,2019-06-12 06:35:58,62,34.37275282176322,35.01243391747179,True
495,5,2019-06-12 05:35:58,63,34.37784597625917,35.002459771736845,True
495,5,2019-06-12 04:35:58,64,34.382676037839936,34.99425393918648,True
495,5,2019-06-12 03:35:58,65,34.38595349724278,34.982772482808635,True
495,5,2019-06-12 02:35:58,66,34.384970950250924,34.974222033428774,True
495,5,2019-06-12 01:35:58,67,34.38273034364083,34.96953552587632,True
495,5,2019-06-12 00:35:58,68,34.38416007904348,34.965375631314544,True
495,5,2019-06-11 23:35:58,69,34.38308530249893,34.9613059514784,True
495,5,2019-06-11 22:35:58,70,34.38059663326397,34.95798161911971,True
495,5,2019-06-11 21:35:58,71,34.38248363367552,34.954249135500014,True
495,5,2019-06-11 20:35:58,72,34.38120838066624,34.952376210831076,True
500,0,2019-06-14 20:35:58,0,34.087116,35.273238,True
500,0,2019-06-14 19:35:58,1,34.09335075460685,35.27662600461826,True
500,0,2019-06-14 18:35:58,2,34.09784049243632,35.280517354071584,True
500,0,2019-06-14 17:35:58,3,34.10251191677769,35.28354568215773,True
500,0,2019-06-14 16:35:58,4,34.10856531509709,35.28448350570424,True
500,0,2019-06-14 15:35:58,5,34.11322557522824,35.28475859447427,True
500,0,2019-06-14 14:35:58,6,34.11744595364222,35.28612841212911,True
500,0,2019-06-14 13:35:58,7,34.12195748763262,35.28764085420957,True
500,0,2019-06-14 12:35:58,8,34.12750096092124,35.286615082899345,True
500,0,2019-06-14 11:35:58,9,34.13041821893672,35.282682006102135,True
500,0,2019-06-14 10:35:58,10,34.135211804888975,35.280714092326065,True
500,0,2019-06-14 09:35:58,11,34.14254109384578,35.2824421920747,True
500,0,2019-06-14 08:35:58,12,34.14637617872378,35.281117438145046,True
500,0,2019-06-14 07:35:58,13,34.15392339712594,35.27870991667386,True
500,0,2019-06-14 06:35:58,14,34.15926016557282,35.273608713237074,True
500,0,2019-06-14 05:35:58,15,34.162357342555964,35.27014311524548,True
500,0,2019-06-14 04:35:58,16,34.16759577782568,35.26749265204497,True
500,0,2019-06-14 03:35:58,17,34.1683008215417,35.263241754390314,True
500,0,2019-06-14 02:35:58,18,34.170180765880545,35.258526162423,True
500,0,2019-06-14 01:35:58,19,34.17115140532686,35.25862110712979,True
500,0,2019-06-14 00:35:58,20,34.169765202881436,35.25992348867097,True
500,0,2019-06-13 23:35:58,21,34.1697252280504,35.258567922433016,True
500,0,2019-06-13 22:35:58,22,34.171599505202536,35.261523952142326,True
500,0,2019-06-13 21:35:58,23,34.173592783327884,35.26544983115208,True
500,0,2019-06-13 20:35:58,24,34.17762596205154,35.2698377628066,True
500,0,2019-06-13 19:35:58,25,34.18400830571077,35.273789557771934,True
500,0,2019-06-13 18:35:58,26,34.19093672759957,35.27881560077615,True
500,0,2019-06-13 17:35:58,27,34.1984529493653,35.27951404277105,True
500,0,2019-06-13 16:35:58,28,34.20678843374343,35.27963477449725,True
500,0,2019-06-13 15:35:58,29,34.21690805505012,35.27754707106589,True
500,0,2019-06-13 14:35:58,30,34.2251282447381,35.26865389216818,True
500,0,2019-06-13 13:35:58,31,34.23445420928404,35.26308642608761,True
500,0,2019-06-13 12:35:58,32,34.241883609984676,35.254116181146685,True
500,0,2019-06-13 11:35:58,33,34.24784708516977,35.243746290418834,True
500,0,2019-06-13 10:35:58,34,34.25354434422125,35.233572798434565,True
500,0,2019-06-13 09:35:58,35,34.2591558736895,35.22543021287358,True
500,0,2019-06-13 08:35:58,36,34.262376245945234,35.21689400237674,True
500,0,2019-06-13 07:35:58,37,34.26452352587827,35.2101302668442,True
500,0,2019-06-13 06:35:58,38,34.26651363397742,35.20494123896886,True
500,0,2019-06-13 05:35:58,39,34.270454484345855,35.19969276789569,True
500,0,2019-06-13 04:35:58,40,34.27132242114819,35.19633157308088,True
500,0,2019-06-13 03:35:58,41,34.27520248975525,35.191047068238504,True
500,0,2019-06-13 02:35:58,42,34.279556934658906,35.188367665400555,True
500,0,2019-06-13 01:35:58,43,34.28034366171382,35.184912351681604,True
500,0,2019-06-13 00:35:58,44,34.2854992294479,35.18386992105498,True
500,0,2019-06-12 23:35:58,45,34.29099840804825,35.18192940394926,True
500,0,2019-06-12 22:35:58,46,34.29782302341439,35.17629197693424,True
500,0,2019-06-12 21:35:58,47,34.30326499149058,35.17274969784296,True
500,0,2019-06-12 20:35:58,48,34.30960880967045,35.16719974118448,True
500,0,2019-06-12 19:35:58,49,34.31905198280964,35.161895404402195,True
500,0,2019-06-12 18:35:58,50,34.325657726494974,35.15692047972631,True
500,0,2019-06-12 17:35:58,51,34.33494069876186,35.14973751006661,True
500,0,2019-06-12 16:35:58,52,34.34127804697018,35.145236459458516,True
500,0,2019-06-12 15:35:58,53,34.347521661096124,35.13828688657311,True
500,0,2019-06-12 14:35:58,54,34.352155523805116,35.12885382119295,True
500,0,2019-06-12 13:35:58,55,34.35533158403989,35.12188411753097,True
500,0,2019-06-12 12:35:58,56,34.35707412017746,35.11018377694802,True
500,0,2019-06-12 11:35:58,57,34.35971477726751,35.102403691258885,True
500,0,2019-06-12 10:35:58,58,34.361068126663035,35.09333068790362,True
500,0,2019-06-12 09:35:58,59,34.36429255127838,35.087811624750685,True
500,0,2019-06-12 08:35:58,60,34.368016757577955,35.08166899393266,True
500,0,2019-06-12 07:35:58,61,34.37193768560317,35.07499708218371,True
500,0,2019-06-12 06:35:58,62,34.377630188816035,35.06963410976405,True
500,0,2019-06-12 05:35:58,63,34.38268506928048,35.06541063316259,True
500,0,2019-06-12 04:35:58,64,34.387992595601965,35.05796220744485,True
500,0,2019-06-12 03:35:58,65,34.39390954122238,35.04872399465924,True
500,0,2019-06-12 02:35:58,66,34.39852171846256,35.042407059305816,True
500,0,2019-06-12 01:35:58,67,34.39982108435876,35.03446012581747,True
500,0,2019-06-12 00:35:58,68,34.40262366511883,35.02877619199804,True
500,0,2019-06-11 23:35:58,69,34.406401978399195,35.02463236782375,True
500,0,2019-06-11 22:35:58,70,34.40897097030209,35.02133172420979,True
500,0,2019-06-11 21:35:58,71,34.409837157742025,35.01795837896567,True
500,0,2019-06-11 20:35:58,72,34.41097237398677,35.01671098284746,True
500,1,2019-06-14 20:35:58,0,34.087116,35.273238,True
500,1,2019-06-14 19:35:58,1,34.092687928775085,35.27677429356927,True
500,1,2019-06-14 18:35:58,2,34.09583859038609,35.27990364043511,True
500,1,2019-06-14 17:35:58,3,34.100909074853675,35.2816004891487,True
500,1,2019-06-14 16:35:58,4,34.10386281191216,35.28153098020699,True
500,1,2019-06-14 15:35:58,5,34.10816246881607,35.28000603809285,True
500,1,2019-06-14 14:35:58,6,34.11085820799113,35.27958930117271,True
500,1,2019-06-14 13:35:58,7,34.114979563122866,35.27911006563919,True
500,1,2019-06-14 12:35:58,8,34.1209844939915,35.27639115999304,True
500,1,2019-06-14 11:35:58,9,34.12293664001878,35.27723953139691,True
500,1,2019-06-14 10:35:58,10,34.12751446332084,35.275112481383495,True
500,1,2019-06-14 09:35:58,11,34.13312672159461,35.27236286819566,True
500,1,2019-06-14 08:35:58,12,34.13703733608888,35.27019199253598,True
500,1,2019-06-14 07:35:58,13,34.142324322422176,35.2678993159898,True
500,1,2019-06-14 06:35:58,14,34.146287682816094,35.263869832663175,True
500,1,2019-06-14 05:35:58,15,34.14947006556328,35.25987144368534,True
500,1,2019-06-14 04:35:58,16,34.15330352514331,35.257920051066094,True
500,1,2019-06-14 03:35:58,17,34.155704468662925,35.25439518399836,True
500,1,2019-06-14 02:35:58,18,34.1570149882359,35.252556157315944,True
500,1,2019-06-14 01:35:58,19,34.15759863126454,35.250367597212254,True
500,1,2019-06-14 00:35:58,20,34.15563423113663,35.2474681024379,True
500,1,2019-06-13 23:35:58,21,34.1543212097797,35.24875963040736,True
500,1,2019-06-13 22:35:58,22,34.150781207168684,35.25201589439129,True
500,1,2019-06-13 21:35:58,23,34.151744848129205,35.25738042573676,True
500,1,2019-06-13 20:35:58,24,34.15324723155235,35.26335207460228,True
500,1,2019-06-13 19:35:58,25,34.15569378496349,35.268383955128854,True
500,1,2019-06-13 18:35:58,26,34.16437214388424,35.272268259724136,True
500,1,2019-06-13 17:35:58,27,34.170550532677034,35.27200080471585,True
500,1,2019-06-13 16:35:58,28,34.17979362028117,35.27305217198339,True
500,1,2019-06-13 15:35:58,29,34.18919570385396,35.26836494741493,True
500,1,2019-06-13 14:35:58,30,34.1977345875898,35.26278353136117,True
500,1,2019-06-13 13:35:58,31,34.20107914436169,35.25624249115781,True
500,1,2019-06-13 12:35:58,32,34.20965093620307,35.24677162452416,True
500,1,2019-06-13 11:35:58,33,34.21576043978205,35.23940559767961,True
500,1,2019-06-13 10:35:58,34,34.22077620448395,35.22757063400382,True
500,1,2019-06-13 09:35:58,35,34.22640502536404,35.21829354281716,True
500,1,2019-06-13 08:35:58,36,34.22683582810528,35.20880531182376,True
500,1,2019-06-13 07:35:58,37,34.227896383405565,35.197121348944215,True
500,1,2019-06-13 06:35:58,38,34.22973416140733,35.19039722016913,True
500,1,2019-06-13 05:35:58,39,34.229649602609584,35.18381653662364,True
500,1,2019-06-13 04:35:58,40,34.23233782684091,35.17803810697642,True
500,1,2019-06-13 03:35:58,41,34.232892140014066,35.17420688829243,True
500,1,2019-06-13 02:35:58,42,34.234076890457004,35.16956558126261,True
500,1,2019-06-13 01:35:58,43,34.23858874511875,35.1657157965478,True
500,1,2019-06-13 00:35:58,44,34.24140120875667,35.1618518123233,True
500,1,2019-06-12 23:35:58,45,34.24472359788639,35.16009024743702,True
500,1,2019-06-12 22:35:58,46,34.248382458226686,35.156811967302176,True
500,1,2019-06-12 21:35:58,47,34.25188467398436,35.15334030152101,True
500,1,2019-06-12 20:35:58,48,34.254713101593104,35.14851737161419,True
500,1,2019-06-12 19:35:58,49,34.26138965510785,35.144253126470936,True
500,1,2019-06-12 18:35:58,50,34.26659177551436,35.14062473282862,True
500,1,2019-06-12 17:35:58,51,34.273262538585996,35.13520270923654,True
500,1,2019-06-12 16:35:58,52,34.28076630188328,35.13043567900044,True
500,1,2019-06-12 15:35:58,53,34.289155281341195,35.12292384541012,True
500,1,2019-06-12 14:35:58,54,34.295689655608996,35.11712245804231,True
500,1,2019-06-12 13:35:58,55,34.30199155767024,35.10762960996293,True
500,1,2019-06-12 12:35:58,56,34.30637166228373,35.09761970048403,True
500,1,2019-06-12 11:35:58,57,34.30868789650387,35.090835698847755,True
500,1,2019-06-12 10:35:58,58,34.31046790432105,35.08371889890688,True
500,1,2019-06-12 09:35:58,59,34.31468330297321,35.07749726297193,True
500,1,2019-06-12 08:35:58,60,34.31793807086561,35.069123112149434,True
500,1,2019-06-12 07:35:58,61,34.32279088501978,35.060271844289275,True
500,1,2019-06-12 06:35:58,62,34.32611610111917,35.05481922644397,True
500,1,2019-06-12 05:35:58,63,34.329731386240205,35.04538352768613,True
500,1,2019-06-12 04:35:58,64,34.33070504026469,35.039539028633726,True
500,1,2019-06-12 03:35:58,65,34.33283633933478,35.03156601683041,True
500,1,2019-06-12 02:35:58,66,34.33277314828404,35.022042840879074,True
500,1,2019-06-12 01:35:58,67,34.33190096615539,35.01493780898357,True
500,1,2019-06-12 00:35:58,68,34.33346658333207,35.009133604780445,True
500,1,2019-06-11 23:35:58,69,34.3319277983499,35.00504780078317,True
500,1,2019-06-11 22:35:58,70,34.33003572821804,34.99983519661077,True
500,1,2019-06-11 21:35:58,71,34.328659428185595,35.0022415163393,True
500,1,2019-06-11 20:35:58,72,34.330285674126934,35.00256962267918,True
500,2,2019-06-14 20:35:58,0,34.087116,35.273238,True
500,2,2019-06-14 19:35:58,1,34.092389584254036,35.277896799165035,True
500,2,2019-06-14 18:35:58,2,34.09811510001189,35.279907274887805,True
500,2,2019-06-14 17:35:58,3,34.10297398044026,35.282016333929015,True
500,2,2019-06-14 16:35:58,4,34.10531972207136,35.28201001163624,True
500,2,2019-06-14 15:35:58,5,34.11157330663565,35.28154564753533,True
500,2,2019-06-14 14:35:58,6,34.11713661324116,35.28129694753304,True
500,2,2019-06-14 13:35:58,7,34.12327988680263,35.28233045654369,True
500,2,2019-06-14 12:35:58,8,34.12627605116356,35.28071643340974,True
500,2,2019-06-14 11:35:58,9,34.128688025781116,35.27867733963018,True
500,2,2019-06-14 10:35:58,10,34.13529721104507,35.27826311471275,True
500,2,2019-06-14 09:35:58,11,34.141707181371174,35.28072616210149,True
500,2,2019-06-14 08:35:58,12,34.14691054638597,35.27993187708916,True
500,2,2019-06-14 07:35:58,13,34.15275670333213,35.276698027001146,True
500,2,2019-06-14 06:35:58,14,34.15736743138407,35.27602072834017,True
500,2,2019-06-14 05:35:58,15,34.16275036979468,35.269767398925254,True
500,2,2019-06-14 04:35:58,16,34.16856412785411,35.26691696630474,True
500,2,2019-06-14 03:35:58,17,34.17074376301359,35.26449211900565,True
500,2,2019-06-14 02:35:58,18,34.17410278235136,35.25992907699883,True
500,2,2019-06-14 01:35:58,19,34.17554798522528,35.25787261109828,True
500,2,2019-06-14 00:35:58,20,34.17637385958112,35.2575632335761,True
500,2,2019-06-13 23:35:58,21,34.176902984480584,35.25772052948573,True
500,2,2019-06-13 22:35:58,22,34.17796746931804,35.26007571320279,True
500,2,2019-06-13 21:35:58,23,34.180412981793964,35.26470472555039,True
500,2,2019-06-13 20:35:58,24,34.18535659645954,35.268121466280746,True
500,2,2019-06-13 19:35:58,25,34.190371633682986,35.27449859538879,True
500,2,2019-06-13 18:35:58,26,34.19838425745357,35.27681999343908,True
500,2,2019-06-13 17:35:58,27,34.20778281051509,35.2788552343985,True
500,2,2019-06-13 16:35:58,28,34.215966694784306,35.27775196614992,True
500,2,2019-06-13 15:35:58,29,34.22682267040068,35.27273425598656,True
500,2,2019-06-13 14:35:58,30,34.23667704161697,35.266793522199215,True
500,2,2019-06-13 13:35:58,31,34.247117099165386,35.26180072060593,True
500,2,2019-06-13 12:35:58,32,34.25577612775538,35.255361433355844,True
500,2,2019-06-13 11:35:58,33,34.26297834677771,35.2454114457364,True
500,2,2019-06-13 10:35:58,34,34.26947380769298,35.234112918144604,True
500,2,2019-06-13 09:35:58,35,34.272222896399526,35.22427702068278,True
500,2,2019-06-13 08:35:58,36,34.27540354483783,35.21053071705965,True
500,2,2019-06-13 07:35:58,37,34.2760531205794,35.20152322492359,True
500,2,2019-06-13 06:35:58,38,34.27998268450113,35.195532670935904,True
500,2,2019-06-13 05:35:58,39,34.28288194740637,35.18630715007005,True
500,2,2019-06-13 04:35:58,40,34.28491148612991,35.18024381301387,True
500,2,2019-06-13 03:35:58,41,34.28953296164151,35.175701862668454,True
500,2,2019-06-13 02:35:58,42,34.29575360955443,35.174609671593984,True
500,2,2019-06-13 01:35:58,43,34.29911100836121,35.172506444592855,True
500,2,2019-06-13 00:35:58,44,34.301153232964175,35.16628399996341,True
500,2,2019-06-12 23:35:58,45,34.30684983423856,35.162668823519596,True
500,2,2019-06-12 22:35:58,46,34.311140127329075,35.15413781159992,True
500,2,2019-06-12 21:35:58,47,34.317502462184294,35.14453919885459,True
500,2,2019-06-12 20:35:58,48,34.32147466606585,35.135718461484984,True
500,2,2019-06-12 19:35:58,49,34.32663298266141,35.1287992995868,True
500,2,2019-06-12 18:35:58,50,34.33242220442766,35.119894932788675,True
500,2,2019-06-12 17:35:58,51,34.34016754052604,35.11242343062701,True
500,2,2019-06-12 16:35:58,52,34.34606470421191,35.107439920563586,True
500,2,2019-06-12 15:35:58,53,34.35027206956016,35.09714418077084,True
500,2,2019-06-12 14:35:58,54,34.35405616561873,35.090000161769645,True
500,2,2019-06-12 13:35:58,55,34.35807733915163,35.08050497733495,True
500,2,2019-06-12 12:35:58,56,34.35997290532827,35.07340118085978,True
500,2,2019-06-12 11:35:58,57,34.36164788456105,35.06374757824037,True
500,2,2019-06-12 10:35:58,58,34.363451371086974,35.056499643340345,True
500,2,2019-06-12 09:35:58,59,34.36808269244308,35.05008559724676,True
500,2,2019-06-12 08:35:58,60,34.370770868849505,35.04345331644684,True
500,2,2019-06-12 07:35:58,61,34.3767443761312,35.036642608449846,True
500,2,2019-06-12 06:35:58,62,34.38053012799232,35.029836555412636,True
500,2,2019-06-12 05:35:58,63,34.385635662334714,35.02396340346242,True
500,2,2019-06-12 04:35:58,64,34.38941631930838,35.01520421075078,True
500,2,2019-06-12 03:35:58,65,34.390741917722806,35.00808292183219,True
500,2,2019-06-12 02:35:58,66,34.39219340234578,34.99906759502454,True
500,2,2019-06-12 01:35:58,67,34.39064602863521,34.99326519688717,True
500,2,2019-06-12 00:35:58,68,34.39008640827426,34.98590454934896,True
500,2,2019-06-11 23:35:58,69,34.38838105298925,34.981076992916506,True
500,2,2019-06-11 22:35:58,70,34.3857736469579,34.975157893513426,True
500,2,2019-06-11 21:35:58,71,34.38642885716313,34.97359150472776,True
500,2,2019-06-11 20:35:58,72,34.388217140423144,34.97076339320141,True
500,3,2019-06-14 20:35:58,0,34.087116,35.273238,True
500,3,2019-06-14 19:35:58,1,34.090679355491126,35.27550483518745,True
500,3,2019-06-14 18:35:58,2,34.09803544632914,35.277542195279025,True
500,3,2019-06-14 17:35:58,3,34.10319933772098,35.27685119958444,True
500,3,2019-06-14 16:35:58,4,34.10796174867498,35.27551695056757,True
500,3,2019-06-14 15:35:58,5,34.1126852808263,35.27117133282581,True
500,3,2019-06-14 14:35:58,6,34.11410656231336,35.26712729776349,True
500,3,2019-06-14 13:35:58,7,34.11703234231164,35.2689921776887,True
500,3,2019-06-14 12:35:58,8,34.11772648657651,35.266277776322845,True
500,3,2019-06-14 11:35:58,9,34.121774873908436,35.26524121541799,True
500,3,2019-06-14 10:35:58,10,34.126340587572365,35.26528228025992,True
500,3,2019-06-14 09:35:58,11,34.1308554689722,35.26139757115033,True
500,3,2019-06-14 08:35:58,12,34.136425308479815,35.260870288215266,True
500,3,2019-06-14 07:35:58,13,34.144221584855906,35.2599235550599,True
500,3,2019-06-14 06:35:58,14,34.149017703658025,35.25880624016311,True
500,3,2019-06-14 05:35:58,15,34.15470038044067,35.25710431186748,True
500,3,2019-06-14 04:35:58,16,34.15818026453395,35.25277770801557,True
500,3,2019-06-14 03:35:58,17,34.16327805174417,35.252041069150934,True
500,3,2019-06-14 02:35:58,18,34.16560074804745,35.24661635187524,True
500,3,2019-06-14 01:35:58,19,34.16770023112379,35.24333136154951,True
500,3,2019-06-14 00:35:58,20,34.16906507934282,35.24495026163198,True
500,3,2019-06-13 23:35:58,21,34.17132686395273,35.24554721763845,True
500,3,2019-06-13 22:35:58,22,34.171877100919,35.24505721277781,True
500,3,2019-06-13 21:35:58,23,34.174407919814904,35.24875479201445,True
500,3,2019-06-13 20:35:58,24,34.177683250272736,35.255190283232615,True
500,3,2019-06-13 19:35:58,25,34.18163345883559,35.25932735123011,True
500,3,2019-06-13 18:35:58,26,34.188316210278614,35.264282673903,True
500,3,2019-06-13 17:35:58,27,34.195967510218885,35.26592162661389,True
500,3,2019-06-13 16:35:58,28,34.20362260712155,35.26457997654305,True
500,3,2019-06-13 15:35:58,29,34.21362935298411,35.261588110744704,True
500,3,2019-06-13 14:35:58,30,34.22228111874137,35.25803446371414,True
500,3,2019-06-13 13:35:58,31,34.23053761615072,35.251568587935,True
500,3,2019-06-13 12:35:58,32,34.24008837762469,35.24406182689062,True
500,3,2019-06-13 11:35:58,33,34.24799117593287,35.23880536678622,True
500,3,2019-06-13 10:35:58,34,34.25515833003887,35.230872623340765,True
500,3,2019-06-13 09:35:58,35,34.25804417834255,35.2214778048343,True
500,3,2019-06-13 08:35:58,36,34.26168862924356,35.21553984261876,True
500,3,2019-06-13 07:35:58,37,34.26479089523782,35.20932268878384,True
500,3,2019-06-13 06:35:58,38,34.2663169047024,35.20384095905811,True
500,3,2019-06-13 05:35:58,39,34.26939738859711,35.19826538545343,True
500,3,2019-06-13 04:35:58,40,34.27105057706343,35.1957968923136,True
500,3,2019-06-13 03:35:58,41,34.27467807628118,35.19200419915263,True
500,3,2019-06-13 02:35:58,42,34.27656853682417,35.18827818245347,True
500,3,2019-06-13 01:35:58,43,34.28005566330335,35.18724601606666,True
500,3,2019-06-13 00:35:58,44,34.284583953573765,35.18490923611421,True
500,3,2019-06-12 23:35:58,45,34.29018155268902,35.1800318696756,True
500,3,2019-06-12 22:35:58,46,34.296762222072466,35.17877108483452,True
500,3,2019-06-12 21:35:58,47,34.30066608665097,35.17401068636305,True
500,3,2019-06-12 20:35:58,48,34.306925975620416,35.16875763746875,True
500,3,2019-06-12 19:35:58,49,34.31433032459032,35.1601014065664,True
500,3,2019-06-12 18:35:58,50,34.319202972850924,35.15370292109528,True
500,3,2019-06-12 17:35:58,51,34.32583223943513,35.14805820020729,True
500,3,2019-06-12 16:35:58,52,34.33162742065536,35.14237586037391,True
500,3,2019-06-12 15:35:58,53,34.337634512051466,35.13418471862397,True
500,3,2019-06-12 14:35:58,54,34.34215121409224,35.12451566460354,True
500,3,2019-06-12 13:35:58,55,34.34630068279199,35.11343529282832,True
500,3,2019-06-12 12:35:58,56,34.34675814265025,35.10222051690995,True
500,3,2019-06-12 11:35:58,57,34.348088110589934,35.09269081496106,True
500,3,2019-06-12 10:35:58,58,34.351510251109964,35.08294295334008,True
500,3,2019-06-12 09:35:58,59,34.35463332406241,35.07498898600088,True
500,3,2019-06-12 08:35:58,60,34.35578580013812,35.06815409351521,True
500,3,2019-06-12 07:35:58,61,34.35992728902397,35.060147308317305,True
500,3,2019-06-12 06:35:58,62,34.36192519131216,35.05125042160928,True
500,3,2019-06-12 05:35:58,63,34.36547231759949,35.041552864454665,True
500,3,2019-06-12 04:35:58,64,34.36931422351889,35.03159463642274,True
500,3,2019-06-12 03:35:58,65,34.37316464517915,35.02662239834344,True
500,3,2019-06-12 02:35:58,66,34.3771579416066,35.0190208857601,True
500,3,2019-06-12 01:35:58,67,34.37616221270167,35.01204689276601,True
500,3,2019-06-12 00:35:58,68,34.37613945991392,35.005791601544956,True
500,3,2019-06-11 23:35:58,69,34.377564791890286,35.002351031667835,True
500,3,2019-06-11 22:35:58,70,34.377423666979944,34.99678730976549,True
500,3,2019-06-11 21:35:58,71,34.37806591293022,34.99469680167266,True
500,3,2019-06-11 20:35:58,72,34.3780960519848,34.99244215188785,True
500,4,2019-06-14 20:35:58,0,34.087116,35.273238,True
500,4,2019-06-14 19:35:58,1,34.09012834309021,35.27620403691678,True
500,4,2019-06-14 18:35:58,2,34.095176942141165,35.27846636725886,True
500,4,2019-06-14 17:35:58,3,34.09890952341842,35.27958777393844,True
500,4,2019-06-14 16:35:58,4,34.10540498624595,35.281032188029286,True
500,4,2019-06-14 15:35:58,5,34.108995911184444,35.280720710895004,True
500,4,2019-06-14 14:35:58,6,34.110855889443414,35.27931799505733,True
500,4,2019-06-14 13:35:58,7,34.11449083916495,35.277054599320124,True
500,4,2019-06-14 12:35:58,8,34.11958049362792,35.27847312217054,True
500,4,2019-06-14 11:35:58,9,34.12531766385061,35.27652686704574,True
500,4,2019-06-14 10:35:58,10,34.126925469535045,35.27378321353628,True
500,4,2019-06-14 09:35:58,11,34.12939679779852,35.27323735133796,True
500,4,2019-06-14 08:35:58,12,34.13417630951891,35.27117610321821,True
500,4,2019-06-14 07:35:58,13,34.13913106957927,35.267998360321414,True
500,4,2019-06-14 06:35:58,14,34.14164189881457,35.267221442289696,True
500,4,2019-06-14 05:35:58,15,34.14627012237403,35.26306425792636,True
500,4,2019-06-14 04:35:58,16,34.150526609435644,35.26055792202294,True
500,4,2019-06-14 03:35:58,17,34.15270370726762,35.259044139207596,True
500,4,2019-06-14 02:35:58,18,34.151710664222,35.256838419536905,True
500,4,2019-06-14 01:35:58,19,34.15258482127774,35.254591162944166,True
500,4,2019-06-14 00:35:58,20,34.151461648396754,35.25519453847376,True
500,4,2019-06-13 23:35:58,21,34.150067714144704,35.25664466768271,True
500,4,2019-06-13 22:35:58,22,34.1499800614045,35.261672539997555,True
500,4,2019-06-13 21:35:58,23,34.15279458955774,35.26668742732927,True
500,4,2019-06-13 20:35:58,24,34.15611814507543,35.27122476828341,True
500,4,2019-06-13 19:35:58,25,34.1611246090607,35.27835282692701,True
500,4,2019-06-13 18:35:58,26,34.16712164593984,35.28442660793274,True
500,4,2019-06-13 17:35:58,27,34.17377259082313,35.288474954065464,True
500,4,2019-06-13 16:35:58,28,34.18230612630619,35.28739640235956,True
500,4,2019-06-13 15:35:58,29,34.19052487061328,35.28690025940628,True
500,4,2019-06-13 14:35:58,30,34.19807150067258,35.28517676455706,True
500,4,2019-06-13 13:35:58,31,34.20946473968605,35.2811643727524,True
500,4,2019-06-13 12:35:58,32,34.21661035547687,35.27271912493813,True
500,4,2019-06-13 11:35:58,33,34.2250156147746,35.26439620443151,True
500,4,2019-06-13 10:35:58,34,34.23079058158849,35.256464752185586,True
500,4,2019-06-13 09:35:58,35,34.23257904362088,35.24663395460438,True
500,4,2019-06-13 08:35:58,36,34.23562175190911,35.23608070578992,True
500,4,2019-06-13 07:35:58,37,34.23797446831368,35.227526867681085,True
500,4,2019-06-13 06:35:58,38,34.24081484491242,35.21928576082347,True
500,4,2019-06-13 05:35:58,39,34.24184968297248,35.211254189222764,True
500,4,2019-06-13 04:35:58,40,34.243344148220196,35.21027820377195,True
500,4,2019-06-13 03:35:58,41,34.24682137872575,35.206010433327805,True
500,4,2019-06-13 02:35:58,42,34.25156605282402,35.200295329538655,True
500,4,2019-06-13 01:35:58,43,34.25553566288299,35.19378480742504,True
500,4,2019-06-13 00:35:58,44,34.26076511319243,35.19015051694718,True
500,4,2019-06-12 23:35:58,45,34.26543812228413,35.18548634528267,True
500,4,2019-06-12 22:35:58,46,34.269777177367146,35.183152446503335,True
500,4,2019-06-12 21:35:58,47,34.2768372895461,35.178472996443055,True
500,4,2019-06-12 20:35:58,48,34.28445600176111,35.172278163216774,True
500,4,2019-06-12 19:35:58,49,34.292738718995295,35.16825253424582,True
500,4,2019-06-12 18:35:58,50,34.29871474441985,35.160746512628215,True
500,4,2019-06-12 17:35:58,51,34.30284030557752,35.15190157146883,True
500,4,2019-06-12 16:35:58,52,34.307493108134615,35.14803575075144,True
500,4,2019-06-12 15:35:58,53,34.31155916924952,35.13845957526796,True
500,4,2019-06-12 14:35:58,54,34.318645782136734,35.12698462328833,True
500,4,2019-06-12 13:35:58,55,34.3242218127817,35.11650625456184,True
500,4,2019-06-12 12:35:58,56,34.32835327203033,35.10638077248632,True
500,4,2019-06-12 11:35:58,57,34.329766815047954,35.09704186602865,True
500,4,2019-06-12 10:35:58,58,34.331977756303125,35.0878341338623,True
500,4,2019-06-12 09:35:58,59,34.3347183376465,35.082143437324454,True
500,4,2019-06-12 08:35:58,60,34.33934625910553,35.07420980792037,True
500,4,2019-06-12 07:35:58,61,34.344268953457714,35.070190768590216,True
500,4,2019-06-12 06:35:58,62,34.34968362496213,35.06109533061739,True
500,4,2019-06-12 05:35:58,63,34.35436153484189,35.054543103976556,True
500,4,2019-06-12 04:35:58,64,34.35920652815874,35.04825499709982,True
500,4,2019-06-12 03:35:58,65,34.362746909169466,35.037130496234404,True
500,4,2019-06-12 02:35:58,66,34.36233154203575,35.0275585998399,True
500,4,2019-06-12 01:35:58,67,34.36575626802023,35.02231748808015,True
500,4,2019-06-12 00:35:58,68,34.36705606593559,35.01531960304351,True
500,4,2019-06-11 23:35:58,69,34.368659115225384,35.01185669170115,True
500,4,2019-06-11 22:35:58,70,34.36975380142555,35.007666677577774,True
500,4,2019-06-11 21:35:58,71,34.369531025582084,35.0028762094484,True
500,4,2019-06-11 20:35:58,72,34.3707349174999,35.00361777059815,True
500,5,2019-06-14 20:35:58,0,34.087116,35.273238,True
500,5,2019-06-14 19:35:58,1,34.092123600387524,35.277775424957035,True
500,5,2019-06-14 18:35:58,2,34.09653489747777,35.280465312397844,True
500,5,2019-06-14 17:35:58,3,34.102443265310825,35.28018102974244,True
500,5,2019-06-14 16:35:58,4,34.10900296387004,35.28367925265847,True
500,5,2019-06-14 15:35:58,5,34.11076605427676,35.28471120368389,True
500,5,2019-06-14 14:35:58,6,34.112985269116386,35.284979613587765,True
500,5,2019-06-14 13:35:58,7,34.11726976671291,35.28332278354613,True
500,5,2019-06-14 12:35:58,8,34.12163281543563,35.28343067564085,True
500,5,2019-06-14 11:35:58,9,34.12480883129447,35.28205369602438,True
500,5,2019-06-14 10:35:58,10,34.12846233284432,35.28174275746347,True
500,5,2019-06-14 09:35:58,11,34.13352122484003,35.27937456662495,True
500,5,2019-06-14 08:35:58,12,34.13887748058879,35.27856148733155,True
500,5,2019-06-14 07:35:58,13,34.14518196897804,35.27633558348079,True
500,5,2019-06-14 06:35:58,14,34.15097374877622,35.27301270473925,True
500,5,2019-06-14 05:35:58,15,34.154912166757,35.26994317165451,True
500,5,2019-06-14 04:35:58,16,34.156989694991644,35.2681099510243,True
500,5,2019-06-14 03:35:58,17,34.15797731589481,35.26791081573325,True
500,5,2019-06-14 02:35:58,18,34.15856682492239,35.2656955269934,True
500,5,2019-06-14 01:35:58,19,34.159607847826926,35.263761164929846,True
500,5,2019-06-14 00:35:58,20,34.15648825320021,35.263717569684836,True
500,5,2019-06-13 23:35:58,21,34.155039070130016,35.26463822162404,True
500,5,2019-06-13 22:35:58,22,34.15377559060037,35.270292567855655,True
500,5,2019-06-13 21:35:58,23,34.15475602271325,35.276815666174876,True
500,5,2019-06-13 20:35:58,24,34.15690247908189,35.282768175913596,True
500,5,2019-06-13 19:35:58,25,34.1599133601575,35.29149947479843,True
500,5,2019-06-13 18:35:58,26,34.16587712884948,35.3000763183577,True
500,5,2019-06-13 17:35:58,27,34.171900929584616,35.30352328902539,True
500,5,2019-06-13 16:35:58,28,34.180288097867795,35.30469465041522,True
500,5,2019-06-13 15:35:58,29,34.18938198045646,35.3009269546296,True
500,5,2019-06-13 14:35:58,30,34.19979991392081,35.29650242099132,True
500,5,2019-06-13 13:35:58,31,34.20701598917487,35.29052563545456,True
500,5,2019-06-13 12:35:58,32,34.21794434399567,35.280736210043024,True
500,5,2019-06-13 11:35:58,33,34.22513567743984,35.26946311802274,True
500,5,2019-06-13 10:35:58,34,34.233911326856344,35.256090672365026,True
500,5,2019-06-13 09:35:58,35,34.23978495717478,35.246948311286566,True
500,5,2019-06-13 08:35:58,36,34.24367466119314,35.23698368835086,True
500,5,2019-06-13 07:35:58,37,34.24607306058502,35.229221053947256,True
500,5,2019-06-13 06:35:58,38,34.24723503559079,35.22141682048552,True
500,5,2019-06-13 05:35:58,39,34.25025493495446,35.215048868637865,True
500,5,2019-06-13 04:35:58,40,34.25419653954015,35.207985222184405,True
500,5,2019-06-13 03:35:58,41,34.256759889618216,35.20296166932263,True
500,5,2019-06-13 02:35:58,42,34.25949693053918,35.19996188452044,True
500,5,2019-06-13 01:35:58,43,34.26205738393609,35.19479423428528,True
500,5,2019-06-13 00:35:58,44,34.26609936949629,35.19329473029326,True
500,5,2019-06-12 23:35:58,45,34.273012210760655,35.189292644278616,True
500,5,2019-06-12 22:35:58,46,34.27804552401792,35.18650275087788,True
500,5,2019-06-12 21:35:58,47,34.283958443732274,35.181838537661974,True
500,5,2019-06-12 20:35:58,48,34.28938657219374,35.177168863748534,True
500,5,2019-06-12 19:35:58,49,34.29561009264292,35.172910320187334,True
500,5,2019-06-12 18:35:58,50,34.30284349634898,35.168053596672735,True
500,5,2019-06-12 17:35:58,51,34.30926242902643,35.16079696636764,True
500,5,2019-06-12 16:35:58,52,34.31619056601052,35.154972947908746,True
500,5,2019-06-12 15:35:58,53,34.32516845860077,35.148385431206066,True
500,5,2019-06-12 14:35:58,54,34.33008871730875,35.14089253145668,True
500,5,2019-06-12 13:35:58,55,34.334766443694754,35.12913290940653,True
500,5,2019-06-12 12:35:58,56,34.339955015169494,35.121219694907296,True
500,5,2019-06-12 11:35:58,57,34.341924166036705,35.11128673252611,True
500,5,2019-06-12 10:35:58,58,34.345766150180495,35.10064128374257,True
500,5,2019-06-12 09:35:58,59,34.34882240846407,35.09309743763873,True
500,5,2019-06-12 08:35:58,60,34.357341180922134,35.0856252920731,True
500,5,2019-06-12 07:35:58,61,34.36203651884977,35.08258524507345,True
500,5,2019-06-12 06:35:58,62,34.36759181061103,35.07863784451069,True
500,5,2019-06-12 05:35:58,63,34.372890700968654,35.07208388465817,True
500,5,2019-06-12 04:35:58,64,34.37657521951642,35.063293064134356,True
500,5,2019-06-12 03:35:58,65,34.37826266026077,35.05245784209332,True
500,5,2019-06-12 02:35:58,66,34.379809857080154,35.044137719356094,True
500,5,2019-06-12 01:35:58,67,34.38290755079972,35.038048580779055,True
500,5,2019-06-12 00:35:58,68,34.38373897766915,35.03183611681505,True
500,5,2019-06-11 23:35:58,69,34.38652676795541,35.02775727166346,True
500,5,2019-06-11 22:35:58,70,34.386097969164176,35.02117787110214,True
500,5,2019-06-11 21:35:58,71,34.38618675954831,35.01787181722205,True
500,5,2019-06-11 20:35:58,72,34.3872528112673,35.01501671134835,True
545,0,2019-06-14 20:35:58,0,34.089751,35.27455,True
545,0,2019-06-14 19:35:58,1,34.09674190825294,35.27613886097806,True
545,0,2019-06-14 18:35:58,2,34.10374334981353,35.27816219588329,True
545,0,2019-06-14 17:35:58,3,34.10753611518901,35.27907237227966,True
545,0,2019-06-14 16:35:58,4,34.110932823807794,35.27963227719827,True
545,0,2019-06-14 15:35:58,5,34.11248856941895,35.28299625044868,True
545,0,2019-06-14 14:35:58,6,34.119476141372445,35.28393419326121,True
545,0,2019-06-14 13:35:58,7,34.1248924262551,35.284503294778276,True
545,0,2019-06-14 12:35:58,8,34.12919925099991,35.28351672140697,True
545,0,2019-06-14 11:35:58,9,34.132969200715436,35.28361497226411,True
545,0,2019-06-14 10:35:58,10,34.13860387085265,35.28687990582657,True
545,0,2019-06-14 09:35:58,11,34.142937646703245,35.28855990660076,True
545,0,2019-06-14 08:35:58,12,34.14810549092527,35.28802180473484,True
545,0,2019-06-14 07:35:58,13,34.15792495385548,35.28536870419023,True
545,0,2019-06-14 06:35:58,14,34.16509000783237,35.28166651790336,True
545,0,2019-06-14 05:35:58,15,34.17216518337203,35.279053095582206,True
545,0,2019-06-14 04:35:58,16,34.17522473197609,35.27236115436442,True
545,0,2019-06-14 03:35:58,17,34.177619187372294,35.26802419848625,True
545,0,2019-06-14 02:35:58,18,34.17938518550789,35.265241257611635,True
545,0,2019-06-14 01:35:58,19,34.17958360341776,35.26191367453505,True
545,0,2019-06-14 00:35:58,20,34.177990619702605,35.25808417059043,True
545,0,2019-06-13 23:35:58,21,34.17948837165499,35.2592582590603,True
545,0,2019-06-13 22:35:58,22,34.178189693989175,35.2608991005137,True
545,0,2019-06-13 21:35:58,23,34.17966843964069,35.26210280928419,True
545,0,2019-06-13 20:35:58,24,34.18355145649671,35.26676992616813,True
545,0,2019-06-13 19:35:58,25,34.1887311428958,35.275088970198894,True
545,0,2019-06-13 18:35:58,26,34.19310573721224,35.27876818298366,True
545,0,2019-06-13 17:35:58,27,34.201022963289645,35.28063011496114,True
545,0,2019-06-13 16:35:58,28,34.20965801080706,35.27981125480794,True
545,0,2019-06-13 15:35:58,29,34.21792138926947,35.27497366509717,True
545,0,2019-06-13 14:35:58,30,34.22641968869574,35.271019685661884,True
545,0,2019-06-13 13:35:58,31,34.234788048898494,35.264464935564554,True
545,0,2019-06-13 12:35:58,32,34.24557456707063,35.25659339667736,True
545,0,2019-06-13 11:35:58,33,34.251947868637465,35.24736344199095,True
545,0,2019-06-13 10:35:58,34,34.25864956195915,35.241897548056286,True
545,0,2019-06-13 09:35:58,35,34.26293188774312,35.23467284905784,True
545,0,2019-06-13 08:35:58,36,34.26548745993256,35.2243961458138,True
545,0,2019-06-13 07:35:58,37,34.26960983674611,35.21625581435845,True
545,0,2019-06-13 06:35:58,38,34.27323800323099,35.208348767329014,True
545,0,2019-06-13 05:35:58,39,34.27626239485889,35.2014603948267,True
545,0,2019-06-13 04:35:58,40,34.27989351512404,35.19714361184076,True
545,0,2019-06-13 03:35:58,41,34.28344428100697,35.196330708227165,True
545,0,2019-06-13 02:35:58,42,34.28787610049279,35.19225660215616,True
545,0,2019-06-13 01:35:58,43,34.292302763244436,35.18846107279262,True
545,0,2019-06-13 00:35:58,44,34.29805539259162,35.185664241421534,True
545,0,2019-06-12 23:35:58,45,34.30215348504535,35.186222329824794,True
545,0,2019-06-12 22:35:58,46,34.30786036952491,35.18476631666133,True
545,0,2019-06-12 21:35:58,47,34.313859252271094,35.18296090478661,True
545,0,2019-06-12 20:35:58,48,34.318779099416034,35.17857946888903,True
545,0,2019-06-12 19:35:58,49,34.32601788749427,35.17636012365659,True
545,0,2019-06-12 18:35:58,50,34.332520234099235,35.17233586284401,True
545,0,2019-06-12 17:35:58,51,34.342595704071556,35.16520758187527,True
545,0,2019-06-12 16:35:58,52,34.34700331211807,35.15999717118873,True
545,0,2019-06-12 15:35:58,53,34.35579148849153,35.153504167947546,True
545,0,2019-06-12 14:35:58,54,34.36088223211246,35.139783394302164,True
545,0,2019-06-12 13:35:58,55,34.365314867699404,35.12677104093039,True
545,0,2019-06-12 12:35:58,56,34.36848823361467,35.11619026516883,True
545,0,2019-06-12 11:35:58,57,34.37175360738214,35.10776550495528,True
545,0,2019-06-12 10:35:58,58,34.37575609118428,35.10048894047331,True
545,0,2019-06-12 09:35:58,59,34.377956980540155,35.094726859868295,True
545,0,2019-06-12 08:35:58,60,34.38259065590489,35.08846031866584,True
545,0,2019-06-12 07:35:58,61,34.388760828426044,35.08390506667367,True
545,0,2019-06-12 06:35:58,62,34.39693647717189,35.078969954049555,True
545,0,2019-06-12 05:35:58,63,34.40413929609396,35.07322390422537,True
545,0,2019-06-12 04:35:58,64,34.410124914781036,35.06753364127759,True
545,0,2019-06-12 03:35:58,65,34.413797725878744,35.060998660365826,True
545,0,2019-06-12 02:35:58,66,34.41735518831893,35.05562693425779,True
545,0,2019-06-12 01:35:58,67,34.42068705282577,35.049704025812005,True
545,0,2019-06-12 00:35:58,68,34.424004273292205,35.041466841947134,True
545,0,2019-06-11 23:35:58,69,34.424105785011925,35.03742699864107,True
545,0,2019-06-11 22:35:58,70,34.42407835704976,35.03478684055291,True
545,0,2019-06-11 21:35:58,71,34.42419349979509,35.03359237252804,True
545,0,2019-06-11 20:35:58,72,34.423855139402505,35.031596894589136,True
545,1,2019-06-14 20:35:58,0,34.089751,35.27455,True
545,1,2019-06-14 19:35:58,1,34.09447351657832,35.27693235850781,True
545,1,2019-06-14 18:35:58,2,34.10098116714354,35.27744989016506,True
545,1,2019-06-14 17:35:58,3,34.106615724773484,35.278475288687964,True
545,1,2019-06-14 16:35:58,4,34.10824138458575,35.27799365284585,True
545,1,2019-06-14 15:35:58,5,34.11332048398621,35.277958414515034,True
545,1,2019-06-14 14:35:58,6,34.118671755420095,35.276937446170386,True
545,1,2019-06-14 13:35:58,7,34.121297237497636,35.277516425878254,True
545,1,2019-06-14 12:35:58,8,34.12480777477293,35.27770262174012,True
545,1,2019-06-14 11:35:58,9,34.128599594328065,35.27528931091911,True
545,1,2019-06-14 10:35:58,10,34.13336674178195,35.27509216520871,True
545,1,2019-06-14 09:35:58,11,34.13690405668909,35.27190665692737,True
545,1,2019-06-14 08:35:58,12,34.142533070024975,35.26925486716992,True
545,1,2019-06-14 07:35:58,13,34.14771674193576,35.265934448324515,True
545,1,2019-06-14 06:35:58,14,34.15349204552417,35.26433355796681,True
545,1,2019-06-14 05:35:58,15,34.15770135236244,35.259725698537416,True
545,1,2019-06-14 04:35:58,16,34.16231125551598,35.256365885105545,True
545,1,2019-06-14 03:35:58,17,34.16517624165638,35.251397897974385,True
545,1,2019-06-14 02:35:58,18,34.16664880500145,35.24811225702285,True
545,1,2019-06-14 01:35:58,19,34.16928726711083,35.24798701571201,True
545,1,2019-06-14 00:35:58,20,34.16883255418247,35.24879895897904,True
545,1,2019-06-13 23:35:58,21,34.170011115801586,35.251550420324534,True
545,1,2019-06-13 22:35:58,22,34.17107991212839,35.253538498916654,True
545,1,2019-06-13 21:35:58,23,34.171768077915,35.25572985725791,True
545,1,2019-06-13 20:35:58,24,34.17291260795587,35.261675737494,True
545,1,2019-06-13 19:35:58,25,34.17777736511423,35.2663166316437,True
545,1,2019-06-13 18:35:58,26,34.18352624730745,35.27081170863506,True
545,1,2019-06-13 17:35:58,27,34.192028794139276,35.274121861960026,True
545,1,2019-06-13 16:35:58,28,34.198526941554086,35.27564250082059,True
545,1,2019-06-13 15:35:58,29,34.20476447825727,35.27217295767137,True
545,1,2019-06-13 14:35:58,30,34.213082211272855,35.26496857527144,True
545,1,2019-06-13 13:35:58,31,34.218252911713364,35.2558352018075,True
545,1,2019-06-13 12:35:58,32,34.22777508192245,35.248168826586365,True
545,1,2019-06-13 11:35:58,33,34.23377467405225,35.23677408234064,True
545,1,2019-06-13 10:35:58,34,34.24146617425616,35.22630176442932,True
545,1,2019-06-13 09:35:58,35,34.24476450199145,35.216851090534604,True
545,1,2019-06-13 08:35:58,36,34.246311436593494,35.20736452877253,True
545,1,2019-06-13 07:35:58,37,34.24753210934288,35.19959819820223,True
545,1,2019-06-13 06:35:58,38,34.249659971944915,35.18795913782108,True
545,1,2019-06-13 05:35:58,39,34.25032182485022,35.18093995642589,True
545,1,2019-06-13 04:35:58,40,34.25194023105546,35.174106193310074,True
545,1,2019-06-13 03:35:58,41,34.25251645789275,35.17140792771517,True
545,1,2019-06-13 02:35:58,42,34.25421757186545,35.16385770049998,True
545,1,2019-06-13 01:35:58,43,34.255928206085514,35.158291034103485,True
545,1,2019-06-13 00:35:58,44,34.25995470811547,35.154455464939886,True
545,1,2019-06-12 23:35:58,45,34.262535397374464,35.15179701614467,True
545,1,2019-06-12 22:35:58,46,34.26801038861996,35.14639743785626,True
545,1,2019-06-12 21:35:58,47,34.27244219940847,35.143918841895335,True
545,1,2019-06-12 20:35:58,48,34.27709305943876,35.13926381666709,True
545,1,2019-06-12 19:35:58,49,34.28184682243329,35.13403549879837,True
545,1,2019-06-12 18:35:58,50,34.28698849850393,35.12857358801035,True
545,1,2019-06-12 17:35:58,51,34.29238446360738,35.122902650917965,True
545,1,2019-06-12 16:35:58,52,34.30096643254136,35.1165756753061,True
545,1,2019-06-12 15:35:58,53,34.30950125076818,35.10709978620481,True
545,1,2019-06-12 14:35:58,54,34.316246513469835,35.09676486961556,True
545,1,2019-06-12 13:35:58,55,34.32168270602424,35.08920622358383,True
545,1,2019-06-12 12:35:58,56,34.32427466959336,35.0818458151994,True
545,1,2019-06-12 11:35:58,57,34.32702681863028,35.07307980763742,True
545,1,2019-06-12 10:35:58,58,34.330878409883724,35.063129786233596,True
545,1,2019-06-12 09:35:58,59,34.33420394002535,35.05468444737679,True
545,1,2019-06-12 08:35:58,60,34.33833704911204,35.0488791239796,True
545,1,2019-06-12 07:35:58,61,34.3414800676537,35.04286332522479,True
545,1,2019-06-12 06:35:58,62,34.34768267711868,35.033683991563855,True
545,1,2019-06-12 05:35:58,63,34.35090909113309,35.02509673725653,True
545,1,2019-06-12 04:35:58,64,34.35337825253653,35.01534877798048,True
545,1,2019-06-12 03:35:58,65,34.3555047906087,35.00571328502316,True
545,1,2019-06-12 02:35:58,66,34.35797231387272,34.99763767525108,True
545,1,2019-06-12 01:35:58,67,34.359465367822224,34.98879286367205,True
545,1,2019-06-12 00:35:58,68,34.35693973675757,34.984263821889165,True
545,1,2019-06-11 23:35:58,69,34.35896997169085,34.97795091115863,True
545,1,2019-06-11 22:35:58,70,34.35903176811404,34.97503841117504,True
545,1,2019-06-11 21:35:58,71,34.35674863969771,34.9731016029036,True
545,1,2019-06-11 20:35:58,72,34.35537950463479,34.97032000120278,True
545,2,2019-06-14 20:35:58,0,34.089751,35.27455,True
545,2,2019-06-14 19:35:58,1,34.094723548618845,35.277147809198794,True
545,2,2019-06-14 18:35:58,2,34.098557061242076,35.2790245625079,True
545,2,2019-06-14 17:35:58,3,34.10411164687165,35.280416334752985,True
545,2,2019-06-14 16:35:58,4,34.10986058650933,35.280048671543135,True
545,2,2019-06-14 15:35:58,5,34.113194592151565,35.28127268166329,True
545,2,2019-06-14 14:35:58,6,34.11618423734818,35.28267121017871,True
545,2,2019-06-14 13:35:58,7,34.12172958529164,35.28337268303815,True
545,2,2019-06-14 12:35:58,8,34.12618447282667,35.282647572095236,True
545,2,2019-06-14 11:35:58,9,34.132012078031494,35.28083628044033,True
545,2,2019-06-14 10:35:58,10,34.13355623743888,35.280943883221184,True
545,2,2019-06-14 09:35:58,11,34.13402304244047,35.27926036230296,True
545,2,2019-06-14 08:35:58,12,34.13682104308874,35.27951187304974,True
545,2,2019-06-14 07:35:58,13,34.142509311694795,35.27841242520635,True
545,2,2019-06-14 06:35:58,14,34.147787680958956,35.27333027950084,True
545,2,2019-06-14 05:35:58,15,34.15431782400456,35.27088920816287,True
545,2,2019-06-14 04:35:58,16,34.160849851132866,35.267363466946755,True
545,2,2019-06-14 03:35:58,17,34.164307538167016,35.26242005184177,True
545,2,2019-06-14 02:35:58,18,34.165931972553324,35.25970691944031,True
545,2,2019-06-14 01:35:58,19,34.165048080697524,35.258003410447195,True
545,2,2019-06-14 00:35:58,20,34.16467579649758,35.25805232824603,True
545,2,2019-06-13 23:35:58,21,34.16429752345984,35.256657068925264,True
545,2,2019-06-13 22:35:58,22,34.16355834629488,35.26055516512445,True
545,2,2019-06-13 21:35:58,23,34.16590151262941,35.265213631291054,True
545,2,2019-06-13 20:35:58,24,34.16952613841321,35.27130759928326,True
545,2,2019-06-13 19:35:58,25,34.173305495562246,35.27913635393543,True
545,2,2019-06-13 18:35:58,26,34.17889767824789,35.28310446983109,True
545,2,2019-06-13 17:35:58,27,34.18721038896646,35.2863061579668,True
545,2,2019-06-13 16:35:58,28,34.19631759169578,35.284775676453194,True
545,2,2019-06-13 15:35:58,29,34.20621034484155,35.283006018337915,True
545,2,2019-06-13 14:35:58,30,34.21943874937773,35.27668024961024,True
545,2,2019-06-13 13:35:58,31,34.227261685282414,35.27173191849423,True
545,2,2019-06-13 12:35:58,32,34.23347333428564,35.265810354713096,True
545,2,2019-06-13 11:35:58,33,34.243832616869575,35.25678067607618,True
545,2,2019-06-13 10:35:58,34,34.25189588308985,35.24666693732113,True
545,2,2019-06-13 09:35:58,35,34.255164259313865,35.23377902347865,True
545,2,2019-06-13 08:35:58,36,34.26023268582936,35.223128518655045,True
545,2,2019-06-13 07:35:58,37,34.263768365548515,35.21266982762404,True
545,2,2019-06-13 06:35:58,38,34.26608103510322,35.20649132313539,True
545,2,2019-06-13 05:35:58,39,34.269066507146924,35.19926233915666,True
545,2,2019-06-13 04:35:58,40,34.268894624335175,35.19463000090088,True
545,2,2019-06-13 03:35:58,41,34.2716700939968,35.18811754584312,True
545,2,2019-06-13 02:35:58,42,34.27518885825584,35.1832054740279,True
545,2,2019-06-13 01:35:58,43,34.279102859168255,35.17727122193266,True
545,2,2019-06-13 00:35:58,44,34.28555216050051,35.170851645279555,True
545,2,2019-06-12 23:35:58,45,34.29376450142396,35.164011556679505,True
545,2,2019-06-12 22:35:58,46,34.29973818202675,35.15900096758748,True
545,2,2019-06-12 21:35:58,47,34.30455455988433,35.15365503431422,True
545,2,2019-06-12 20:35:58,48,34.311494329708324,35.14708649118376,True
545,2,2019-06-12 19:35:58,49,34.31791449013597,35.1398355878381,True
545,2,2019-06-12 18:35:58,50,34.32562252188492,35.132153994199975,True
545,2,2019-06-12 17:35:58,51,34.32952725273865,35.12372617719787,True
545,2,2019-06-12 16:35:58,52,34.33470644694999,35.11575984273995,True
545,2,2019-06-12 15:35:58,53,34.33787260661459,35.107118726610395,True
545,2,2019-06-12 14:35:58,54,34.34238457834438,35.09915544798173,True
545,2,2019-06-12 13:35:58,55,34.345637171590546,35.09144907411157,True
545,2,2019-06-12 12:35:58,56,34.35033081028232,35.081922015467,True
545,2,2019-06-12 11:35:58,57,34.35347201551618,35.07422187839083,True
545,2,2019-06-12 10:35:58,58,34.357575083876796,35.064762979079546,True
545,2,2019-06-12 09:35:58,59,34.36205420042037,35.057780277364486,True
545,2,2019-06-12 08:35:58,60,34.36662321328515,35.04989376893582,True
545,2,2019-06-12 07:35:58,61,34.371252471738025,35.0423967331139,True
545,2,2019-06-12 06:35:58,62,34.377760851249455,35.0351791952976,True
545,2,2019-06-12 05:35:58,63,34.38076649842614,35.02819473391391,True
545,2,2019-06-12 04:35:58,64,34.38339324168017,35.0197496255006,True
545,2,2019-06-12 03:35:58,65,34.385686296812494,35.01052527743577,True
545,2,2019-06-12 02:35:58,66,34.38636518607065,35.00486074478048,True
545,2,2019-06-12 01:35:58,67,34.38810142977653,34.998267269169034,True
545,2,2019-06-12 00:35:58,68,34.38917281875215,34.9925253947312,True
545,2,2019-06-11 23:35:58,69,34.38830883058186,34.98439328900447,True
545,2,2019-06-11 22:35:58,70,34.38628531928656,34.975919879362124,True
545,2,2019-06-11 21:35:58,71,34.38509367602492,34.97213278050359,True
545,2,2019-06-11 20:35:58,72,34.38432177135543,34.97087801971553,True
545,3,2019-06-14 20:35:58,0,34.089751,35.27455,True
545,3,2019-06-14 19:35:58,1,34.09572708922819,35.277647830914276,True
545,3,2019-06-14 18:35:58,2,34.101921465774524,35.27820740141535,True
545,3,2019-06-14 17:35:58,3,34.104279098255184,35.278201112104604,True
545,3,2019-06-14 16:35:58,4,34.10920004536669,35.27768494396661,True
545,3,2019-06-14 15:35:58,5,34.11555890065058,35.27864685155191,True
545,3,2019-06-14 14:35:58,6,34.119950966865375,35.2792980428987,True
545,3,2019-06-14 13:35:58,7,34.12383917149595,35.282412103253975,True
545,3,2019-06-14 12:35:58,8,34.124059949736115,35.27930544812236,True
545,3,2019-06-14 11:35:58,9,34.1293856680217,35.280439162565486,True
545,3,2019-06-14 10:35:58,10,34.132705637604396,35.27874842407266,True
545,3,2019-06-14 09:35:58,11,34.13781050949124,35.28009839690332,True
545,3,2019-06-14 08:35:58,12,34.141940408815984,35.277686868649084,True
545,3,2019-06-14 07:35:58,13,34.15032295339199,35.274258027655314,True
545,3,2019-06-14 06:35:58,14,34.15519868644283,35.27190466220343,True
545,3,2019-06-14 05:35:58,15,34.15982096599148,35.271644707915414,True
545,3,2019-06-14 04:35:58,16,34.16533426294228,35.26822193734674,True
545,3,2019-06-14 03:35:58,17,34.16960752317943,35.26449693402778,True
545,3,2019-06-14 02:35:58,18,34.17093865931266,35.2643426620874,True
545,3,2019-06-14 01:35:58,19,34.17337504362795,35.261038408384366,True
545,3,2019-06-14 00:35:58,20,34.1740827884051,35.25689995923381,True
545,3,2019-06-13 23:35:58,21,34.17421698705953,35.261455314450316,True
545,3,2019-06-13 22:35:58,22,34.17439112648588,35.26691914739489,True
545,3,2019-06-13 21:35:58,23,34.175631741663,35.27327173429107,True
545,3,2019-06-13 20:35:58,24,34.17876792175713,35.28052774345916,True
545,3,2019-06-13 19:35:58,25,34.18506093508449,35.28639668991276,True
545,3,2019-06-13 18:35:58,26,34.19201048083851,35.29039780511404,True
545,3,2019-06-13 17:35:58,27,34.201707408756455,35.29234758406081,True
545,3,2019-06-13 16:35:58,28,34.21250095548856,35.29376413284453,True
545,3,2019-06-13 15:35:58,29,34.2230698894905,35.28885257912431,True
545,3,2019-06-13 14:35:58,30,34.23374458383107,35.28521069547021,True
545,3,2019-06-13 13:35:58,31,34.24411719250297,35.27558449439591,True
545,3,2019-06-13 12:35:58,32,34.25230724622488,35.266789130437594,True
545,3,2019-06-13 11:35:58,33,34.26070358287679,35.25899630977551,True
545,3,2019-06-13 10:35:58,34,34.26431283713112,35.24693726620392,True
545,3,2019-06-13 09:35:58,35,34.26882334275794,35.237194821563335,True
545,3,2019-06-13 08:35:58,36,34.267906435870735,35.2243519046246,True
545,3,2019-06-13 07:35:58,37,34.27092438403173,35.21583491095903,True
545,3,2019-06-13 06:35:58,38,34.27416772665028,35.21033342900068,True
545,3,2019-06-13 05:35:58,39,34.27545813872966,35.20281614561651,True
545,3,2019-06-13 04:35:58,40,34.27770866014633,35.198436503705366,True
545,3,2019-06-13 03:35:58,41,34.28174973923159,35.19588669400302,True
545,3,2019-06-13 02:35:58,42,34.28374386810328,35.192205615698676,True
545,3,2019-06-13 01:35:58,43,34.28467140738554,35.188385571053914,True
545,3,2019-06-13 00:35:58,44,34.289411730687156,35.185735787994524,True
545,3,2019-06-12 23:35:58,45,34.29471574053538,35.18294100785401,True
545,3,2019-06-12 22:35:58,46,34.300771568801935,35.18130947643717,True
545,3,2019-06-12 21:35:58,47,34.307619251175794,35.17721368703616,True
545,3,2019-06-12 20:35:58,48,34.31290734114634,35.17249741419761,True
545,3,2019-06-12 19:35:58,49,34.320875870159604,35.16626953312635,True
545,3,2019-06-12 18:35:58,50,34.32793721955796,35.15588137056614,True
545,3,2019-06-12 17:35:58,51,34.33501127257731,35.148042214771095,True
545,3,2019-06-12 16:35:58,52,34.3421085314185,35.141545858541534,True
545,3,2019-06-12 15:35:58,53,34.346468397941564,35.13440533298182,True
545,3,2019-06-12 14:35:58,54,34.352406297602926,35.123272813267285,True
545,3,2019-06-12 13:35:58,55,34.35634704481686,35.11473572555401,True
545,3,2019-06-12 12:35:58,56,34.35981776719182,35.105851854711105,True
545,3,2019-06-12 11:35:58,57,34.363264606790125,35.09735935109419,True
545,3,2019-06-12 10:35:58,58,34.36311126940091,35.09048191577418,True
545,3,2019-06-12 09:35:58,59,34.36863310986212,35.08209472724453,True
545,3,2019-06-12 08:35:58,60,34.373936191840514,35.07598039101844,True
545,3,2019-06-12 07:35:58,61,34.37820099230379,35.072995576111694,True
545,3,2019-06-12 06:35:58,62,34.383787084159586,35.06560366062052,True
545,3,2019-06-12 05:35:58,63,34.389998127101975,35.05914165103449,True
545,3,2019-06-12 04:35:58,64,34.393234765640585,35.04906035163358,True
545,3,2019-06-12 03:35:58,65,34.39599117427763,35.04058642667916,True
545,3,2019-06-12 02:35:58,66,34.39788242868091,35.03499300908674,True
545,3,2019-06-12 01:35:58,67,34.40101856551954,35.02635097443406,True
545,3,2019-06-12 00:35:58,68,34.40216114007218,35.01997247267415,True
545,3,2019-06-11 23:35:58,69,34.40106729996495,35.013700230011096,True
545,3,2019-06-11 22:35:58,70,34.401568537204625,35.008742465094734,True
545,3,2019-06-11 21:35:58,71,34.39841579058207,35.006324988789274,True
545,3,2019-06-11 20:35:58,72,34.397241593636664,35.002442397481566,True
545,4,2019-06-14 20:35:58,0,34.089751,35.27455,True
545,4,2019-06-14 19:35:58,1,34.09682531454987,35.27757834098833,True
545,4,2019-06-14 18:35:58,2,34.10008596645222,35.28006469467552,True
545,4,2019-06-14 17:35:58,3,34.107104928398584,35.27856265221751,True
545,4,2019-06-14 16:35:58,4,34.111059963584175,35.28261490774822,True
545,4,2019-06-14 15:35:58,5,34.11633306581119,35.28386108678613,True
545,4,2019-06-14 14:35:58,6,34.11922159882178,35.286317364336526,True
545,4,2019-06-14 13:35:58,7,34.125162402114206,35.28280999282767,True
545,4,2019-06-14 12:35:58,8,34.12842950848931,35.28089939225464,True
545,4,2019-06-14 11:35:58,9,34.13182740553771,35.28263717448408,True
545,4,2019-06-14 10:35:58,10,34.13568900108418,35.28197927304454,True
545,4,2019-06-14 09:35:58,11,34.14083263992107,35.28074739741366,True
545,4,2019-06-14 08:35:58,12,34.14542809821568,35.27972357174399,True
545,4,2019-06-14 07:35:58,13,34.14871400647597,35.27701515519048,True
545,4,2019-06-14 06:35:58,14,34.15265811609005,35.27485689685024,True
545,4,2019-06-14 05:35:58,15,34.15662398773545,35.27290706589618,True
545,4,2019-06-14 04:35:58,16,34.160869699463916,35.2682034739797,True
545,4,2019-06-14 03:35:58,17,34.16206796620041,35.265495385551596,True
545,4,2019-06-14 02:35:58,18,34.16491156252258,35.263316234126194,True
545,4,2019-06-14 01:35:58,19,34.16409624087052,35.26305972418121,True
545,4,2019-06-14 00:35:58,20,34.16294997390308,35.26037844534259,True
545,4,2019-06-13 23:35:58,21,34.16257945609688,35.261756486559975,True
545,4,2019-06-13 22:35:58,22,34.16126904816943,35.26417192396243,True
545,4,2019-06-13 21:35:58,23,34.16152878316869,35.27186392955047,True
545,4,2019-06-13 20:35:58,24,34.16528164107707,35.28029106786854,True
545,4,2019-06-13 19:35:58,25,34.170481797189964,35.28855769965118,True
545,4,2019-06-13 18:35:58,26,34.17492364060654,35.29250500542586,True
545,4,2019-06-13 17:35:58,27,34.1809918183778,35.29585619898149,True
545,4,2019-06-13 16:35:58,28,34.189095783559765,35.29957304703605,True
545,4,2019-06-13 15:35:58,29,34.19729622441672,35.2934868712404,True
545,4,2019-06-13 14:35:58,30,34.20723679150007,35.29046903361319,True
545,4,2019-06-13 13:35:58,31,34.217429128469384,35.28220758322966,True
545,4,2019-06-13 12:35:58,32,34.2271125296992,35.2727017342894,True
545,4,2019-06-13 11:35:58,33,34.23539178112167,35.26247387081608,True
545,4,2019-06-13 10:35:58,34,34.24279465723891,35.25126701828306,True
545,4,2019-06-13 09:35:58,35,34.25053992928321,35.24104805737886,True
545,4,2019-06-13 08:35:58,36,34.25333693454927,35.2316196627419,True
545,4,2019-06-13 07:35:58,37,34.25493531129638,35.224733183319884,True
545,4,2019-06-13 06:35:58,38,34.257234574702906,35.22087034728082,True
545,4,2019-06-13 05:35:58,39,34.258666447605734,35.21348860929758,True
545,4,2019-06-13 04:35:58,40,34.26154784612136,35.206769133780185,True
545,4,2019-06-13 03:35:58,41,34.26283204529267,35.201714392273374,True
545,4,2019-06-13 02:35:58,42,34.26405001405124,35.19631115421235,True
545,4,2019-06-13 01:35:58,43,34.26584695821794,35.19366480253957,True
545,4,2019-06-13 00:35:58,44,34.270118865986305,35.191854139295906,True
545,4,2019-06-12 23:35:58,45,34.275765765383575,35.187768520307415,True
545,4,2019-06-12 22:35:58,46,34.28108181097463,35.18508387257536,True
545,4,2019-06-12 21:35:58,47,34.28992277207414,35.18098230029914,True
545,4,2019-06-12 20:35:58,48,34.29576400598321,35.17570677027708,True
545,4,2019-06-12 19:35:58,49,34.30300572176077,35.171615137366736,True
545,4,2019-06-12 18:35:58,50,34.30766629058697,35.16479816267505,True
545,4,2019-06-12 17:35:58,51,34.31536080541718,35.15876917763121,True
545,4,2019-06-12 16:35:58,52,34.32055400605194,35.15140118864314,True
545,4,2019-06-12 15:35:58,53,34.324660600399106,35.143884576943925,True
545,4,2019-06-12 14:35:58,54,34.33178303470901,35.13312969491772,True
545,4,2019-06-12 13:35:58,55,34.33508922881299,35.12142355465135,True
545,4,2019-06-12 12:35:58,56,34.340818166131555,35.11060162075369,True
545,4,2019-06-12 11:35:58,57,34.34362583997685,35.100171865212175,True
545,4,2019-06-12 10:35:58,58,34.348521789113526,35.089915852988085,True
545,4,2019-06-12 09:35:58,59,34.35217935497679,35.082284998326884,True
545,4,2019-06-12 08:35:58,60,34.3585542867689,35.07534214561875,True
545,4,2019-06-12 07:35:58,61,34.36325221542924,35.06629434518029,True
545,4,2019-06-12 06:35:58,62,34.36766446505832,35.05880866398145,True
545,4,2019-06-12 05:35:58,63,34.3727658289588,35.0535104945581,True
545,4,2019-06-12 04:35:58,64,34.376382510716034,35.044522959409946,True
545,4,2019-06-12 03:35:58,65,34.37952127514641,35.03700242191632,True
545,4,2019-06-12 02:35:58,66,34.382512493805365,35.02735809013987,True
545,4,2019-06-12 01:35:58,67,34.38600501821873,35.018836700468135,True
545,4,2019-06-12 00:35:58,68,34.38807371328975,35.01045069122558,True
545,4,2019-06-11 23:35:58,69,34.385258850922284,35.00178282206367,True
545,4,2019-06-11 22:35:58,70,34.384423194528964,34.999255023179785,True
545,4,2019-06-11 21:35:58,71,34.3853221679648,34.9956707584901,True
545,4,2019-06-11 20:35:58,72,34.38527215794596,34.99466156896326,True
545,5,2019-06-14 20:35:58,0,34.089751,35.27455,True
545,5,2019-06-14 19:35:58,1,34.09458932650063,35.275786440997784,True
545,5,2019-06-14 18:35:58,2,34.09975190643733,35.27926964797048,True
545,5,2019-06-14 17:35:58,3,34.1025767736899,35.280067967436445,True
545,5,2019-06-14 16:35:58,4,34.10877273643929,35.27898526987652,True
545,5,2019-06-14 15:35:58,5,34.112240056384174,35.27778552506816,True
545,5,2019-06-14 14:35:58,6,34.11749180927559,35.27651732849738,True
545,5,2019-06-14 13:35:58,7,34.1235370704144,35.276980784835665,True
545,5,2019-06-14 12:35:58,8,34.127253370533914,35.27634372797383,True
545,5,2019-06-14 11:35:58,9,34.131929858839214,35.27249903475542,True
545,5,2019-06-14 10:35:58,10,34.137744744849364,35.27029446685784,True
545,5,2019-06-14 09:35:58,11,34.143128445858736,35.26935437022618,True
545,5,2019-06-14 08:35:58,12,34.14817531427825,35.268354411841194,True
545,5,2019-06-14 07:35:58,13,34.153218097945775,35.265089642399516,True
545,5,2019-06-14 06:35:58,14,34.15606242725628,35.26307400803702,True
545,5,2019-06-14 05:35:58,15,34.16150291939325,35.25964697706362,True
545,5,2019-06-14 04:35:58,16,34.163767192599025,35.25604676546638,True
545,5,2019-06-14 03:35:58,17,34.1648203544195,35.254876443465854,True
545,5,2019-06-14 02:35:58,18,34.165652266426896,35.250334022482896,True
545,5,2019-06-14 01:35:58,19,34.166730924628055,35.245718289806966,True
545,5,2019-06-14 00:35:58,20,34.16743344661092,35.24467097371513,True
545,5,2019-06-13 23:35:58,21,34.16710266003283,35.24609592422653,True
545,5,2019-06-13 22:35:58,22,34.16855859336682,35.2483841122402,True
545,5,2019-06-13 21:35:58,23,34.169823630298616,35.253162581718826,True
545,5,2019-06-13 20:35:58,24,34.172609895042534,35.260057030215926,True
545,5,2019-06-13 19:35:58,25,34.17670398081011,35.26421502533703,True
545,5,2019-06-13 18:35:58,26,34.183939790925166,35.26981554880282,True
545,5,2019-06-13 17:35:58,27,34.1905967563528,35.27094248568747,True
545,5,2019-06-13 16:35:58,28,34.19965826278531,35.27089382711713,True
545,5,2019-06-13 15:35:58,29,34.20947692112685,35.26858444622355,True
545,5,2019-06-13 14:35:58,30,34.21981853225454,35.260801219352295,True
545,5,2019-06-13 13:35:58,31,34.229207951954756,35.2528108346255,True
545,5,2019-06-13 12:35:58,32,34.23593293952247,35.24314451428812,True
545,5,2019-06-13 11:35:58,33,34.24411416170947,35.233808395718654,True
545,5,2019-06-13 10:35:58,34,34.25281747972801,35.224569361397535,True
545,5,2019-06-13 09:35:58,35,34.25812201438268,35.21350881831007,True
545,5,2019-06-13 08:35:58,36,34.26269260129419,35.204899204058215,True
545,5,2019-06-13 07:35:58,37,34.26711863935086,35.19446692016496,True
545,5,2019-06-13 06:35:58,38,34.26980881931774,35.18893158245128,True
545,5,2019-06-13 05:35:58,39,34.2737118452238,35.18280802475926,True
545,5,2019-06-13 04:35:58,40,34.27751987632732,35.17479538945798,True
545,5,2019-06-13 03:35:58,41,34.27808175777778,35.17300020998603,True
545,5,2019-06-13 02:35:58,42,34.279676276245546,35.170126587945795,True
545,5,2019-06-13 01:35:58,43,34.28345107360892,35.163581795975695,True
545,5,2019-06-13 00:35:58,44,34.28695774001965,35.15891389993919,True
545,5,2019-06-12 23:35:58,45,34.29383590060267,35.15136946018723,True
545,5,2019-06-12 22:35:58,46,34.30169769635343,35.145858505549704,True
545,5,2019-06-12 21:35:58,47,34.30592194153968,35.141088646561855,True
545,5,2019-06-12 20:35:58,48,34.311499557153354,35.13812771915764,True
545,5,2019-06-12 19:35:58,49,34.317138421962376,35.128831417208055,True
545,5,2019-06-12 18:35:58,50,34.32426052566746,35.121151362795025,True
545,5,2019-06-12 17:35:58,51,34.32908497162855,35.11215295992274,True
545,5,2019-06-12 16:35:58,52,34.334388601012776,35.10394109744647,True
545,5,2019-06-12 15:35:58,53,34.339373102036426,35.09675805227176,True
545,5,2019-06-12 14:35:58,54,34.34263119472254,35.0897407211525,True
545,5,2019-06-12 13:35:58,55,34.34613014129083,35.08040793414439,True
545,5,2019-06-12 12:35:58,56,34.34868727038327,35.07179527922342,True
545,5,2019-06-12 11:35:58,57,34.35460157880857,35.0628610080209,True
545,5,2019-06-12 10:35:58,58,34.357639461757586,35.05481153946727,True
545,5,2019-06-12 09:35:58,59,34.360550371400905,35.04737014479784,True
545,5,2019-06-12 08:35:58,60,34.36375503161241,35.040030816421165,True
545,5,2019-06-12 07:35:58,61,34.36785662093728,35.03100660990199,True
545,5,2019-06-12 06:35:58,62,34.37454168478148,35.02567030117078,True
545,5,2019-06-12 05:35:58,63,34.37858815005009,35.01852018332616,True
545,5,2019-06-12 04:35:58,64,34.38210344438797,35.009017678132786,True
545,5,2019-06-12 03:35:58,65,34.382638612291856,34.9963108606207,True
545,5,2019-06-12 02:35:58,66,34.38344267645411,34.98752050837922,True
545,5,2019-06-12 01:35:58,67,34.385224908242044,34.98235298594403,True
545,5,2019-06-12 00:35:58,68,34.38747875230423,34.975194295375,True
545,5,2019-06-11 23:35:58,69,34.38924228588415,34.96993672757526,True
545,5,2019-06-11 22:35:58,70,34.38768272322865,34.964617165197076,True
545,5,2019-06-11 21:35:58,71,34.38348995280886,34.96486387308826,True
545,5,2019-06-11 20:35:58,72,34.38306529694316,34.962160888173635,True
