backtrack_hours,candidate_timestamp,candidate_id,latitude,longitude,support_score,normalized_support,source_score,ais_evidence,ais_available,cluster_id,cluster_uncertainty_radius_km,cluster_temporal_uncertainty_hours,cluster_candidate_stability_percent,rank_at_timestamp
1,2019-04-28T14:38:41.000000000,2019-04-28T14:38:41_cand000,34.62495535265441,34.888722998774,2438.0584890320088,1.2569688845374163,1.6674097753095967,,False,cluster0000,26.059916548347463,16.620575539975885,100.0,1
1,2019-04-28T14:38:41.000000000,2019-04-28T14:38:41_cand001,34.59495535265441,34.900722998774,1609.4713325680927,0.8297813176730988,1.2087121312434652,,False,cluster0000,26.059916548347463,16.620575539975885,100.0,2
1,2019-04-28T14:38:41.000000000,2019-04-28T14:38:41_cand002,34.55295535265441,34.825722998774,313.14606995757686,0.16144603093920418,0.4882640441092537,,False,cluster0000,26.059916548347463,16.620575539975885,100.0,3
2,2019-04-28T13:38:41.000000000,2019-04-28T13:38:41_cand000,34.62195535265441,34.891722998774,2389.5862734699476,1.3330677528858168,1.70983240372037,,False,cluster0000,26.059916548347463,16.620575539975885,100.0,1
2,2019-04-28T13:38:41.000000000,2019-04-28T13:38:41_cand001,34.59495535265441,34.906722998774,1576.0794306992489,0.8792403473262704,1.2375271326371402,,False,cluster0000,26.059916548347463,16.620575539975885,100.0,2
2,2019-04-28T13:38:41.000000000,2019-04-28T13:38:41_cand002,34.54695535265441,34.828722998774,314.37384642931335,0.17537832455701294,0.4969146434988545,,False,cluster0000,26.059916548347463,16.620575539975885,100.0,3
3,2019-04-28T12:38:41.000000000,2019-04-28T12:38:41_cand000,34.62195535265441,34.900722998774,2361.7388289090577,1.3795149515571126,1.7508315594767339,,False,cluster0000,26.059916548347463,16.620575539975885,100.0,1
3,2019-04-28T12:38:41.000000000,2019-04-28T12:38:41_cand001,34.59495535265441,34.912722998774,1556.343208409212,0.9090754233594169,1.2635277621266519,,False,cluster0000,26.059916548347463,16.620575539975885,100.0,2
3,2019-04-28T12:38:41.000000000,2019-04-28T12:38:41_cand002,34.54395535265441,34.837722998774,311.4935804773988,0.18194647364167843,0.5041314866608596,,False,cluster0000,26.059916548347463,16.620575539975885,100.0,3
4,2019-04-28T11:38:41.000000000,2019-04-28T11:38:41_cand000,34.62195535265441,34.906722998774,2320.7563340220386,1.4493212097611892,1.8023754737265947,,False,cluster0000,26.059916548347463,16.620575539975885,100.0,1
4,2019-04-28T11:38:41.000000000,2019-04-28T11:38:41_cand001,34.59495535265441,34.918722998774,1496.5484209801677,0.934600214664577,1.277231028535716,,False,cluster0000,26.059916548347463,16.620575539975885,100.0,2
4,2019-04-28T11:38:41.000000000,2019-04-28T11:38:41_cand002,34.53795535265441,34.843722998774,312.56678893921855,0.19519915556643552,0.5128769512847084,,False,cluster0000,26.059916548347463,16.620575539975885,100.0,3
5,2019-04-28T10:38:41.000000000,2019-04-28T10:38:41_cand000,34.62195535265441,34.915722998774,2257.9361877043166,1.4489600126469206,1.819349768673383,,False,cluster0000,26.059916548347463,16.620575539975885,100.0,1
5,2019-04-28T10:38:41.000000000,2019-04-28T10:38:41_cand001,34.59795535265441,34.924722998774,1442.2740401864464,0.9255343099990849,1.2756425391485617,,False,cluster0000,26.059916548347463,16.620575539975885,100.0,2
5,2019-04-28T10:38:41.000000000,2019-04-28T10:38:41_cand002,34.53195535265441,34.852722998774,309.4124681083558,0.19855578565274665,0.5172490579203781,,False,cluster0000,26.059916548347463,16.620575539975885,100.0,3
6,2019-04-28T09:38:41.000000000,2019-04-28T09:38:41_cand000,34.62195535265441,34.921722998774,2201.699275317738,1.5565279876120504,1.8847339565174328,,False,cluster0000,26.059916548347463,16.620575539975885,100.0,1
6,2019-04-28T09:38:41.000000000,2019-04-28T09:38:41_cand001,34.59795535265441,34.933722998774,1391.7533523322677,0.9839232219602017,1.313872612159237,,False,cluster0000,26.059916548347463,16.620575539975885,100.0,2
6,2019-04-28T09:38:41.000000000,2019-04-28T09:38:41_cand002,34.53195535265441,34.858722998774,305.99968323292114,0.2163315746578183,0.5296622567774127,,False,cluster0000,26.059916548347463,16.620575539975885,100.0,3
7,2019-04-28T08:38:41.000000000,2019-04-28T08:38:41_cand000,34.62495535265441,34.927722998774,2134.6913740022237,1.6047910015859133,1.9288824430901232,,False,cluster0000,26.059916548347463,16.620575539975885,100.0,1
7,2019-04-28T08:38:41.000000000,2019-04-28T08:38:41_cand001,34.60095535265441,34.939722998774,1331.096523607603,1.0006747342229843,1.3263387387942223,,False,cluster0000,26.059916548347463,16.620575539975885,100.0,2
7,2019-04-28T08:38:41.000000000,2019-04-28T08:38:41_cand002,34.52895535265441,34.867722998774,298.3121684247744,0.22426130979960604,0.5363766593302594,,False,cluster0000,26.059916548347463,16.620575539975885,100.0,3
8,2019-04-28T07:38:41.000000000,2019-04-28T07:38:41_cand000,34.62795535265441,34.936722998774,2061.6927695967483,1.6097710956961533,1.9480846863548045,,False,cluster0000,26.059916548347463,16.620575539975885,100.0,1
8,2019-04-28T07:38:41.000000000,2019-04-28T07:38:41_cand001,34.60395535265441,34.945722998774,1277.4539184776274,0.9974368753552416,1.3310414353819928,,False,cluster0000,26.059916548347463,16.620575539975885,100.0,2
8,2019-04-28T07:38:41.000000000,2019-04-28T07:38:41_cand002,34.52895535265441,34.873722998774,282.33593968067004,0.22044809084869194,0.5339131077144493,,False,cluster0000,26.059916548347463,16.620575539975885,100.0,3
9,2019-04-28T06:38:41.000000000,2019-04-28T06:38:41_cand000,34.63095535265441,34.942722998774,1937.9113877208285,1.5797152484135881,1.9237865193158432,,False,cluster0000,26.059916548347463,16.620575539975885,100.0,1
9,2019-04-28T06:38:41.000000000,2019-04-28T06:38:41_cand001,34.60995535265441,34.951722998774,1223.416693228522,0.9972850243322059,1.3304250082834208,,False,cluster0000,26.059916548347463,16.620575539975885,100.0,2
9,2019-04-28T06:38:41.000000000,2019-04-28T06:38:41_cand002,34.52595535265441,34.882722998774,262.1072253415264,0.21366032689366368,0.5270939144569988,,False,cluster0000,26.059916548347463,16.620575539975885,100.0,3
10,2019-04-28T05:38:41.000000000,2019-04-28T05:38:41_cand000,34.63395535265441,34.948722998774,1867.5640983868338,1.653008477075026,1.9693309581501697,,False,cluster0000,26.059916548347463,16.620575539975885,100.0,1
10,2019-04-28T05:38:41.000000000,2019-04-28T05:38:41_cand001,34.61295535265441,34.957722998774,1147.1424363714418,1.0153526582420516,1.3329068316811579,,False,cluster0000,26.059916548347463,16.620575539975885,100.0,2
10,2019-04-28T05:38:41.000000000,2019-04-28T05:38:41_cand002,34.52595535265441,34.885722998774,239.68486592658672,0.2121486033841997,0.5217408475380424,,False,cluster0000,26.059916548347463,16.620575539975885,100.0,3
10,2019-04-28T05:38:41.000000000,2019-04-28T05:38:41_cand003,34.57995535265441,34.939722998774,2.938808016516145,0.0026011822394708542,0.2911203263883301,,False,cluster0000,26.059916548347463,16.620575539975885,100.0,4
11,2019-04-28T04:38:41.000000000,2019-04-28T04:38:41_cand000,34.63695535265441,34.954722998774,1754.3878977393135,1.6340638132203682,1.946937527582413,,False,cluster0000,26.059916548347463,16.620575539975885,100.0,1
11,2019-04-28T04:38:41.000000000,2019-04-28T04:38:41_cand001,34.61895535265441,34.963722998774,1077.0136610963857,1.0031470532881528,1.3159086742963924,,False,cluster0000,26.059916548347463,16.620575539975885,100.0,2
11,2019-04-28T04:38:41.000000000,2019-04-28T04:38:41_cand002,34.52295535265441,34.888722998774,216.98650379336397,0.20210455980848663,0.5118204365312493,,False,cluster0000,26.059916548347463,16.620575539975885,100.0,3
12,2019-04-28T03:38:41.000000000,2019-04-28T03:38:41_cand000,34.64295535265441,34.960722998774,1667.723020162,1.5664031722744893,1.9171317200881584,,False,cluster0000,26.059916548347463,16.620575539975885,100.0,1
12,2019-04-28T03:38:41.000000000,2019-04-28T03:38:41_cand001,34.52295535265441,34.894722998774,195.78616221711877,0.1838914867017619,0.4981231962714784,,False,cluster0000,26.059916548347463,16.620575539975885,100.0,2
13,2019-04-28T02:38:41.000000000,2019-04-28T02:38:41_cand000,34.64595535265441,34.963722998774,1563.354682355433,1.5253712328668392,1.8894001270324228,,False,cluster0000,26.059916548347463,16.620575539975885,100.0,1
13,2019-04-28T02:38:41.000000000,2019-04-28T02:38:41_cand001,34.52295535265441,34.897722998774,188.79452367932842,0.1842075496965003,0.501057107799809,,False,cluster0000,26.059916548347463,16.620575539975885,100.0,2
13,2019-04-28T02:38:41.000000000,2019-04-28T02:38:41_cand002,34.58895535265441,34.951722998774,2.953602161871415,0.002881841095882336,0.2910469844184908,,False,cluster0000,26.059916548347463,16.620575539975885,100.0,3
14,2019-04-28T01:38:41.000000000,2019-04-28T01:38:41_cand000,34.64895535265441,34.966722998774,1498.5687633938733,1.4878567835620866,1.8785769280925084,,False,cluster0000,26.059916548347463,16.620575539975885,100.0,1
14,2019-04-28T01:38:41.000000000,2019-04-28T01:38:41_cand001,34.51995535265441,34.900722998774,188.07566763549323,0.18673127636845618,0.5076470141000891,,False,cluster0000,26.059916548347463,16.620575539975885,100.0,2
14,2019-04-28T01:38:41.000000000,2019-04-28T01:38:41_cand002,34.59195535265441,34.945722998774,2.9589544449243,0.002937803423288549,0.29150027058347755,,False,cluster0000,26.059916548347463,16.620575539975885,100.0,3
15,2019-04-28T00:38:41.000000000,2019-04-28T00:38:41_cand000,34.65195535265441,34.972722998774,1398.8301781986854,1.4803748562727548,1.8527863992613653,,False,cluster0000,26.059916548347463,16.620575539975885,100.0,1
15,2019-04-28T00:38:41.000000000,2019-04-28T00:38:41_cand001,34.52295535265441,34.903722998774,173.01790554142912,0.18310396861635775,0.5030471629399124,,False,cluster0000,26.059916548347463,16.620575539975885,100.0,2
16,2019-04-27T23:38:41.000000000,2019-04-27T23:38:41_cand000,34.65495535265441,34.975722998774,1326.930401217473,1.406576639552036,1.8182003555372002,,False,cluster0000,26.059916548347463,16.620575539975885,100.0,1
16,2019-04-27T23:38:41.000000000,2019-04-27T23:38:41_cand001,34.51995535265441,34.903722998774,160.61362428910985,0.1702541231337903,0.49412824116893866,,False,cluster0000,26.059916548347463,16.620575539975885,100.0,2
16,2019-04-27T23:38:41.000000000,2019-04-27T23:38:41_cand002,34.63995535265441,34.918722998774,2.955591332127809,0.0031329945564734386,0.2914254207861485,,False,cluster0000,26.059916548347463,16.620575539975885,100.0,3
17,2019-04-27T22:38:41.000000000,2019-04-27T22:38:41_cand000,34.65495535265441,34.978722998774,1260.4712893594096,1.4060157464302119,1.8039124330833012,,False,cluster0000,26.059916548347463,16.620575539975885,100.0,1
17,2019-04-27T22:38:41.000000000,2019-04-27T22:38:41_cand001,34.516955352654406,34.906722998774,139.45034228137519,0.15555243403627358,0.47776477028566783,,False,cluster0000,26.059916548347463,16.620575539975885,100.0,2
17,2019-04-27T22:38:41.000000000,2019-04-27T22:38:41_cand002,34.63695535265441,34.921722998774,2.9516599528835856,0.003292483063196871,0.2919201982700888,,False,cluster0000,26.059916548347463,16.620575539975885,100.0,3
18,2019-04-27T21:38:41.000000000,2019-04-27T21:38:41_cand000,34.65495535265441,34.984722998774004,1242.1091721572163,1.4056005179666498,1.8181688502868532,,False,cluster0000,26.059916548347463,16.620575539975885,100.0,1
18,2019-04-27T21:38:41.000000000,2019-04-27T21:38:41_cand001,34.513955352654406,34.906722998774,134.5484429508446,0.15225824375393623,0.47630708705489727,,False,cluster0000,26.059916548347463,16.620575539975885,100.0,2
18,2019-04-27T21:38:41.000000000,2019-04-27T21:38:41_cand002,34.63695535265441,34.921722998774,2.946124655905842,0.0033339052920313065,0.2932862897461123,,False,cluster0000,26.059916548347463,16.620575539975885,100.0,3
19,2019-04-27T20:38:41.000000000,2019-04-27T20:38:41_cand000,34.65495535265441,34.987722998774004,1247.520657560933,1.4516533746535147,1.8775146538071896,,False,cluster0000,26.059916548347463,16.620575539975885,100.0,1
19,2019-04-27T20:38:41.000000000,2019-04-27T20:38:41_cand001,34.513955352654406,34.906722998774,129.87763990165243,0.15112961305497177,0.47434600102582175,,False,cluster0000,26.059916548347463,16.620575539975885,100.0,2
19,2019-04-27T20:38:41.000000000,2019-04-27T20:38:41_cand002,34.63395535265441,34.924722998774,2.940371531895421,0.003421506674972739,0.2926670193488123,,False,cluster0000,26.059916548347463,16.620575539975885,100.0,3
19,2019-04-27T20:38:41.000000000,2019-04-27T20:38:41_cand003,34.60695535265441,34.933722998774,2.9298056961724614,0.003409211943827159,0.2650825741627859,,False,cluster0000,26.059916548347463,16.620575539975885,100.0,4
20,2019-04-27T19:38:41.000000000,2019-04-27T19:38:41_cand000,34.65195535265441,34.996722998774004,1198.2654539917103,1.4529628830975685,1.8512298542662848,,False,cluster0000,26.059916548347463,16.620575539975885,100.0,1
20,2019-04-27T19:38:41.000000000,2019-04-27T19:38:41_cand001,34.507955352654406,34.909722998774,125.44963171424999,0.15211459027869614,0.47453081782030504,,False,cluster0000,26.059916548347463,16.620575539975885,100.0,2
20,2019-04-27T19:38:41.000000000,2019-04-27T19:38:41_cand003,34.68495535265441,34.993722998774004,2.9233466455656445,0.0035447188736729193,0.2921967850933712,,False,cluster0001,0.9606976495602964,0.0,0.0,3
20,2019-04-27T19:38:41.000000000,2019-04-27T19:38:41_cand002,34.63395535265441,34.924722998774,2.9352355955488467,0.003559134880566093,0.29211563919935923,,False,cluster0000,26.059916548347463,16.620575539975885,100.0,4
20,2019-04-27T19:38:41.000000000,2019-04-27T19:38:41_cand004,34.60695535265441,34.933722998774,2.91617548354368,0.0035360234446159574,0.26455229826652493,,False,cluster0000,26.059916548347463,16.620575539975885,100.0,5
21,2019-04-27T18:38:41.000000000,2019-04-27T18:38:41_cand000,34.65195535265441,35.002722998774004,1187.2843275966593,1.4540076427040736,1.8877648116785088,,False,cluster0000,26.059916548347463,16.620575539975885,100.0,1
21,2019-04-27T18:38:41.000000000,2019-04-27T18:38:41_cand001,34.51995535265441,34.915722998774,115.4613028976153,0.14139967398502956,0.4555690464248175,,False,cluster0000,26.059916548347463,16.620575539975885,100.0,2
21,2019-04-27T18:38:41.000000000,2019-04-27T18:38:41_cand003,34.63395535265441,34.927722998774,2.9307778799776267,0.003589176861435985,0.2920260597580924,,False,cluster0000,26.059916548347463,16.620575539975885,100.0,3
21,2019-04-27T18:38:41.000000000,2019-04-27T18:38:41_cand002,34.60395535265441,34.945722998774,5.788605015691448,0.007089014600611983,0.2737503511705229,,False,cluster0000,26.059916548347463,16.620575539975885,100.0,4
22,2019-04-27T17:38:41.000000000,2019-04-27T17:38:41_cand000,34.65195535265441,35.008722998774005,1173.7979150641129,1.490679753798825,1.9353885902750705,,False,cluster0000,26.059916548347463,16.620575539975885,100.0,1
22,2019-04-27T17:38:41.000000000,2019-04-27T17:38:41_cand001,34.510955352654406,34.918722998774,112.2588598084215,0.14256458233001235,0.45623152363097597,,False,cluster0000,26.059916548347463,16.620575539975885,100.0,2
22,2019-04-27T17:38:41.000000000,2019-04-27T17:38:41_cand002,34.489955352654405,34.903722998774,87.7807264687325,0.11147826217900972,0.4228798412611275,,False,cluster0000,26.059916548347463,16.620575539975885,100.0,3
23,2019-04-27T16:38:41.000000000,2019-04-27T16:38:41_cand000,34.65195535265441,35.020722998774005,1176.0694282769402,1.5677360691641475,2.008311226556275,,False,cluster0000,26.059916548347463,16.620575539975885,100.0,1
23,2019-04-27T16:38:41.000000000,2019-04-27T16:38:41_cand001,34.64295535265441,34.987722998774004,761.0675397865584,1.014526017347034,1.3845579064222187,,False,cluster0000,26.059916548347463,16.620575539975885,100.0,2
23,2019-04-27T16:38:41.000000000,2019-04-27T16:38:41_cand002,34.507955352654406,34.918722998774,109.92149288873189,0.1465286700212189,0.46426727863459044,,False,cluster0000,26.059916548347463,16.620575539975885,100.0,3
23,2019-04-27T16:38:41.000000000,2019-04-27T16:38:41_cand003,34.483955352654405,34.906722998774,83.09251178331886,0.11076482788181165,0.4210528777169138,,False,cluster0000,26.059916548347463,16.620575539975885,100.0,4
23,2019-04-27T16:38:41.000000000,2019-04-27T16:38:41_cand004,34.459955352654404,34.882722998774,3.066455724388372,0.0040876780979349474,0.2926260937582932,,False,cluster0002,1.904149444539341,0.706861791052504,0.0,5
23,2019-04-27T16:38:41.000000000,2019-04-27T16:38:41_cand005,34.507955352654406,34.954722998774,3.030699242594424,0.0040400136277370345,0.27285661762992663,,False,cluster0000,26.059916548347463,16.620575539975885,100.0,6
23,2019-04-27T16:38:41.000000000,2019-04-27T16:38:41_cand006,34.60395535265441,34.945722998774,2.8823715468821973,0.003842288329354987,0.26631729024221135,,False,cluster0000,26.059916548347463,16.620575539975885,100.0,7
24,2019-04-27T15:38:41.000000000,2019-04-27T15:38:41_cand000,34.64895535265441,35.029722998774005,1195.5449392013165,1.6362073786450324,2.0978469128433885,,False,cluster0000,26.059916548347463,16.620575539975885,100.0,1
24,2019-04-27T15:38:41.000000000,2019-04-27T15:38:41_cand001,34.64295535265441,34.993722998774004,718.833091791694,0.9837856949062281,1.3702815852101695,,False,cluster0000,26.059916548347463,16.620575539975885,100.0,2
24,2019-04-27T15:38:41.000000000,2019-04-27T15:38:41_cand002,34.507955352654406,34.927722998774,103.8920566451821,0.14218532828972175,0.4543179570400102,,False,cluster0000,26.059916548347463,16.620575539975885,100.0,3
24,2019-04-27T15:38:41.000000000,2019-04-27T15:38:41_cand003,34.480955352654405,34.912722998774,79.30630037918338,0.10853757947413198,0.41904225179157406,,False,cluster0000,26.059916548347463,16.620575539975885,100.0,4
24,2019-04-27T15:38:41.000000000,2019-04-27T15:38:41_cand005,34.453955352654404,34.888722998774,3.0730228994382855,0.004205699491451235,0.29308971336680684,,False,cluster0002,1.904149444539341,0.706861791052504,0.0,5
24,2019-04-27T15:38:41.000000000,2019-04-27T15:38:41_cand004,34.450955352654404,34.915722998774,3.0932674443321133,0.004233405914393998,0.2930128445398611,,False,cluster0002,1.904149444539341,0.706861791052504,0.0,6
24,2019-04-27T15:38:41.000000000,2019-04-27T15:38:41_cand006,34.504955352654406,34.957722998774,3.0317618318905324,0.004149230126763441,0.2742373359748683,,False,cluster0000,26.059916548347463,16.620575539975885,100.0,7
24,2019-04-27T15:38:41.000000000,2019-04-27T15:38:41_cand007,34.59795535265441,34.957722998774,2.8802552521437645,0.003941880176488431,0.2651979211440425,,False,cluster0000,26.059916548347463,16.620575539975885,100.0,8
25,2019-04-27T14:38:41.000000000,2019-04-27T14:38:41_cand000,34.64895535265441,35.038722998774006,1161.1583356322635,1.647685617674334,2.1312780861035048,,False,cluster0000,26.059916548347463,16.620575539975885,100.0,1
25,2019-04-27T14:38:41.000000000,2019-04-27T14:38:41_cand001,34.63995535265441,35.002722998774004,704.0451953157226,0.9990413080768834,1.3839044648489265,,False,cluster0000,26.059916548347463,16.620575539975885,100.0,2
25,2019-04-27T14:38:41.000000000,2019-04-27T14:38:41_cand002,34.504955352654406,34.936722998774,105.07274764632379,0.14909840440675384,0.46128381799526835,,False,cluster0000,26.059916548347463,16.620575539975885,100.0,3
25,2019-04-27T14:38:41.000000000,2019-04-27T14:38:41_cand003,34.471955352654405,34.915722998774,72.26350779990663,0.10254203826540988,0.4040814943712702,,False,cluster0000,26.059916548347463,16.620575539975885,100.0,4
25,2019-04-27T14:38:41.000000000,2019-04-27T14:38:41_cand004,34.444955352654404,34.900722998774,3.0777472803032286,0.00436732853132439,0.29266490570137393,,False,cluster0002,1.904149444539341,0.706861791052504,0.0,5
25,2019-04-27T14:38:41.000000000,2019-04-27T14:38:41_cand005,34.504955352654406,34.966722998774,3.0324320813851138,0.004303026188372364,0.27486944694741017,,False,cluster0000,26.059916548347463,16.620575539975885,100.0,6
25,2019-04-27T14:38:41.000000000,2019-04-27T14:38:41_cand006,34.60395535265441,34.960722998774,2.8827889860348117,0.004090682386130523,0.2659924553426733,,False,cluster0000,26.059916548347463,16.620575539975885,100.0,7
26,2019-04-27T13:38:41.000000000,2019-04-27T13:38:41_cand000,34.64895535265441,35.053722998774006,1119.3618060622925,1.6712065785095236,2.149067012537905,,False,cluster0000,26.059916548347463,16.620575539975885,100.0,1
26,2019-04-27T13:38:41.000000000,2019-04-27T13:38:41_cand001,34.63995535265441,35.014722998774005,674.6845452055228,1.0073036655883794,1.3898488472093873,,False,cluster0000,26.059916548347463,16.620575539975885,100.0,2
26,2019-04-27T13:38:41.000000000,2019-04-27T13:38:41_cand002,34.507955352654406,34.942722998774,93.72090784983783,0.1399252653559072,0.45307108755093334,,False,cluster0000,26.059916548347463,16.620575539975885,100.0,3
26,2019-04-27T13:38:41.000000000,2019-04-27T13:38:41_cand003,34.495955352654406,34.933722998774,87.22292693069059,0.13022378331471643,0.4514739298162701,,False,cluster0000,26.059916548347463,16.620575539975885,100.0,4
26,2019-04-27T13:38:41.000000000,2019-04-27T13:38:41_cand004,34.471955352654405,34.924722998774,73.40597203609443,0.10959507703783505,0.414982090711217,,False,cluster0000,26.059916548347463,16.620575539975885,100.0,5
26,2019-04-27T13:38:41.000000000,2019-04-27T13:38:41_cand005,34.501955352654406,34.975722998774,3.0340792739189295,0.004529878735214355,0.2732799329540726,,False,cluster0000,26.059916548347463,16.620575539975885,100.0,6
26,2019-04-27T13:38:41.000000000,2019-04-27T13:38:41_cand006,34.60095535265441,34.969722998774,2.8913291764596956,0.004316752915962067,0.26577284445647564,,False,cluster0000,26.059916548347463,16.620575539975885,100.0,7
27,2019-04-27T12:38:41.000000000,2019-04-27T12:38:41_cand000,34.64895535265441,35.06872299877401,1114.5534337254649,1.6814933552656197,2.2008840623271886,,False,cluster0000,26.059916548347463,16.620575539975885,100.0,1
27,2019-04-27T12:38:41.000000000,2019-04-27T12:38:41_cand001,34.63995535265441,35.023722998774005,656.2744988553103,0.9901016637370986,1.3959862853688128,,False,cluster0000,26.059916548347463,16.620575539975885,100.0,2
27,2019-04-27T12:38:41.000000000,2019-04-27T12:38:41_cand002,34.504955352654406,34.954722998774,91.67687464106601,0.1383101526368297,0.45489314130535535,,False,cluster0000,26.059916548347463,16.620575539975885,100.0,3
27,2019-04-27T12:38:41.000000000,2019-04-27T12:38:41_cand003,34.492955352654405,34.939722998774,85.1096152684989,0.12840232528362133,0.453118652598015,,False,cluster0000,26.059916548347463,16.620575539975885,100.0,4
27,2019-04-27T12:38:41.000000000,2019-04-27T12:38:41_cand004,34.468955352654405,34.930722998774,71.35946246793824,0.10765788193221826,0.41779147316228005,,False,cluster0000,26.059916548347463,16.620575539975885,100.0,5
27,2019-04-27T12:38:41.000000000,2019-04-27T12:38:41_cand005,34.504955352654406,34.984722998774004,3.03543682142349,0.004579472541295331,0.27382873453156864,,False,cluster0000,26.059916548347463,16.620575539975885,100.0,6
27,2019-04-27T12:38:41.000000000,2019-04-27T12:38:41_cand006,34.60395535265441,34.978722998774,2.9041243435216875,0.004381365342148043,0.26748247646094125,,False,cluster0000,26.059916548347463,16.620575539975885,100.0,7
28,2019-04-27T11:38:41.000000000,2019-04-27T11:38:41_cand000,34.64895535265441,35.08072299877401,1100.9031899582628,1.7367510107955098,2.2733649630105712,,False,cluster0000,26.059916548347463,16.620575539975885,100.0,1
28,2019-04-27T11:38:41.000000000,2019-04-27T11:38:41_cand001,34.63995535265441,35.032722998774005,638.2833929793718,1.0069362483843272,1.41410255156183,,False,cluster0000,26.059916548347463,16.620575539975885,100.0,2
28,2019-04-27T11:38:41.000000000,2019-04-27T11:38:41_cand002,34.504955352654406,34.963722998774,88.62330002365844,0.1398093922336239,0.4581327291745006,,False,cluster0000,26.059916548347463,16.620575539975885,100.0,3
28,2019-04-27T11:38:41.000000000,2019-04-27T11:38:41_cand003,34.489955352654405,34.948722998774,83.02111027440611,0.13097154999787644,0.45681800822657104,,False,cluster0000,26.059916548347463,16.620575539975885,100.0,4
28,2019-04-27T11:38:41.000000000,2019-04-27T11:38:41_cand004,34.462955352654404,34.939722998774,63.95831975258633,0.10089867800573632,0.4067180878410549,,False,cluster0000,26.059916548347463,16.620575539975885,100.0,5
28,2019-04-27T11:38:41.000000000,2019-04-27T11:38:41_cand005,34.471955352654405,34.915722998774,3.0549433148717315,0.004819384609311208,0.2938548093442225,,False,cluster0000,26.059916548347463,16.620575539975885,100.0,6
28,2019-04-27T11:38:41.000000000,2019-04-27T11:38:41_cand007,34.59795535265441,34.993722998774004,2.921340242413505,0.004608616511576831,0.29354274838941,,False,cluster0000,26.059916548347463,16.620575539975885,100.0,7
28,2019-04-27T11:38:41.000000000,2019-04-27T11:38:41_cand006,34.510955352654406,34.993722998774004,3.0399240586169194,0.004795690692607296,0.2751219856838448,,False,cluster0000,26.059916548347463,16.620575539975885,100.0,8
28,2019-04-27T11:38:41.000000000,2019-04-27T11:38:41_cand008,34.60995535265441,34.984722998774004,2.921340242413505,0.004608616511576831,0.26627408677583553,,False,cluster0000,26.059916548347463,16.620575539975885,100.0,9
29,2019-04-27T10:38:41.000000000,2019-04-27T10:38:41_cand000,34.65195535265441,35.09572299877401,1073.4971898373835,1.7456978152917588,2.3052405294760523,,False,cluster0000,26.059916548347463,16.620575539975885,100.0,1
29,2019-04-27T10:38:41.000000000,2019-04-27T10:38:41_cand001,34.64295535265441,35.044722998774006,643.2962643109433,1.0461144135487481,1.4657530843597457,,False,cluster0000,26.059916548347463,16.620575539975885,100.0,2
29,2019-04-27T10:38:41.000000000,2019-04-27T10:38:41_cand002,34.507955352654406,34.966722998774,88.72416114828363,0.14428130389760516,0.466571668834241,,False,cluster0000,26.059916548347463,16.620575539975885,100.0,3
29,2019-04-27T10:38:41.000000000,2019-04-27T10:38:41_cand003,34.462955352654404,34.948722998774,60.645085920173884,0.09861972159895989,0.41016979220008426,,False,cluster0000,26.059916548347463,16.620575539975885,100.0,4
29,2019-04-27T10:38:41.000000000,2019-04-27T10:38:41_cand006,34.60095535265441,34.999722998774004,2.9419500346866796,0.004784135251465381,0.294097087751122,,False,cluster0000,26.059916548347463,16.620575539975885,100.0,5
29,2019-04-27T10:38:41.000000000,2019-04-27T10:38:41_cand004,34.507955352654406,34.999722998774004,3.0502157311860687,0.004960194575736788,0.27425316205337646,,False,cluster0000,26.059916548347463,16.620575539975885,100.0,6
29,2019-04-27T10:38:41.000000000,2019-04-27T10:38:41_cand005,34.52295535265441,34.999722998774004,3.0502157311860687,0.004960194575736788,0.2741552522905455,,False,cluster0000,26.059916548347463,16.620575539975885,100.0,7
30,2019-04-27T09:38:41.000000000,2019-04-27T09:38:41_cand000,34.65795535265441,35.10772299877401,1064.0968932253627,1.7700477579450313,2.370226272156854,,False,cluster0000,26.059916548347463,16.620575539975885,100.0,1
30,2019-04-27T09:38:41.000000000,2019-04-27T09:38:41_cand001,34.64595535265441,35.053722998774006,596.1926398022686,0.9917230771971042,1.4222559899921579,,False,cluster0000,26.059916548347463,16.620575539975885,100.0,2
30,2019-04-27T09:38:41.000000000,2019-04-27T09:38:41_cand002,34.507955352654406,34.975722998774,85.72950419108635,0.14260479252337574,0.4687869774165072,,False,cluster0000,26.059916548347463,16.620575539975885,100.0,3
30,2019-04-27T09:38:41.000000000,2019-04-27T09:38:41_cand003,34.450955352654404,34.948722998774,59.14994126314119,0.09839162352786754,0.41007897030773066,,False,cluster0000,26.059916548347463,16.620575539975885,100.0,4
30,2019-04-27T09:38:41.000000000,2019-04-27T09:38:41_cand004,34.63995535265441,35.008722998774005,9.031334867064722,0.015022968429354376,0.30702434740279533,,False,cluster0000,26.059916548347463,16.620575539975885,100.0,5
30,2019-04-27T09:38:41.000000000,2019-04-27T09:38:41_cand006,34.61895535265441,35.011722998774005,5.902108222302015,0.009817727589043968,0.30526681726235927,,False,cluster0000,26.059916548347463,16.620575539975885,100.0,6
30,2019-04-27T09:38:41.000000000,2019-04-27T09:38:41_cand005,34.66395535265441,35.17672299877401,6.112368098924933,0.010167479595249078,0.30113672798819935,,False,cluster0000,26.059916548347463,16.620575539975885,100.0,7
30,2019-04-27T09:38:41.000000000,2019-04-27T09:38:41_cand007,34.516955352654406,35.005722998774004,3.0688349360171583,0.005104783626926845,0.2761370077631624,,False,cluster0000,26.059916548347463,16.620575539975885,100.0,8
31,2019-04-27T08:38:41.000000000,2019-04-27T08:38:41_cand000,34.66395535265441,35.12572299877401,1066.1079900927223,1.8159784529549585,2.4688988028045724,,False,cluster0000,26.059916548347463,16.620575539975885,100.0,1
31,2019-04-27T08:38:41.000000000,2019-04-27T08:38:41_cand001,34.65195535265441,35.06272299877401,577.5671114073737,0.9838116205845201,1.4339808137508347,,False,cluster0000,26.059916548347463,16.620575539975885,100.0,2
31,2019-04-27T08:38:41.000000000,2019-04-27T08:38:41_cand002,34.498955352654406,34.969722998774,77.23460719528079,0.13155926396993933,0.4617124389700951,,False,cluster0000,26.059916548347463,16.620575539975885,100.0,3
31,2019-04-27T08:38:41.000000000,2019-04-27T08:38:41_cand004,34.483955352654405,34.966722998774,64.45528181982225,0.10979131950202958,0.4393089595003932,,False,cluster0000,26.059916548347463,16.620575539975885,100.0,4
31,2019-04-27T08:38:41.000000000,2019-04-27T08:38:41_cand003,34.516955352654406,34.987722998774004,73.24793969753267,0.12476848635427135,0.42879649433793365,,False,cluster0000,26.059916548347463,16.620575539975885,100.0,5
31,2019-04-27T08:38:41.000000000,2019-04-27T08:38:41_cand005,34.459955352654404,34.954722998774,60.76272700366577,0.10350152518024422,0.41683659256212996,,False,cluster0000,26.059916548347463,16.620575539975885,100.0,6
31,2019-04-27T08:38:41.000000000,2019-04-27T08:38:41_cand006,34.61895535265441,35.017722998774005,5.948384096203746,0.010132310656133875,0.30603601461649993,,False,cluster0000,26.059916548347463,16.620575539975885,100.0,7
31,2019-04-27T08:38:41.000000000,2019-04-27T08:38:41_cand008,34.53495535265441,35.014722998774005,3.092159166074458,0.0052670972086139335,0.2942804482760962,,False,cluster0000,26.059916548347463,16.620575539975885,100.0,8
31,2019-04-27T08:38:41.000000000,2019-04-27T08:38:41_cand007,34.51995535265441,35.011722998774005,3.092159166074458,0.0052670972086139335,0.2739465427645866,,False,cluster0000,26.059916548347463,16.620575539975885,100.0,9
32,2019-04-27T07:38:41.000000000,2019-04-27T07:38:41_cand000,34.66695535265441,35.13472299877401,1024.5163472722797,1.7793084246739688,2.4776668980123637,,False,cluster0000,26.059916548347463,16.620575539975885,100.0,1
32,2019-04-27T07:38:41.000000000,2019-04-27T07:38:41_cand001,34.65795535265441,35.07772299877401,582.5017158005609,1.0116482895275154,1.5102197342391162,,False,cluster0000,26.059916548347463,16.620575539975885,100.0,2
32,2019-04-27T07:38:41.000000000,2019-04-27T07:38:41_cand002,34.513955352654406,34.984722998774004,77.76389929699371,0.13505490812619148,0.44927809034881155,,False,cluster0000,26.059916548347463,16.620575539975885,100.0,3
32,2019-04-27T07:38:41.000000000,2019-04-27T07:38:41_cand003,34.486955352654405,34.969722998774,64.15666719820304,0.11142281794594787,0.44573350575625437,,False,cluster0000,26.059916548347463,16.620575539975885,100.0,4
32,2019-04-27T07:38:41.000000000,2019-04-27T07:38:41_cand004,34.459955352654404,34.960722998774,51.315433062047795,0.08912105951866173,0.4045394860923377,,False,cluster0000,26.059916548347463,16.620575539975885,100.0,5
32,2019-04-27T07:38:41.000000000,2019-04-27T07:38:41_cand006,34.61895535265441,35.029722998774005,5.99550300058133,0.010412570797425535,0.3067548578235321,,False,cluster0000,26.059916548347463,16.620575539975885,100.0,6
32,2019-04-27T07:38:41.000000000,2019-04-27T07:38:41_cand005,34.67295535265441,35.20372299877401,6.166301974782193,0.010709202524708753,0.30135570497971664,,False,cluster0000,26.059916548347463,16.620575539975885,100.0,7
32,2019-04-27T07:38:41.000000000,2019-04-27T07:38:41_cand008,34.54095535265441,35.017722998774005,3.1174057650259397,0.00541409256729381,0.29495076425659156,,False,cluster0000,26.059916548347463,16.620575539975885,100.0,8
32,2019-04-27T07:38:41.000000000,2019-04-27T07:38:41_cand007,34.52595535265441,35.017722998774005,3.1174057650259397,0.00541409256729381,0.27447985417254117,,False,cluster0000,26.059916548347463,16.620575539975885,100.0,9
33,2019-04-27T06:38:41.000000000,2019-04-27T06:38:41_cand000,34.67295535265441,35.14372299877401,986.8015262055474,1.777547675110789,2.501189497065366,,False,cluster0000,26.059916548347463,16.620575539975885,100.0,1
33,2019-04-27T06:38:41.000000000,2019-04-27T06:38:41_cand001,34.66095535265441,35.08672299877401,559.1121553385722,1.0071412390998329,1.5150153728847409,,False,cluster0000,26.059916548347463,16.620575539975885,100.0,2
33,2019-04-27T06:38:41.000000000,2019-04-27T06:38:41_cand003,34.486955352654405,34.972722998774,63.93320052818058,0.11516430502316383,0.452425417945663,,False,cluster0000,26.059916548347463,16.620575539975885,100.0,3
33,2019-04-27T06:38:41.000000000,2019-04-27T06:38:41_cand002,34.513955352654406,34.984722998774004,73.6305096472967,0.13263228497836005,0.4437327787129396,,False,cluster0000,26.059916548347463,16.620575539975885,100.0,4
33,2019-04-27T06:38:41.000000000,2019-04-27T06:38:41_cand004,34.459955352654404,34.960722998774,48.85361423252672,0.08800110872720604,0.39968538864536696,,False,cluster0000,26.059916548347463,16.620575539975885,100.0,5
33,2019-04-27T06:38:41.000000000,2019-04-27T06:38:41_cand006,34.62495535265441,35.029722998774005,6.017787012999326,0.010839974432752067,0.3087390401181918,,False,cluster0000,26.059916548347463,16.620575539975885,100.0,6
33,2019-04-27T06:38:41.000000000,2019-04-27T06:38:41_cand005,34.67895535265441,35.21572299877401,6.171326602485801,0.01111654873171834,0.3017888548873323,,False,cluster0000,26.059916548347463,16.620575539975885,100.0,7
33,2019-04-27T06:38:41.000000000,2019-04-27T06:38:41_cand008,34.54395535265441,35.017722998774005,3.1415213681922385,0.0056588927520343215,0.29744548287417866,,False,cluster0000,26.059916548347463,16.620575539975885,100.0,8
33,2019-04-27T06:38:41.000000000,2019-04-27T06:38:41_cand009,34.465955352654404,34.990722998774004,3.0261152040730686,0.005451009045659961,0.2957527470439811,,False,cluster0000,26.059916548347463,16.620575539975885,100.0,9
33,2019-04-27T06:38:41.000000000,2019-04-27T06:38:41_cand007,34.52895535265441,35.020722998774005,3.1415213681922385,0.0056588927520343215,0.2740861419951333,,False,cluster0000,26.059916548347463,16.620575539975885,100.0,10
34,2019-04-27T05:38:41.000000000,2019-04-27T05:38:41_cand000,34.67895535265441,35.15872299877401,969.3334090040132,1.8517144315726457,2.5930433626866622,,False,cluster0000,26.059916548347463,16.620575539975885,100.0,1
34,2019-04-27T05:38:41.000000000,2019-04-27T05:38:41_cand001,34.66995535265441,35.08972299877401,535.5347265261498,1.0230302313996444,1.5284429359527234,,False,cluster0000,26.059916548347463,16.620575539975885,100.0,2
34,2019-04-27T05:38:41.000000000,2019-04-27T05:38:41_cand004,34.489955352654405,34.972722998774,63.752475995093924,0.12178614576990746,0.4615643951825449,,False,cluster0000,26.059916548347463,16.620575539975885,100.0,3
34,2019-04-27T05:38:41.000000000,2019-04-27T05:38:41_cand003,34.513955352654406,34.984722998774004,72.68212932950732,0.1388444332432175,0.4525658163175256,,False,cluster0000,26.059916548347463,16.620575539975885,100.0,4
34,2019-04-27T05:38:41.000000000,2019-04-27T05:38:41_cand005,34.468955352654405,34.966722998774,44.863374751511095,0.08570235762510586,0.40315644005968476,,False,cluster0000,26.059916548347463,16.620575539975885,100.0,5
34,2019-04-27T05:38:41.000000000,2019-04-27T05:38:41_cand006,34.447955352654404,34.960722998774,44.46330116273668,0.0849380983608081,0.3992122651701672,,False,cluster0000,26.059916548347463,16.620575539975885,100.0,6
34,2019-04-27T05:38:41.000000000,2019-04-27T05:38:41_cand002,34.52595535265441,34.993722998774004,74.14434967847468,0.1416377079794139,0.3961860418404068,,False,cluster0000,26.059916548347463,16.620575539975885,100.0,7
34,2019-04-27T05:38:41.000000000,2019-04-27T05:38:41_cand007,34.63395535265441,35.038722998774006,9.017033056759965,0.0172252086702821,0.3151238955793244,,False,cluster0000,26.059916548347463,16.620575539975885,100.0,8
34,2019-04-27T05:38:41.000000000,2019-04-27T05:38:41_cand008,34.68195535265441,35.22472299877401,6.154401575616592,0.011756733141976632,0.3023398657497958,,False,cluster0000,26.059916548347463,16.620575539975885,100.0,9
34,2019-04-27T05:38:41.000000000,2019-04-27T05:38:41_cand010,34.54995535265441,35.020722998774005,3.163176690220328,0.006042606055344294,0.2981798125212965,,False,cluster0000,26.059916548347463,16.620575539975885,100.0,10
34,2019-04-27T05:38:41.000000000,2019-04-27T05:38:41_cand011,34.462955352654404,34.990722998774004,3.025712054060232,0.005780007811804873,0.2957677189955961,,False,cluster0000,26.059916548347463,16.620575539975885,100.0,11
34,2019-04-27T05:38:41.000000000,2019-04-27T05:38:41_cand009,34.53495535265441,35.023722998774005,3.163176690220328,0.006042606055344294,0.2740441107757102,,False,cluster0000,26.059916548347463,16.620575539975885,100.0,12
35,2019-04-27T04:38:41.000000000,2019-04-27T04:38:41_cand000,34.68195535265441,35.16472299877401,918.5237652402828,1.7876707845626683,2.559624751756088,,False,cluster0000,26.059916548347463,16.620575539975885,100.0,1
35,2019-04-27T04:38:41.000000000,2019-04-27T04:38:41_cand001,34.67295535265441,35.09572299877401,565.1915329794127,1.1000002715500483,1.6577786599666773,,False,cluster0000,26.059916548347463,16.620575539975885,100.0,2
35,2019-04-27T04:38:41.000000000,2019-04-27T04:38:41_cand004,34.489955352654405,34.972722998774,64.66631768955244,0.1258563918034498,0.4701051235726751,,False,cluster0000,26.059916548347463,16.620575539975885,100.0,3
35,2019-04-27T04:38:41.000000000,2019-04-27T04:38:41_cand003,34.507955352654406,34.984722998774004,66.02775503871551,0.12850608021240956,0.44587159866295945,,False,cluster0000,26.059916548347463,16.620575539975885,100.0,4
35,2019-04-27T04:38:41.000000000,2019-04-27T04:38:41_cand005,34.447955352654404,34.960722998774,46.267056460793384,0.09004695169866948,0.40933992016566123,,False,cluster0000,26.059916548347463,16.620575539975885,100.0,5
35,2019-04-27T04:38:41.000000000,2019-04-27T04:38:41_cand002,34.52895535265441,34.990722998774004,73.33649373408952,0.14273066441171425,0.40375220016206265,,False,cluster0000,26.059916548347463,16.620575539975885,100.0,6
35,2019-04-27T04:38:41.000000000,2019-04-27T04:38:41_cand006,34.471955352654405,34.966722998774,39.791439210402814,0.07744382458469116,0.3992632547550083,,False,cluster0000,26.059916548347463,16.620575539975885,100.0,7
35,2019-04-27T04:38:41.000000000,2019-04-27T04:38:41_cand008,34.63395535265441,35.032722998774005,6.015333688525293,0.011707303285244008,0.3105850007203832,,False,cluster0000,26.059916548347463,16.620575539975885,100.0,8
35,2019-04-27T04:38:41.000000000,2019-04-27T04:38:41_cand007,34.68495535265441,35.23072299877401,6.119277712634894,0.011909603652597052,0.30352547195078167,,False,cluster0000,26.059916548347463,16.620575539975885,100.0,9
35,2019-04-27T04:38:41.000000000,2019-04-27T04:38:41_cand010,34.55595535265441,35.023722998774005,3.177691442573539,0.006184560889132217,0.29668227582044965,,False,cluster0000,26.059916548347463,16.620575539975885,100.0,10
35,2019-04-27T04:38:41.000000000,2019-04-27T04:38:41_cand011,34.465955352654404,34.993722998774004,3.026960033508167,0.00589120088419904,0.2965164820143347,,False,cluster0000,26.059916548347463,16.620575539975885,100.0,11
35,2019-04-27T04:38:41.000000000,2019-04-27T04:38:41_cand009,34.54095535265441,35.026722998774005,3.177691442573539,0.006184560889132217,0.2751833132500961,,False,cluster0000,26.059916548347463,16.620575539975885,100.0,12
36,2019-04-27T03:38:41.000000000,2019-04-27T03:38:41_cand000,34.68495535265441,35.17372299877401,896.5136232817679,1.8033408760477165,2.6277330799409824,,False,cluster0000,26.059916548347463,16.620575539975885,100.0,1
36,2019-04-27T03:38:41.000000000,2019-04-27T03:38:41_cand001,34.67595535265441,35.10172299877401,526.2898546293434,1.0586342280311523,1.6295904010123332,,False,cluster0000,26.059916548347463,16.620575539975885,100.0,2
36,2019-04-27T03:38:41.000000000,2019-04-27T03:38:41_cand003,34.489955352654405,34.975722998774,61.53285454202599,0.12377359242945764,0.4698786337019774,,False,cluster0000,26.059916548347463,16.620575539975885,100.0,3
36,2019-04-27T03:38:41.000000000,2019-04-27T03:38:41_cand004,34.507955352654406,34.981722998774,58.496788326188856,0.11766653262888857,0.43350709821585404,,False,cluster0000,26.059916548347463,16.620575539975885,100.0,4
36,2019-04-27T03:38:41.000000000,2019-04-27T03:38:41_cand005,34.447955352654404,34.963722998774,46.1734824359752,0.0928781516575965,0.4156263420685391,,False,cluster0000,26.059916548347463,16.620575539975885,100.0,5
36,2019-04-27T03:38:41.000000000,2019-04-27T03:38:41_cand002,34.52895535265441,34.993722998774004,74.29405197987903,0.1494427940671923,0.4133187249724203,,False,cluster0000,26.059916548347463,16.620575539975885,100.0,6
36,2019-04-27T03:38:41.000000000,2019-04-27T03:38:41_cand006,34.468955352654405,34.966722998774,39.67167415071339,0.07979973729271712,0.39560712472848647,,False,cluster0000,26.059916548347463,16.620575539975885,100.0,7
36,2019-04-27T03:38:41.000000000,2019-04-27T03:38:41_cand010,34.63695535265441,35.032722998774005,5.989471370466196,0.012047846533264038,0.3108570452510175,,False,cluster0000,26.059916548347463,16.620575539975885,100.0,8
36,2019-04-27T03:38:41.000000000,2019-04-27T03:38:41_cand008,34.68795535265441,35.24272299877401,6.074083628008286,0.012218044440666468,0.30454566435440605,,False,cluster0000,26.059916548347463,16.620575539975885,100.0,9
36,2019-04-27T03:38:41.000000000,2019-04-27T03:38:41_cand009,34.70295535265441,35.24272299877401,6.074083628008286,0.012218044440666468,0.3037950226299173,,False,cluster0000,26.059916548347463,16.620575539975885,100.0,10
36,2019-04-27T03:38:41.000000000,2019-04-27T03:38:41_cand011,34.55595535265441,35.029722998774005,3.1812377644893965,0.006399072973515021,0.2983017667499578,,False,cluster0000,26.059916548347463,16.620575539975885,100.0,11
36,2019-04-27T03:38:41.000000000,2019-04-27T03:38:41_cand012,34.462955352654404,34.993722998774004,3.0270719198188765,0.006088967736779099,0.29594278991780526,,False,cluster0000,26.059916548347463,16.620575539975885,100.0,12
36,2019-04-27T03:38:41.000000000,2019-04-27T03:38:41_cand007,34.54395535265441,35.020722998774005,6.357618785928082,0.012788376588215675,0.2864597502385291,,False,cluster0000,26.059916548347463,16.620575539975885,100.0,13
37,2019-04-27T02:38:41.000000000,2019-04-27T02:38:41_cand000,34.68795535265441,35.17972299877401,863.4083592388484,1.7743319163753404,2.630176986752515,,False,cluster0000,26.059916548347463,16.620575539975885,100.0,1
37,2019-04-27T02:38:41.000000000,2019-04-27T02:38:41_cand001,34.67595535265441,35.10472299877401,543.1629161818527,1.1162172425833072,1.7162556377963303,,False,cluster0000,26.059916548347463,16.620575539975885,100.0,2
37,2019-04-27T02:38:41.000000000,2019-04-27T02:38:41_cand003,34.486955352654405,34.978722998774,62.403007485412616,0.12824018516196334,0.47624785814246784,,False,cluster0000,26.059916548347463,16.620575539975885,100.0,3
37,2019-04-27T02:38:41.000000000,2019-04-27T02:38:41_cand002,34.53195535265441,34.993722998774004,70.90352590632966,0.14570902360738452,0.41210318819124997,,False,cluster0000,26.059916548347463,16.620575539975885,100.0,4
37,2019-04-27T02:38:41.000000000,2019-04-27T02:38:41_cand004,34.450955352654404,34.963722998774,41.28199458779646,0.08483582511678975,0.40670379855234184,,False,cluster0000,26.059916548347463,16.620575539975885,100.0,5
37,2019-04-27T02:38:41.000000000,2019-04-27T02:38:41_cand005,34.55295535265441,34.999722998774004,36.36766587743326,0.07473672173766097,0.3802102734728167,,False,cluster0000,26.059916548347463,16.620575539975885,100.0,6
37,2019-04-27T02:38:41.000000000,2019-04-27T02:38:41_cand008,34.63695535265441,35.035722998774006,5.948854803237182,0.012225087735508634,0.3108979591564503,,False,cluster0000,26.059916548347463,16.620575539975885,100.0,7
37,2019-04-27T02:38:41.000000000,2019-04-27T02:38:41_cand007,34.70295535265441,35.251722998774014,6.02559954118745,0.012382800637523,0.30591818501606743,,False,cluster0000,26.059916548347463,16.620575539975885,100.0,8
37,2019-04-27T02:38:41.000000000,2019-04-27T02:38:41_cand006,34.68795535265441,35.251722998774014,6.02559954118745,0.012382800637523,0.3040020802440803,,False,cluster0000,26.059916548347463,16.620575539975885,100.0,9
37,2019-04-27T02:38:41.000000000,2019-04-27T02:38:41_cand012,34.462955352654404,34.996722998774004,3.0245875959855644,0.006215624678641266,0.2968031534192002,,False,cluster0000,26.059916548347463,16.620575539975885,100.0,10
37,2019-04-27T02:38:41.000000000,2019-04-27T02:38:41_cand009,34.54995535265441,35.026722998774005,3.171623904923054,0.006517789017244388,0.29645402758054523,,False,cluster0000,26.059916548347463,16.620575539975885,100.0,11
37,2019-04-27T02:38:41.000000000,2019-04-27T02:38:41_cand011,34.53495535265441,35.023722998774005,3.168137771321258,0.006510624900696028,0.27527934340394045,,False,cluster0000,26.059916548347463,16.620575539975885,100.0,12
37,2019-04-27T02:38:41.000000000,2019-04-27T02:38:41_cand010,34.56195535265441,35.035722998774006,3.171623904923054,0.006517789017244388,0.2691341299870644,,False,cluster0000,26.059916548347463,16.620575539975885,100.0,13
37,2019-04-27T02:38:41.000000000,2019-04-27T02:38:41_cand013,34.4209553526544,34.975722998774,2.9213408722186402,0.006003449344362201,0.25018230141242687,,False,cluster0000,26.059916548347463,16.620575539975885,100.0,14
38,2019-04-27T01:38:41.000000000,2019-04-27T01:38:41_cand000,34.68795535265441,35.18872299877401,816.426700491833,1.7187344665775703,2.611730099627872,,False,cluster0000,26.059916548347463,16.620575539975885,100.0,1
38,2019-04-27T01:38:41.000000000,2019-04-27T01:38:41_cand001,34.67595535265441,35.10772299877401,544.4591391664471,1.1461906960720323,1.784467862634909,,False,cluster0000,26.059916548347463,16.620575539975885,100.0,2
38,2019-04-27T01:38:41.000000000,2019-04-27T01:38:41_cand003,34.492955352654405,34.984722998774004,61.44990174869335,0.12936380453953697,0.4807514102774505,,False,cluster0000,26.059916548347463,16.620575539975885,100.0,3
38,2019-04-27T01:38:41.000000000,2019-04-27T01:38:41_cand002,34.53195535265441,34.999722998774004,67.39048276017195,0.1418698645811471,0.40919762035876034,,False,cluster0000,26.059916548347463,16.620575539975885,100.0,4
38,2019-04-27T01:38:41.000000000,2019-04-27T01:38:41_cand004,34.453955352654404,34.969722998774,39.3873424812587,0.08291789456255226,0.4075043868289108,,False,cluster0000,26.059916548347463,16.620575539975885,100.0,5
38,2019-04-27T01:38:41.000000000,2019-04-27T01:38:41_cand007,34.63995535265441,35.038722998774006,5.897112979883444,0.012414551515429065,0.3110644871739317,,False,cluster0000,26.059916548347463,16.620575539975885,100.0,6
38,2019-04-27T01:38:41.000000000,2019-04-27T01:38:41_cand005,34.66095535265441,35.035722998774006,5.983746105277281,0.012596930825748073,0.3089651175144728,,False,cluster0000,26.059916548347463,16.620575539975885,100.0,7
38,2019-04-27T01:38:41.000000000,2019-04-27T01:38:41_cand006,34.69395535265441,35.263722998774014,5.97689614519687,0.012582510348713466,0.30760598245737414,,False,cluster0000,26.059916548347463,16.620575539975885,100.0,8
38,2019-04-27T01:38:41.000000000,2019-04-27T01:38:41_cand011,34.462955352654404,34.999722998774004,3.0182695985981898,0.006354035194352209,0.29865424566487964,,False,cluster0000,26.059916548347463,16.620575539975885,100.0,9
38,2019-04-27T01:38:41.000000000,2019-04-27T01:38:41_cand008,34.55595535265441,35.029722998774005,3.148550951663438,0.006628302378081881,0.29839682142572266,,False,cluster0000,26.059916548347463,16.620575539975885,100.0,10
38,2019-04-27T01:38:41.000000000,2019-04-27T01:38:41_cand013,34.65495535265441,35.20972299877401,2.937199680952831,0.00618336750112789,0.2965644447510767,,False,cluster0000,26.059916548347463,16.620575539975885,100.0,11
38,2019-04-27T01:38:41.000000000,2019-04-27T01:38:41_cand012,34.64895535265441,35.15272299877401,2.9865220165222195,0.006287200457673951,0.29629121532148056,,False,cluster0000,26.059916548347463,16.620575539975885,100.0,12
38,2019-04-27T01:38:41.000000000,2019-04-27T01:38:41_cand010,34.53495535265441,35.023722998774005,3.1472125352077285,0.006625484755273028,0.27523658679209245,,False,cluster0000,26.059916548347463,16.620575539975885,100.0,13
38,2019-04-27T01:38:41.000000000,2019-04-27T01:38:41_cand009,34.57095535265441,35.026722998774005,3.148550951663438,0.006628302378081881,0.26941252560401946,,False,cluster0000,26.059916548347463,16.620575539975885,100.0,14
38,2019-04-27T01:38:41.000000000,2019-04-27T01:38:41_cand014,34.4209553526544,34.978722998774,2.9257135905567893,0.0061591870824350544,0.25093677686345006,,False,cluster0000,26.059916548347463,16.620575539975885,100.0,15
39,2019-04-27T00:38:41.000000000,2019-04-27T00:38:41_cand000,34.68795535265441,35.20072299877401,777.5035178749463,1.6907551966588685,2.5967546550081737,,False,cluster0000,26.059916548347463,16.620575539975885,100.0,1
39,2019-04-27T00:38:41.000000000,2019-04-27T00:38:41_cand001,34.67595535265441,35.11072299877401,505.34539257956334,1.0989215212128944,1.7131693037256384,,False,cluster0000,26.059916548347463,16.620575539975885,100.0,2
39,2019-04-27T00:38:41.000000000,2019-04-27T00:38:41_cand002,34.486955352654405,34.984722998774004,66.94166774929192,0.14557101031449082,0.5023906810362381,,False,cluster0000,26.059916548347463,16.620575539975885,100.0,3
39,2019-04-27T00:38:41.000000000,2019-04-27T00:38:41_cand003,34.54095535265441,34.999722998774004,64.52221512654896,0.14030968094307755,0.46290359171397816,,False,cluster0000,26.059916548347463,16.620575539975885,100.0,4
39,2019-04-27T00:38:41.000000000,2019-04-27T00:38:41_cand004,34.450955352654404,34.969722998774,41.33615349222413,0.0898893892054487,0.418253860412548,,False,cluster0000,26.059916548347463,16.620575539975885,100.0,5
39,2019-04-27T00:38:41.000000000,2019-04-27T00:38:41_cand008,34.63995535265441,35.047722998774006,5.841880558442595,0.01270372375863112,0.31248531988582184,,False,cluster0000,26.059916548347463,16.620575539975885,100.0,6
39,2019-04-27T00:38:41.000000000,2019-04-27T00:38:41_cand007,34.69395535265441,35.275722998774015,5.933611121018279,0.012903200573592908,0.3069208424085819,,False,cluster0000,26.059916548347463,16.620575539975885,100.0,7
39,2019-04-27T00:38:41.000000000,2019-04-27T00:38:41_cand010,34.55895535265441,35.029722998774005,3.1138798636144687,0.006771427318511971,0.3011287616493197,,False,cluster0000,26.059916548347463,16.620575539975885,100.0,8
39,2019-04-27T00:38:41.000000000,2019-04-27T00:38:41_cand012,34.462955352654404,35.005722998774004,3.008198811350556,0.006541613839607137,0.2979774353318519,,False,cluster0000,26.059916548347463,16.620575539975885,100.0,9
39,2019-04-27T00:38:41.000000000,2019-04-27T00:38:41_cand011,34.489955352654405,35.011722998774005,3.0994290979682653,0.006740002757014427,0.29688754334118,,False,cluster0000,26.059916548347463,16.620575539975885,100.0,10
39,2019-04-27T00:38:41.000000000,2019-04-27T00:38:41_cand005,34.56495535265441,35.002722998774004,20.41616447003908,0.0443968874480549,0.2961409231094535,,False,cluster0000,26.059916548347463,16.620575539975885,100.0,11
39,2019-04-27T00:38:41.000000000,2019-04-27T00:38:41_cand006,34.4269553526544,34.966722998774,17.666168882526627,0.03841676102614014,0.2803579256138172,,False,cluster0000,26.059916548347463,16.620575539975885,100.0,12
39,2019-04-27T00:38:41.000000000,2019-04-27T00:38:41_cand009,34.54095535265441,35.029722998774005,3.115674353625886,0.006775329607366495,0.27620370613426853,,False,cluster0000,26.059916548347463,16.620575539975885,100.0,13
39,2019-04-27T00:38:41.000000000,2019-04-27T00:38:41_cand013,34.4119553526544,34.975722998774,2.9334236738569546,0.006379008205816909,0.27351352496403913,0.36381899582704935,True,cluster0000,26.059916548347463,16.620575539975885,100.0,14
40,2019-04-26T23:38:41.000000000,2019-04-26T23:38:41_cand000,34.68795535265441,35.20972299877401,754.7472988583502,1.6907367791723353,2.6370530694444696,,False,cluster0000,26.059916548347463,16.620575539975885,100.0,1
40,2019-04-26T23:38:41.000000000,2019-04-26T23:38:41_cand001,34.67595535265441,35.12272299877401,485.30594349152875,1.087151433404538,1.7308932229496994,,False,cluster0000,26.059916548347463,16.620575539975885,100.0,2
40,2019-04-26T23:38:41.000000000,2019-04-26T23:38:41_cand002,34.489955352654405,34.987722998774004,63.645099306323296,0.14257369370390024,0.5012727335584561,,False,cluster0000,26.059916548347463,16.620575539975885,100.0,3
40,2019-04-26T23:38:41.000000000,2019-04-26T23:38:41_cand003,34.54095535265441,35.002722998774004,58.722184119869226,0.13154569296898666,0.45251155513993896,,False,cluster0000,26.059916548347463,16.620575539975885,100.0,4
40,2019-04-26T23:38:41.000000000,2019-04-26T23:38:41_cand005,34.450955352654404,34.975722998774,38.42189476833179,0.08607027903057064,0.4096154353716158,,False,cluster0000,26.059916548347463,16.620575539975885,100.0,5
40,2019-04-26T23:38:41.000000000,2019-04-26T23:38:41_cand006,34.465955352654404,34.984722998774004,34.641059124029766,0.07760069207146994,0.39831892894054327,,False,cluster0000,26.059916548347463,16.620575539975885,100.0,6
40,2019-04-26T23:38:41.000000000,2019-04-26T23:38:41_cand004,34.52595535265441,35.002722998774004,52.72246379056692,0.11810550200594068,0.38153010605265086,,False,cluster0000,26.059916548347463,16.620575539975885,100.0,7
40,2019-04-26T23:38:41.000000000,2019-04-26T23:38:41_cand009,34.63995535265441,35.050722998774006,5.78977820844655,0.012969892008991842,0.31321722154530385,,False,cluster0000,26.059916548347463,16.620575539975885,100.0,8
40,2019-04-26T23:38:41.000000000,2019-04-26T23:38:41_cand010,34.489955352654405,35.014722998774005,3.076989792258461,0.006892876355806075,0.2993392939482707,,False,cluster0000,26.059916548347463,16.620575539975885,100.0,9
40,2019-04-26T23:38:41.000000000,2019-04-26T23:38:41_cand013,34.53795535265441,34.978722998774,3.0312665266986754,0.006790450011435279,0.29843468702744075,,False,cluster0000,26.059916548347463,16.620575539975885,100.0,10
40,2019-04-26T23:38:41.000000000,2019-04-26T23:38:41_cand011,34.55895535265441,35.032722998774005,3.067515942210706,0.006871653640944648,0.29806656409384197,,False,cluster0000,26.059916548347463,16.620575539975885,100.0,11
40,2019-04-26T23:38:41.000000000,2019-04-26T23:38:41_cand007,34.4299553526544,34.966722998774,19.706903674123343,0.04414614917581845,0.29028431890661105,,False,cluster0000,26.059916548347463,16.620575539975885,100.0,12
40,2019-04-26T23:38:41.000000000,2019-04-26T23:38:41_cand014,34.486955352654405,34.960722998774,2.9644571049787634,0.006640787804405255,0.2891580052928283,,False,cluster0000,26.059916548347463,16.620575539975885,100.0,13
40,2019-04-26T23:38:41.000000000,2019-04-26T23:38:41_cand012,34.57395535265441,35.032722998774005,3.067515942210706,0.006871653640944648,0.27137635750670863,,False,cluster0000,26.059916548347463,16.620575539975885,100.0,14
40,2019-04-26T23:38:41.000000000,2019-04-26T23:38:41_cand008,34.4179553526544,34.981722998774,5.929387726151965,0.013282636349599754,0.26615676238122044,,False,cluster0000,26.059916548347463,16.620575539975885,100.0,15
41,2019-04-26T22:38:41.000000000,2019-04-26T22:38:41_cand000,34.68795535265441,35.22172299877401,731.0405990364086,1.726585102254413,2.6571542739639966,,False,cluster0000,26.059916548347463,16.620575539975885,100.0,1
41,2019-04-26T22:38:41.000000000,2019-04-26T22:38:41_cand001,34.67595535265441,35.13172299877401,474.26795992479106,1.1201347711222736,1.7646015162536037,,False,cluster0000,26.059916548347463,16.620575539975885,100.0,2
41,2019-04-26T22:38:41.000000000,2019-04-26T22:38:41_cand002,34.68195535265441,35.16772299877401,266.5022407994887,0.6294298829481271,1.1402160637705505,,False,cluster0000,26.059916548347463,16.620575539975885,100.0,3
41,2019-04-26T22:38:41.000000000,2019-04-26T22:38:41_cand003,34.486955352654405,34.993722998774004,65.41615702837095,0.15450108013261712,0.5164291105999606,,False,cluster0000,26.059916548347463,16.620575539975885,100.0,4
41,2019-04-26T22:38:41.000000000,2019-04-26T22:38:41_cand004,34.54395535265441,35.008722998774005,59.93810146161431,0.14156290796632298,0.46582771123599487,,False,cluster0000,26.059916548347463,16.620575539975885,100.0,5
41,2019-04-26T22:38:41.000000000,2019-04-26T22:38:41_cand005,34.507955352654406,34.996722998774004,43.91623771245198,0.1037221761436079,0.4399911110602562,,False,cluster0000,26.059916548347463,16.620575539975885,100.0,6
41,2019-04-26T22:38:41.000000000,2019-04-26T22:38:41_cand006,34.447955352654404,34.981722998774,38.58276835941439,0.09112549035020157,0.41972578526812887,,False,cluster0000,26.059916548347463,16.620575539975885,100.0,7
41,2019-04-26T22:38:41.000000000,2019-04-26T22:38:41_cand007,34.465955352654404,34.990722998774004,31.600014942363728,0.07463349518811713,0.3983989222070795,,False,cluster0000,26.059916548347463,16.620575539975885,100.0,8
41,2019-04-26T22:38:41.000000000,2019-04-26T22:38:41_cand010,34.63995535265441,35.056722998774006,5.7437767354267635,0.013565757298753563,0.3125845863978273,,False,cluster0000,26.059916548347463,16.620575539975885,100.0,9
41,2019-04-26T22:38:41.000000000,2019-04-26T22:38:41_cand008,34.56795535265441,35.011722998774005,19.833175263723753,0.046842357299831314,0.3011157630531325,,False,cluster0000,26.059916548347463,16.620575539975885,100.0,10
41,2019-04-26T22:38:41.000000000,2019-04-26T22:38:41_cand011,34.489955352654405,35.020722998774005,3.048202744343007,0.007199301179675709,0.29979663450092814,,False,cluster0000,26.059916548347463,16.620575539975885,100.0,11
41,2019-04-26T22:38:41.000000000,2019-04-26T22:38:41_cand013,34.56195535265441,35.035722998774006,3.019085790971898,0.007130532224873667,0.29884698618469113,,False,cluster0000,26.059916548347463,16.620575539975885,100.0,12
41,2019-04-26T22:38:41.000000000,2019-04-26T22:38:41_cand015,34.53795535265441,34.981722998774,3.0042415602575137,0.0070954728483634336,0.2978794197130362,,False,cluster0000,26.059916548347463,16.620575539975885,100.0,13
41,2019-04-26T22:38:41.000000000,2019-04-26T22:38:41_cand016,34.483955352654405,34.966722998774,2.9627524773566396,0.00699748317099494,0.2887863306522965,,False,cluster0000,26.059916548347463,16.620575539975885,100.0,14
41,2019-04-26T22:38:41.000000000,2019-04-26T22:38:41_cand012,34.54095535265441,35.035722998774006,3.0299188378766164,0.007156117913852314,0.27645364444642395,,False,cluster0000,26.059916548347463,16.620575539975885,100.0,15
41,2019-04-26T22:38:41.000000000,2019-04-26T22:38:41_cand014,34.57395535265441,35.044722998774006,3.019085790971898,0.007130532224873667,0.26978725623310207,,False,cluster0000,26.059916548347463,16.620575539975885,100.0,16
41,2019-04-26T22:38:41.000000000,2019-04-26T22:38:41_cand009,34.4209553526544,34.957722998774,5.934006339673639,0.014015045068999617,0.2618404020682098,,False,cluster0000,26.059916548347463,16.620575539975885,100.0,17
41,2019-04-26T22:38:41.000000000,2019-04-26T22:38:41_cand017,34.498955352654406,34.966722998774,2.9627524773566396,0.00699748317099494,0.2607981273831553,,False,cluster0000,26.059916548347463,16.620575539975885,100.0,18
41,2019-04-26T22:38:41.000000000,2019-04-26T22:38:41_cand018,34.4119553526544,34.990722998774004,2.9602336479804485,0.0069915341535507864,0.2529579207715883,,False,cluster0000,26.059916548347463,16.620575539975885,100.0,19
42,2019-04-26T21:38:41.000000000,2019-04-26T21:38:41_cand000,34.68795535265441,35.23672299877401,701.86811059066,1.7188915634334478,2.653330336281997,,False,cluster0000,26.059916548347463,16.620575539975885,100.0,1
42,2019-04-26T21:38:41.000000000,2019-04-26T21:38:41_cand001,34.67295535265441,35.13772299877401,454.8713055053819,1.1139905598833515,1.7543429655219105,,False,cluster0000,26.059916548347463,16.620575539975885,100.0,2
42,2019-04-26T21:38:41.000000000,2019-04-26T21:38:41_cand002,34.489955352654405,34.999722998774004,62.10229569655402,0.15208998746619581,0.5149562054446816,,False,cluster0000,26.059916548347463,16.620575539975885,100.0,3
42,2019-04-26T21:38:41.000000000,2019-04-26T21:38:41_cand003,34.54995535265441,35.017722998774005,55.1278988555018,0.13500952504137814,0.4667572768448272,,False,cluster0000,26.059916548347463,16.620575539975885,100.0,4
42,2019-04-26T21:38:41.000000000,2019-04-26T21:38:41_cand005,34.510955352654406,35.002722998774004,40.586250278038435,0.09939668456458157,0.43514065816870545,,False,cluster0000,26.059916548347463,16.620575539975885,100.0,5
42,2019-04-26T21:38:41.000000000,2019-04-26T21:38:41_cand006,34.444955352654404,34.984722998774004,38.56736345558963,0.09445238310071565,0.4198372461457892,,False,cluster0000,26.059916548347463,16.620575539975885,100.0,6
42,2019-04-26T21:38:41.000000000,2019-04-26T21:38:41_cand007,34.468955352654405,34.996722998774004,32.539843326988205,0.07969084408627143,0.4040873726554273,,False,cluster0000,26.059916548347463,16.620575539975885,100.0,7
42,2019-04-26T21:38:41.000000000,2019-04-26T21:38:41_cand004,34.53195535265441,35.011722998774005,48.498351692336186,0.11877360761444217,0.37904521230418803,,False,cluster0000,26.059916548347463,16.620575539975885,100.0,8
42,2019-04-26T21:38:41.000000000,2019-04-26T21:38:41_cand010,34.69095535265441,35.311722998774016,8.714139482625564,0.02134113320330516,0.3205152051131597,,False,cluster0000,26.059916548347463,16.620575539975885,100.0,9
42,2019-04-26T21:38:41.000000000,2019-04-26T21:38:41_cand011,34.63995535265441,35.06872299877401,5.708505457104146,0.013980264556787645,0.3145358108997742,,False,cluster0000,26.059916548347463,16.620575539975885,100.0,10
42,2019-04-26T21:38:41.000000000,2019-04-26T21:38:41_cand008,34.57095535265441,35.020722998774005,19.54448363858181,0.04786490158350327,0.3032199579008173,,False,cluster0000,26.059916548347463,16.620575539975885,100.0,11
42,2019-04-26T21:38:41.000000000,2019-04-26T21:38:41_cand013,34.54095535265441,34.987722998774004,2.975348924694633,0.007286699720014953,0.2990216983701653,,False,cluster0000,26.059916548347463,16.620575539975885,100.0,12
42,2019-04-26T21:38:41.000000000,2019-04-26T21:38:41_cand014,34.56495535265441,35.044722998774006,2.9735272344311245,0.007282238357576789,0.29849516923295816,,False,cluster0000,26.059916548347463,16.620575539975885,100.0,13
42,2019-04-26T21:38:41.000000000,2019-04-26T21:38:41_cand012,34.492955352654405,35.029722998774005,3.014726019059013,0.007383135153216918,0.2977722196291023,,False,cluster0000,26.059916548347463,16.620575539975885,100.0,14
42,2019-04-26T21:38:41.000000000,2019-04-26T21:38:41_cand016,34.486955352654405,34.966722998774,2.959367337506427,0.007247560435905057,0.2888326633197671,,False,cluster0000,26.059916548347463,16.620575539975885,100.0,15
42,2019-04-26T21:38:41.000000000,2019-04-26T21:38:41_cand009,34.4269553526544,34.975722998774,16.922429497754123,0.041443429125178385,0.28565032205040547,,False,cluster0000,26.059916548347463,16.620575539975885,100.0,16
42,2019-04-26T21:38:41.000000000,2019-04-26T21:38:41_cand015,34.57995535265441,35.041722998774006,2.9735272344311245,0.007282238357576789,0.27129177566839097,,False,cluster0000,26.059916548347463,16.620575539975885,100.0,17
43,2019-04-26T20:38:41.000000000,2019-04-26T20:38:41_cand000,34.69095535265441,35.251722998774014,667.6276661503903,1.687191550640101,2.641077571493769,,False,cluster0000,26.059916548347463,16.620575539975885,100.0,1
43,2019-04-26T20:38:41.000000000,2019-04-26T20:38:41_cand001,34.67295535265441,35.14672299877401,440.17602262429966,1.1123883922431577,1.771382573109896,,False,cluster0000,26.059916548347463,16.620575539975885,100.0,2
43,2019-04-26T20:38:41.000000000,2019-04-26T20:38:41_cand002,34.68195535265441,35.19472299877401,251.3040085250357,0.6350815302041692,1.1101341036880743,,False,cluster0000,26.059916548347463,16.620575539975885,100.0,3
43,2019-04-26T20:38:41.000000000,2019-04-26T20:38:41_cand003,34.489955352654405,35.008722998774005,57.75485953480693,0.14595487268734897,0.505148278986834,,False,cluster0000,26.059916548347463,16.620575539975885,100.0,4
43,2019-04-26T20:38:41.000000000,2019-04-26T20:38:41_cand004,34.54995535265441,35.026722998774005,52.47167140975038,0.13260349314306624,0.464562818090547,,False,cluster0000,26.059916548347463,16.620575539975885,100.0,5
43,2019-04-26T20:38:41.000000000,2019-04-26T20:38:41_cand005,34.447955352654404,34.993722998774004,41.50177940550632,0.10488099145628654,0.4336546945082308,,False,cluster0000,26.059916548347463,16.620575539975885,100.0,6
43,2019-04-26T20:38:41.000000000,2019-04-26T20:38:41_cand006,34.510955352654406,35.008722998774005,37.269978337113464,0.0941866188762056,0.4298963683914221,,False,cluster0000,26.059916548347463,16.620575539975885,100.0,7
43,2019-04-26T20:38:41.000000000,2019-04-26T20:38:41_cand009,34.70295535265441,35.32672299877402,11.590025007418717,0.02928966736351434,0.33308823138046606,,False,cluster0000,26.059916548347463,16.620575539975885,100.0,8
43,2019-04-26T20:38:41.000000000,2019-04-26T20:38:41_cand007,34.57095535265441,35.023722998774005,19.283752146573033,0.048732827196839065,0.3051927476578944,,False,cluster0000,26.059916548347463,16.620575539975885,100.0,9
43,2019-04-26T20:38:41.000000000,2019-04-26T20:38:41_cand016,34.56795535265441,35.050722998774006,2.9326165141441605,0.0074111455453331814,0.2999734884996179,,False,cluster0000,26.059916548347463,16.620575539975885,100.0,10
43,2019-04-26T20:38:41.000000000,2019-04-26T20:38:41_cand018,34.63095535265441,35.07472299877401,2.853002659209934,0.007209949833757239,0.29860031576493484,,False,cluster0000,26.059916548347463,16.620575539975885,100.0,11
43,2019-04-26T20:38:41.000000000,2019-04-26T20:38:41_cand015,34.54095535265441,34.993722998774004,2.9461743562203777,0.007445408170679139,0.29840558516364574,,False,cluster0000,26.059916548347463,16.620575539975885,100.0,12
43,2019-04-26T20:38:41.000000000,2019-04-26T20:38:41_cand012,34.4389553526544,35.023722998774005,2.959959559462325,0.007480245370533032,0.29808967270788844,,False,cluster0000,26.059916548347463,16.620575539975885,100.0,13
43,2019-04-26T20:38:41.000000000,2019-04-26T20:38:41_cand013,34.486955352654405,34.972722998774,2.9547135061200125,0.007466987835948834,0.2893661075920636,,False,cluster0000,26.059916548347463,16.620575539975885,100.0,14
43,2019-04-26T20:38:41.000000000,2019-04-26T20:38:41_cand008,34.4269553526544,34.984722998774004,13.95726803113503,0.035272032430791515,0.2783330522705518,,False,cluster0000,26.059916548347463,16.620575539975885,100.0,15
43,2019-04-26T20:38:41.000000000,2019-04-26T20:38:41_cand017,34.58295535265441,35.047722998774006,2.9326165141441605,0.0074111455453331814,0.2709410502247822,,False,cluster0000,26.059916548347463,16.620575539975885,100.0,16
43,2019-04-26T20:38:41.000000000,2019-04-26T20:38:41_cand011,34.4149553526544,34.996722998774004,5.98546410778874,0.015126132395846413,0.2685143982309233,,False,cluster0000,26.059916548347463,16.620575539975885,100.0,17
43,2019-04-26T20:38:41.000000000,2019-04-26T20:38:41_cand014,34.498955352654406,34.981722998774,2.9547135061200125,0.007466987835948834,0.2655091552070596,,False,cluster0000,26.059916548347463,16.620575539975885,100.0,18
43,2019-04-26T20:38:41.000000000,2019-04-26T20:38:41_cand010,34.4209553526544,34.969722998774,5.9950649136725715,0.015150395019143524,0.262765053597945,,False,cluster0000,26.059916548347463,16.620575539975885,100.0,19
44,2019-04-26T19:38:41.000000000,2019-04-26T19:38:41_cand000,34.69095535265441,35.266722998774014,637.5122766479737,1.6739160837534262,2.612403676784803,,False,cluster0000,26.059916548347463,16.620575539975885,100.0,1
44,2019-04-26T19:38:41.000000000,2019-04-26T19:38:41_cand001,34.67895535265441,35.16772299877401,410.85228504414306,1.0787749086155958,1.7470900732308066,,False,cluster0000,26.059916548347463,16.620575539975885,100.0,2
44,2019-04-26T19:38:41.000000000,2019-04-26T19:38:41_cand002,34.67295535265441,35.15272299877401,401.7861683368345,1.0549700045699135,1.7115029290718624,,False,cluster0000,26.059916548347463,16.620575539975885,100.0,3
44,2019-04-26T19:38:41.000000000,2019-04-26T19:38:41_cand004,34.498955352654406,35.014722998774005,51.33204140752745,0.13478254909184134,0.49057338288844426,,False,cluster0000,26.059916548347463,16.620575539975885,100.0,4
44,2019-04-26T19:38:41.000000000,2019-04-26T19:38:41_cand003,34.55295535265441,35.029722998774005,52.71052124533051,0.13840202381593752,0.4788877624892319,,False,cluster0000,26.059916548347463,16.620575539975885,100.0,5
44,2019-04-26T19:38:41.000000000,2019-04-26T19:38:41_cand007,34.513955352654406,35.014722998774005,36.889108448565324,0.09685973777956759,0.43489150896355055,,False,cluster0000,26.059916548347463,16.620575539975885,100.0,6
44,2019-04-26T19:38:41.000000000,2019-04-26T19:38:41_cand006,34.441955352654404,35.002722998774004,37.580678257973865,0.09867559273548161,0.4272597853478522,,False,cluster0000,26.059916548347463,16.620575539975885,100.0,7
44,2019-04-26T19:38:41.000000000,2019-04-26T19:38:41_cand005,34.53195535265441,35.023722998774005,51.08609512249932,0.13413676789306558,0.40686239604834445,,False,cluster0000,26.059916548347463,16.620575539975885,100.0,8
44,2019-04-26T19:38:41.000000000,2019-04-26T19:38:41_cand011,34.4209553526544,35.011722998774005,5.977576921121717,0.015695324649668028,0.3151848951823256,,False,cluster0000,26.059916548347463,16.620575539975885,100.0,9
44,2019-04-26T19:38:41.000000000,2019-04-26T19:38:41_cand012,34.729955352654414,35.320722998774016,5.86925189527695,0.015410895612492502,0.3090812752518977,,False,cluster0000,26.059916548347463,16.620575539975885,100.0,10
44,2019-04-26T19:38:41.000000000,2019-04-26T19:38:41_cand017,34.57095535265441,35.053722998774006,2.901100324737399,0.0076174195729908295,0.3004511902996499,,False,cluster0000,26.059916548347463,16.620575539975885,100.0,11
44,2019-04-26T19:38:41.000000000,2019-04-26T19:38:41_cand019,34.66995535265441,35.07772299877401,2.8847139569228126,0.00757439388447647,0.3001977978764647,,False,cluster0000,26.059916548347463,16.620575539975885,100.0,12
44,2019-04-26T19:38:41.000000000,2019-04-26T19:38:41_cand021,34.63095535265441,35.08372299877401,2.8494779637727192,0.0074818747317927075,0.2986404736758987,,False,cluster0000,26.059916548347463,16.620575539975885,100.0,13
44,2019-04-26T19:38:41.000000000,2019-04-26T19:38:41_cand020,34.723955352654414,35.263722998774014,2.8617401007025736,0.007514071426632836,0.2985264744143857,,False,cluster0000,26.059916548347463,16.620575539975885,100.0,14
44,2019-04-26T19:38:41.000000000,2019-04-26T19:38:41_cand016,34.441955352654404,35.029722998774005,2.9389952786185223,0.007716920359278798,0.29825472197950315,,False,cluster0000,26.059916548347463,16.620575539975885,100.0,15
44,2019-04-26T19:38:41.000000000,2019-04-26T19:38:41_cand014,34.486955352654405,34.981722998774,2.9474273805600806,0.007739060530655634,0.29028878536659974,,False,cluster0000,26.059916548347463,16.620575539975885,100.0,16
44,2019-04-26T19:38:41.000000000,2019-04-26T19:38:41_cand018,34.58295535265441,35.06272299877401,2.901100324737399,0.0076174195729908295,0.27205660672391674,,False,cluster0000,26.059916548347463,16.620575539975885,100.0,17
44,2019-04-26T19:38:41.000000000,2019-04-26T19:38:41_cand008,34.4239553526544,34.990722998774004,10.987181453020632,0.02884904404669872,0.2702397200640356,,False,cluster0000,26.059916548347463,16.620575539975885,100.0,18
44,2019-04-26T19:38:41.000000000,2019-04-26T19:38:41_cand010,34.4179553526544,34.975722998774,6.009900790513313,0.015780197438547066,0.2638955304510172,,False,cluster0000,26.059916548347463,16.620575539975885,100.0,19
44,2019-04-26T19:38:41.000000000,2019-04-26T19:38:41_cand015,34.501955352654406,34.981722998774,2.9474273805600806,0.007739060530655634,0.261908938532983,,False,cluster0000,26.059916548347463,16.620575539975885,100.0,20
44,2019-04-26T19:38:41.000000000,2019-04-26T19:38:41_cand013,34.69995535265441,35.35372299877402,5.786236304319955,0.015192921562430496,0.242495314005521,,False,cluster0000,26.059916548347463,16.620575539975885,100.0,21
44,2019-04-26T19:38:41.000000000,2019-04-26T19:38:41_cand009,34.64595535265441,35.08972299877401,8.600485010254445,0.02258229482644885,0.2323746100089397,,False,cluster0000,26.059916548347463,16.620575539975885,100.0,22
45,2019-04-26T18:38:41.000000000,2019-04-26T18:38:41_cand000,34.69695535265441,35.287722998774015,602.1659121733213,1.696833594665116,2.6303770736109127,,False,cluster0000,26.059916548347463,16.620575539975885,100.0,1
45,2019-04-26T18:38:41.000000000,2019-04-26T18:38:41_cand001,34.67595535265441,35.16772299877401,379.22289287783394,1.0686060627025116,1.6935987892091626,,False,cluster0000,26.059916548347463,16.620575539975885,100.0,2
45,2019-04-26T18:38:41.000000000,2019-04-26T18:38:41_cand002,34.67895535265441,35.18572299877401,373.5475530613613,1.0526136143306424,1.634750249811285,,False,cluster0000,26.059916548347463,16.620575539975885,100.0,3
45,2019-04-26T18:38:41.000000000,2019-04-26T18:38:41_cand003,34.68495535265441,35.22172299877401,235.85613806798875,0.6646152007132302,1.1596282519989485,,False,cluster0000,26.059916548347463,16.620575539975885,100.0,4
45,2019-04-26T18:38:41.000000000,2019-04-26T18:38:41_cand004,34.498955352654406,35.020722998774005,53.672226972200164,0.15124210119802817,0.5105936563078892,,False,cluster0000,26.059916548347463,16.620575539975885,100.0,5
45,2019-04-26T18:38:41.000000000,2019-04-26T18:38:41_cand005,34.55595535265441,35.035722998774006,47.413456226152434,0.1336056122362547,0.46996133671049223,,False,cluster0000,26.059916548347463,16.620575539975885,100.0,6
45,2019-04-26T18:38:41.000000000,2019-04-26T18:38:41_cand006,34.54095535265441,35.029722998774005,45.91171614716114,0.12937388313141285,0.46995483566187046,,False,cluster0000,26.059916548347463,16.620575539975885,100.0,7
45,2019-04-26T18:38:41.000000000,2019-04-26T18:38:41_cand007,34.459955352654404,35.002722998774004,35.090744582014544,0.09888164219338422,0.399170346017829,,False,cluster0000,26.059916548347463,16.620575539975885,100.0,8
45,2019-04-26T18:38:41.000000000,2019-04-26T18:38:41_cand009,34.4209553526544,35.020722998774005,5.95397166416432,0.016777600553600037,0.31589958778513183,,False,cluster0000,26.059916548347463,16.620575539975885,100.0,9
45,2019-04-26T18:38:41.000000000,2019-04-26T18:38:41_cand010,34.735955352654415,35.34172299877402,5.8760544504322025,0.01655803889593964,0.30975607828406654,,False,cluster0000,26.059916548347463,16.620575539975885,100.0,10
45,2019-04-26T18:38:41.000000000,2019-04-26T18:38:41_cand019,34.58895535265441,35.06872299877401,2.8819094816506636,0.008120886165076138,0.30083234077731186,,False,cluster0000,26.059916548347463,16.620575539975885,100.0,11
45,2019-04-26T18:38:41.000000000,2019-04-26T18:38:41_cand017,34.66695535265441,35.08672299877401,2.899307031849526,0.00816991044068775,0.3003832844279501,,False,cluster0000,26.059916548347463,16.620575539975885,100.0,12
45,2019-04-26T18:38:41.000000000,2019-04-26T18:38:41_cand020,34.63395535265441,35.08972299877401,2.8543124900777483,0.008043121048409861,0.3000360027059323,,False,cluster0000,26.059916548347463,16.620575539975885,100.0,13
45,2019-04-26T18:38:41.000000000,2019-04-26T18:38:41_cand016,34.444955352654404,35.038722998774006,2.9127389814775175,0.008207760114523264,0.2988107464549661,,False,cluster0000,26.059916548347463,16.620575539975885,100.0,14
45,2019-04-26T18:38:41.000000000,2019-04-26T18:38:41_cand014,34.489955352654405,34.984722998774004,2.9344698250981716,0.008268995107654735,0.2904758459907519,,False,cluster0000,26.059916548347463,16.620575539975885,100.0,15
45,2019-04-26T18:38:41.000000000,2019-04-26T18:38:41_cand018,34.57695535265441,35.059722998774006,2.8819094816506636,0.008120886165076138,0.2735869463492674,,False,cluster0000,26.059916548347463,16.620575539975885,100.0,16
45,2019-04-26T18:38:41.000000000,2019-04-26T18:38:41_cand008,34.4179553526544,34.981722998774,6.01338945851142,0.016945032996272154,0.2646913488263385,,False,cluster0000,26.059916548347463,16.620575539975885,100.0,17
45,2019-04-26T18:38:41.000000000,2019-04-26T18:38:41_cand015,34.501955352654406,34.993722998774004,2.9344698250981716,0.008268995107654735,0.26417399716610857,,False,cluster0000,26.059916548347463,16.620575539975885,100.0,18
45,2019-04-26T18:38:41.000000000,2019-04-26T18:38:41_cand011,34.462955352654404,35.035722998774006,5.787631976329204,0.016308874634814563,0.2597675809302001,,False,cluster0000,26.059916548347463,16.620575539975885,100.0,19
45,2019-04-26T18:38:41.000000000,2019-04-26T18:38:41_cand013,34.4119553526544,34.999722998774004,3.00504475579843,0.008467867064589574,0.25333387340914415,,False,cluster0000,26.059916548347463,16.620575539975885,100.0,20
45,2019-04-26T18:38:41.000000000,2019-04-26T18:38:41_cand012,34.70295535265441,35.37172299877402,5.772759854744022,0.016266966723689866,0.24205376178924892,,False,cluster0000,26.059916548347463,16.620575539975885,100.0,21
46,2019-04-26T17:38:41.000000000,2019-04-26T17:38:41_cand000,34.70295535265441,35.305722998774016,546.0162077130457,1.6077812344340916,2.49930762472989,,False,cluster0000,26.059916548347463,16.620575539975885,100.0,1
46,2019-04-26T17:38:41.000000000,2019-04-26T17:38:41_cand001,34.67895535265441,35.18272299877401,371.3955118361705,1.0935989189483042,1.6762962837833983,,False,cluster0000,26.059916548347463,16.620575539975885,100.0,2
46,2019-04-26T17:38:41.000000000,2019-04-26T17:38:41_cand002,34.68495535265441,35.20372299877401,340.77167190815914,1.0034249745359327,1.6375275012789037,,False,cluster0000,26.059916548347463,16.620575539975885,100.0,3
46,2019-04-26T17:38:41.000000000,2019-04-26T17:38:41_cand003,34.69095535265441,35.23672299877401,211.9776210860346,0.6241822797341186,1.112164013023454,,False,cluster0000,26.059916548347463,16.620575539975885,100.0,4
46,2019-04-26T17:38:41.000000000,2019-04-26T17:38:41_cand004,34.498955352654406,35.026722998774005,53.12766248806504,0.15643795471827743,0.5206227430697621,,False,cluster0000,26.059916548347463,16.620575539975885,100.0,5
46,2019-04-26T17:38:41.000000000,2019-04-26T17:38:41_cand005,34.54395535265441,35.035722998774006,51.03419033036424,0.15027358596435483,0.5066540966143177,,False,cluster0000,26.059916548347463,16.620575539975885,100.0,6
46,2019-04-26T17:38:41.000000000,2019-04-26T17:38:41_cand007,34.450955352654404,35.008722998774005,32.32184986778054,0.09517384822196365,0.3962105201496155,,False,cluster0000,26.059916548347463,16.620575539975885,100.0,7
46,2019-04-26T17:38:41.000000000,2019-04-26T17:38:41_cand006,34.52295535265441,35.026722998774005,37.914607351079994,0.11164209660611295,0.37934524790873364,,False,cluster0000,26.059916548347463,16.620575539975885,100.0,8
46,2019-04-26T17:38:41.000000000,2019-04-26T17:38:41_cand009,34.741955352654415,35.36272299877402,5.889302210356266,0.017341444162218396,0.3118136386360469,,False,cluster0000,26.059916548347463,16.620575539975885,100.0,9
46,2019-04-26T17:38:41.000000000,2019-04-26T17:38:41_cand010,34.486955352654405,34.996722998774004,5.765869811474664,0.016977989210076535,0.30602707319092254,,False,cluster0000,26.059916548347463,16.620575539975885,100.0,10
46,2019-04-26T17:38:41.000000000,2019-04-26T17:38:41_cand017,34.59195535265441,35.07472299877401,2.8767631715464694,0.008470821521023885,0.30252201395117445,,False,cluster0000,26.059916548347463,16.620575539975885,100.0,11
46,2019-04-26T17:38:41.000000000,2019-04-26T17:38:41_cand013,34.4149553526544,35.026722998774005,2.9350692174123636,0.00864250757186453,0.29971199016909744,,False,cluster0000,26.059916548347463,16.620575539975885,100.0,12
46,2019-04-26T17:38:41.000000000,2019-04-26T17:38:41_cand014,34.66995535265441,35.09572299877401,2.921046841842158,0.008601217749354698,0.2996959102169062,,False,cluster0000,26.059916548347463,16.620575539975885,100.0,13
46,2019-04-26T17:38:41.000000000,2019-04-26T17:38:41_cand018,34.63395535265441,35.10472299877401,2.866360888385987,0.00844019130268157,0.29954408027820084,,False,cluster0000,26.059916548347463,16.620575539975885,100.0,14
46,2019-04-26T17:38:41.000000000,2019-04-26T17:38:41_cand020,34.65495535265441,35.23972299877401,2.8506477976019475,0.008393923056170443,0.29943795556961067,,False,cluster0000,26.059916548347463,16.620575539975885,100.0,15
46,2019-04-26T17:38:41.000000000,2019-04-26T17:38:41_cand016,34.57995535265441,35.06572299877401,2.8767631715464694,0.008470821521023885,0.27288909017697904,,False,cluster0000,26.059916548347463,16.620575539975885,100.0,16
46,2019-04-26T17:38:41.000000000,2019-04-26T17:38:41_cand008,34.4179553526544,34.990722998774004,6.002591665012649,0.017675032536854207,0.26537271423292014,,False,cluster0000,26.059916548347463,16.620575539975885,100.0,17
46,2019-04-26T17:38:41.000000000,2019-04-26T17:38:41_cand015,34.498955352654406,34.987722998774004,2.917867275432253,0.008591855303450585,0.2634805804206815,,False,cluster0000,26.059916548347463,16.620575539975885,100.0,18
46,2019-04-26T17:38:41.000000000,2019-04-26T17:38:41_cand012,34.4119553526544,35.005722998774004,2.998718184542197,0.008829926211635456,0.254863364996554,,False,cluster0000,26.059916548347463,16.620575539975885,100.0,19
46,2019-04-26T17:38:41.000000000,2019-04-26T17:38:41_cand011,34.4329553526544,34.987722998774004,3.0038734804704523,0.00884510632521875,0.23859544580788186,,False,cluster0000,26.059916548347463,16.620575539975885,100.0,20
46,2019-04-26T17:38:41.000000000,2019-04-26T17:38:41_cand019,34.64595535265441,35.09572299877401,2.866360888385987,0.00844019130268157,0.20788956044920212,,False,cluster0000,26.059916548347463,16.620575539975885,100.0,21
47,2019-04-26T16:38:41.000000000,2019-04-26T16:38:41_cand000,34.708955352654414,35.32672299877402,517.8880011812014,1.6269137005020355,2.460085916950072,,False,cluster0000,26.059916548347463,16.620575539975885,100.0,1
47,2019-04-26T16:38:41.000000000,2019-04-26T16:38:41_cand002,34.68795535265441,35.21272299877401,324.1401374518264,1.0182665543519283,1.6313872651465426,,False,cluster0000,26.059916548347463,16.620575539975885,100.0,2
47,2019-04-26T16:38:41.000000000,2019-04-26T16:38:41_cand001,34.68195535265441,35.19472299877401,333.792718153238,1.048589550352049,1.6015915824319154,,False,cluster0000,26.059916548347463,16.620575539975885,100.0,3
47,2019-04-26T16:38:41.000000000,2019-04-26T16:38:41_cand003,34.69395535265441,35.248722998774014,205.12770380373343,0.6443962225609702,1.1317102705537958,,False,cluster0000,26.059916548347463,16.620575539975885,100.0,4
47,2019-04-26T16:38:41.000000000,2019-04-26T16:38:41_cand004,34.504955352654406,35.029722998774005,58.329379909325596,0.18323820420598425,0.5578197132341902,,False,cluster0000,26.059916548347463,16.620575539975885,100.0,5
47,2019-04-26T16:38:41.000000000,2019-04-26T16:38:41_cand005,34.56495535265441,35.047722998774006,45.75897290368209,0.14374903409251663,0.48975986947293243,,False,cluster0000,26.059916548347463,16.620575539975885,100.0,6
47,2019-04-26T16:38:41.000000000,2019-04-26T16:38:41_cand006,34.54395535265441,35.044722998774006,43.14859610213115,0.13554869391813595,0.48633407980329335,,False,cluster0000,26.059916548347463,16.620575539975885,100.0,7
47,2019-04-26T16:38:41.000000000,2019-04-26T16:38:41_cand008,34.453955352654404,35.014722998774005,32.088414062848315,0.1008038038092416,0.4041193558221322,,False,cluster0000,26.059916548347463,16.620575539975885,100.0,8
47,2019-04-26T16:38:41.000000000,2019-04-26T16:38:41_cand007,34.52595535265441,35.032722998774005,34.81549254400386,0.10937075522193497,0.3772633329748655,,False,cluster0000,26.059916548347463,16.620575539975885,100.0,9
47,2019-04-26T16:38:41.000000000,2019-04-26T16:38:41_cand009,34.474955352654405,35.023722998774005,30.494296861483882,0.0957959814438064,0.37067652545484037,,False,cluster0000,26.059916548347463,16.620575539975885,100.0,10
47,2019-04-26T16:38:41.000000000,2019-04-26T16:38:41_cand010,34.4329553526544,35.008722998774005,10.844543422953326,0.03406747449303992,0.34068622991572217,,False,cluster0000,26.059916548347463,16.620575539975885,100.0,11
47,2019-04-26T16:38:41.000000000,2019-04-26T16:38:41_cand012,34.65495535265441,35.11672299877401,5.8394829226569716,0.018344380926088047,0.3181010088082556,,False,cluster0000,26.059916548347463,16.620575539975885,100.0,12
47,2019-04-26T16:38:41.000000000,2019-04-26T16:38:41_cand014,34.66095535265441,35.275722998774015,5.702400915040404,0.017913746125175396,0.31336395628510333,,False,cluster0000,26.059916548347463,16.620575539975885,100.0,13
47,2019-04-26T16:38:41.000000000,2019-04-26T16:38:41_cand013,34.489955352654405,35.002722998774004,5.729817231811496,0.01799987281911397,0.3072700395426162,,False,cluster0000,26.059916548347463,16.620575539975885,100.0,14
47,2019-04-26T16:38:41.000000000,2019-04-26T16:38:41_cand018,34.4209553526544,35.035722998774006,2.9114359183574776,0.009146099104258298,0.30228185891493575,,False,cluster0000,26.059916548347463,16.620575539975885,100.0,15
47,2019-04-26T16:38:41.000000000,2019-04-26T16:38:41_cand017,34.67595535265441,35.10472299877401,2.948914743260022,0.009263836556320508,0.30112511787773677,,False,cluster0000,26.059916548347463,16.620575539975885,100.0,16
47,2019-04-26T16:38:41.000000000,2019-04-26T16:38:41_cand020,34.58595535265441,35.07472299877401,2.884549847857251,0.009061638146773828,0.3007498795884231,,False,cluster0000,26.059916548347463,16.620575539975885,100.0,17
47,2019-04-26T16:38:41.000000000,2019-04-26T16:38:41_cand024,34.516955352654406,35.056722998774006,2.819361652510441,0.008856853390458106,0.3001464833984562,,False,cluster0000,26.059916548347463,16.620575539975885,100.0,18
47,2019-04-26T16:38:41.000000000,2019-04-26T16:38:41_cand022,34.63695535265441,35.11372299877401,2.8842352563527007,0.009060649876669777,0.30009050537554804,,False,cluster0000,26.059916548347463,16.620575539975885,100.0,19
47,2019-04-26T16:38:41.000000000,2019-04-26T16:38:41_cand021,34.59795535265441,35.08372299877401,2.884549847857251,0.009061638146773828,0.2815864204096055,,False,cluster0000,26.059916548347463,16.620575539975885,100.0,20
47,2019-04-26T16:38:41.000000000,2019-04-26T16:38:41_cand019,34.501955352654406,34.993722998774004,2.9008398336931522,0.00911281214786473,0.2642640312643424,,False,cluster0000,26.059916548347463,16.620575539975885,100.0,21
47,2019-04-26T16:38:41.000000000,2019-04-26T16:38:41_cand011,34.747955352654415,35.38372299877402,5.895540450092556,0.018520482243734353,0.2628110243841979,,False,cluster0000,26.059916548347463,16.620575539975885,100.0,22
47,2019-04-26T16:38:41.000000000,2019-04-26T16:38:41_cand016,34.4149553526544,34.999722998774004,2.984491032351135,0.009375597307686327,0.25551737826059384,,False,cluster0000,26.059916548347463,16.620575539975885,100.0,23
47,2019-04-26T16:38:41.000000000,2019-04-26T16:38:41_cand015,34.4329553526544,34.990722998774004,2.9919506850576383,0.009399031353583349,0.2379092170358211,,False,cluster0000,26.059916548347463,16.620575539975885,100.0,24
47,2019-04-26T16:38:41.000000000,2019-04-26T16:38:41_cand023,34.69995535265441,35.38372299877402,2.848847060707202,0.008949480009439036,0.23264067947173445,,False,cluster0000,26.059916548347463,16.620575539975885,100.0,25
48,2019-04-26T15:38:41.000000000,2019-04-26T15:38:41_cand000,34.714955352654414,35.34172299877402,477.6378060342697,1.5533846686177057,2.384657025147142,,False,cluster0000,26.059916548347463,16.620575539975885,100.0,1
48,2019-04-26T15:38:41.000000000,2019-04-26T15:38:41_cand001,34.68495535265441,35.20972299877401,315.90681857829543,1.0273994279592484,1.6399448055823296,,False,cluster0000,26.059916548347463,16.620575539975885,100.0,2
48,2019-04-26T15:38:41.000000000,2019-04-26T15:38:41_cand002,34.69395535265441,35.23372299877401,302.2603100580799,0.9830179387897273,1.5678492283399892,,False,cluster0000,26.059916548347463,16.620575539975885,100.0,3
48,2019-04-26T15:38:41.000000000,2019-04-26T15:38:41_cand003,34.69995535265441,35.263722998774014,198.50554601223112,0.6455843065924777,1.1571236040619757,,False,cluster0000,26.059916548347463,16.620575539975885,100.0,4
48,2019-04-26T15:38:41.000000000,2019-04-26T15:38:41_cand004,34.507955352654406,35.032722998774005,53.319910239194705,0.17340823957242327,0.5485000732196025,,False,cluster0000,26.059916548347463,16.620575539975885,100.0,5
48,2019-04-26T15:38:41.000000000,2019-04-26T15:38:41_cand005,34.56795535265441,35.053722998774006,43.93915441339836,0.14289992951877406,0.4904963175356817,,False,cluster0000,26.059916548347463,16.620575539975885,100.0,6
48,2019-04-26T15:38:41.000000000,2019-04-26T15:38:41_cand006,34.54695535265441,35.041722998774006,40.189156285379546,0.1307040992770792,0.4834400246590977,,False,cluster0000,26.059916548347463,16.620575539975885,100.0,7
48,2019-04-26T15:38:41.000000000,2019-04-26T15:38:41_cand008,34.459955352654404,35.020722998774005,32.56214917881086,0.10589937118164024,0.41947238993849195,,False,cluster0000,26.059916548347463,16.620575539975885,100.0,8
48,2019-04-26T15:38:41.000000000,2019-04-26T15:38:41_cand007,34.480955352654405,35.026722998774005,33.83829822911347,0.11004969250161734,0.3984435491550967,,False,cluster0000,26.059916548347463,16.620575539975885,100.0,9
48,2019-04-26T15:38:41.000000000,2019-04-26T15:38:41_cand009,34.4329553526544,35.011722998774005,13.728182134153876,0.04464710997700229,0.35479144070785373,,False,cluster0000,26.059916548347463,16.620575539975885,100.0,10
48,2019-04-26T15:38:41.000000000,2019-04-26T15:38:41_cand011,34.65795535265441,35.12872299877401,5.890714906472206,0.019157918630618553,0.31827739473592576,,False,cluster0000,26.059916548347463,16.620575539975885,100.0,11
48,2019-04-26T15:38:41.000000000,2019-04-26T15:38:41_cand010,34.756955352654415,35.40172299877402,5.894780072933227,0.01917113945856842,0.3160297749340445,,False,cluster0000,26.059916548347463,16.620575539975885,100.0,12
48,2019-04-26T15:38:41.000000000,2019-04-26T15:38:41_cand018,34.59795535265441,35.09572299877401,2.9052624900657182,0.00944856155304923,0.3015115046767449,,False,cluster0000,26.059916548347463,16.620575539975885,100.0,13
48,2019-04-26T15:38:41.000000000,2019-04-26T15:38:41_cand016,34.64295535265441,35.11672299877401,2.907042109167784,0.009454349271262074,0.30133816316101625,,False,cluster0000,26.059916548347463,16.620575539975885,100.0,14
48,2019-04-26T15:38:41.000000000,2019-04-26T15:38:41_cand020,34.4239553526544,35.038722998774006,2.887543659716298,0.009390935965076714,0.30132110653339467,,False,cluster0000,26.059916548347463,16.620575539975885,100.0,15
48,2019-04-26T15:38:41.000000000,2019-04-26T15:38:41_cand013,34.67595535265441,35.11672299877401,2.9787354986423766,0.009687512162984847,0.30106266543488097,,False,cluster0000,26.059916548347463,16.620575539975885,100.0,16
48,2019-04-26T15:38:41.000000000,2019-04-26T15:38:41_cand014,34.69095535265441,35.11972299877401,2.9787354986423766,0.009687512162984847,0.301033728205692,,False,cluster0000,26.059916548347463,16.620575539975885,100.0,17
48,2019-04-26T15:38:41.000000000,2019-04-26T15:38:41_cand022,34.52295535265441,35.059722998774006,2.8032057173406417,0.009116650167315327,0.3009155393813008,,False,cluster0000,26.059916548347463,16.620575539975885,100.0,18
48,2019-04-26T15:38:41.000000000,2019-04-26T15:38:41_cand012,34.759955352654416,35.35972299877402,3.0050007783063757,0.009772932710168427,0.3008937517403521,,False,cluster0000,26.059916548347463,16.620575539975885,100.0,19
48,2019-04-26T15:38:41.000000000,2019-04-26T15:38:41_cand019,34.60695535265441,35.08072299877401,2.9052624900657182,0.00944856155304923,0.3008658066249859,,False,cluster0000,26.059916548347463,16.620575539975885,100.0,20
48,2019-04-26T15:38:41.000000000,2019-04-26T15:38:41_cand021,34.492955352654405,34.996722998774004,2.884942572571857,0.009382476649585211,0.2918675738889978,,False,cluster0000,26.059916548347463,16.620575539975885,100.0,21
48,2019-04-26T15:38:41.000000000,2019-04-26T15:38:41_cand017,34.59195535265441,35.08072299877401,2.9052624900657182,0.00944856155304923,0.28025464020487983,,False,cluster0000,26.059916548347463,16.620575539975885,100.0,22
48,2019-04-26T15:38:41.000000000,2019-04-26T15:38:41_cand015,34.4179553526544,35.002722998774004,2.9658217687108883,0.009645513833211085,0.25518686403641105,,False,cluster0000,26.059916548347463,16.620575539975885,100.0,23
49,2019-04-26T14:38:41.000000000,2019-04-26T14:38:41_cand000,34.723955352654414,35.35972299877402,452.4972617334331,1.526842542719127,2.4040910737402754,,False,cluster0000,26.059916548347463,16.620575539975885,100.0,1
49,2019-04-26T14:38:41.000000000,2019-04-26T14:38:41_cand001,34.735955352654415,35.38072299877402,361.8165088745397,1.220862279456624,1.9104420683617114,,False,cluster0000,26.059916548347463,16.620575539975885,100.0,2
49,2019-04-26T14:38:41.000000000,2019-04-26T14:38:41_cand002,34.69995535265441,35.24572299877401,295.85781397000295,0.9983006200629688,1.6145113356901744,,False,cluster0000,26.059916548347463,16.620575539975885,100.0,3
49,2019-04-26T14:38:41.000000000,2019-04-26T14:38:41_cand003,34.69095535265441,35.22172299877401,284.26785501042787,0.9591931073676263,1.5226903887454193,,False,cluster0000,26.059916548347463,16.620575539975885,100.0,4
49,2019-04-26T14:38:41.000000000,2019-04-26T14:38:41_cand004,34.70295535265441,35.278722998774015,181.97644891288851,0.6140355035713643,1.1187861553647704,,False,cluster0000,26.059916548347463,16.620575539975885,100.0,5
49,2019-04-26T14:38:41.000000000,2019-04-26T14:38:41_cand005,34.513955352654406,35.038722998774006,53.013171852258736,0.17888012360214525,0.5616953304958627,,False,cluster0000,26.059916548347463,16.620575539975885,100.0,6
49,2019-04-26T14:38:41.000000000,2019-04-26T14:38:41_cand006,34.57095535265441,35.056722998774006,42.274211961733755,0.14264410139375627,0.49051517896577335,,False,cluster0000,26.059916548347463,16.620575539975885,100.0,7
49,2019-04-26T14:38:41.000000000,2019-04-26T14:38:41_cand007,34.498955352654406,35.029722998774005,38.51100162450001,0.12994605849714808,0.48337556720354435,,False,cluster0000,26.059916548347463,16.620575539975885,100.0,8
49,2019-04-26T14:38:41.000000000,2019-04-26T14:38:41_cand008,34.54395535265441,35.038722998774006,36.61078968755477,0.12353425301042255,0.47231593548651146,,False,cluster0000,26.059916548347463,16.620575539975885,100.0,9
49,2019-04-26T14:38:41.000000000,2019-04-26T14:38:41_cand010,34.462955352654404,35.023722998774005,31.347997061206406,0.10577623245437572,0.4258825259292332,,False,cluster0000,26.059916548347463,16.620575539975885,100.0,10
49,2019-04-26T14:38:41.000000000,2019-04-26T14:38:41_cand009,34.483955352654405,35.026722998774005,33.74130471888713,0.11385187016224563,0.40703821000528334,,False,cluster0000,26.059916548347463,16.620575539975885,100.0,11
49,2019-04-26T14:38:41.000000000,2019-04-26T14:38:41_cand011,34.4359553526544,35.014722998774005,13.63482420845902,0.046007415789039476,0.358605426909978,,False,cluster0000,26.059916548347463,16.620575539975885,100.0,12
49,2019-04-26T14:38:41.000000000,2019-04-26T14:38:41_cand014,34.768955352654416,35.41672299877402,5.893284629992495,0.019885463295302983,0.31642053948643584,,False,cluster0000,26.059916548347463,16.620575539975885,100.0,13
49,2019-04-26T14:38:41.000000000,2019-04-26T14:38:41_cand012,34.66095535265441,35.13772299877401,5.954731500708585,0.02009280089546189,0.3159250285475438,,False,cluster0000,26.059916548347463,16.620575539975885,100.0,14
49,2019-04-26T14:38:41.000000000,2019-04-26T14:38:41_cand013,34.65495535265441,35.16172299877401,5.928749528348066,0.020005131015224775,0.3156428878131562,,False,cluster0000,26.059916548347463,16.620575539975885,100.0,15
49,2019-04-26T14:38:41.000000000,2019-04-26T14:38:41_cand020,34.60695535265441,35.09872299877401,2.9349739534998904,0.009903359584562722,0.3044971827041372,,False,cluster0000,26.059916548347463,16.620575539975885,100.0,16
49,2019-04-26T14:38:41.000000000,2019-04-26T14:38:41_cand017,34.68795535265441,35.12272299877401,3.00720368270808,0.010147081332141195,0.30335724241872325,,False,cluster0000,26.059916548347463,16.620575539975885,100.0,17
49,2019-04-26T14:38:41.000000000,2019-04-26T14:38:41_cand016,34.768955352654416,35.37172299877402,3.0158878050231825,0.010176383802052463,0.30284225061122744,,False,cluster0000,26.059916548347463,16.620575539975885,100.0,18
49,2019-04-26T14:38:41.000000000,2019-04-26T14:38:41_cand019,34.59495535265441,35.08972299877401,2.9349739534998904,0.009903359584562722,0.3025778956678839,,False,cluster0000,26.059916548347463,16.620575539975885,100.0,19
49,2019-04-26T14:38:41.000000000,2019-04-26T14:38:41_cand025,34.4269553526544,35.038722998774006,2.868446177228322,0.009678877697766751,0.3024197338381833,,False,cluster0000,26.059916548347463,16.620575539975885,100.0,20
49,2019-04-26T14:38:41.000000000,2019-04-26T14:38:41_cand021,34.64595535265441,35.13172299877401,2.933973159932008,0.009899982648777369,0.30214567046941176,,False,cluster0000,26.059916548347463,16.620575539975885,100.0,21
49,2019-04-26T14:38:41.000000000,2019-04-26T14:38:41_cand022,34.66995535265441,35.12272299877401,2.926073438422998,0.009873326949625987,0.30187829059833704,,False,cluster0000,26.059916548347463,16.620575539975885,100.0,22
49,2019-04-26T14:38:41.000000000,2019-04-26T14:38:41_cand023,34.492955352654405,34.999722998774004,2.873087459292239,0.009694538581284148,0.2930953299553622,,False,cluster0000,26.059916548347463,16.620575539975885,100.0,23
49,2019-04-26T14:38:41.000000000,2019-04-26T14:38:41_cand024,34.507955352654406,34.999722998774004,2.873087459292239,0.009694538581284148,0.26514004215373227,,False,cluster0000,26.059916548347463,16.620575539975885,100.0,24
49,2019-04-26T14:38:41.000000000,2019-04-26T14:38:41_cand018,34.441955352654404,34.996722998774004,2.9552510307747486,0.009971779676447157,0.2391528604617036,,False,cluster0000,26.059916548347463,16.620575539975885,100.0,25
49,2019-04-26T14:38:41.000000000,2019-04-26T14:38:41_cand015,34.474955352654405,35.050722998774006,5.597278781075154,0.018886663167122463,0.22957919672620078,,False,cluster0000,26.059916548347463,16.620575539975885,100.0,26
50,2019-04-26T13:38:41.000000000,2019-04-26T13:38:41_cand000,34.729955352654414,35.37472299877402,417.6015319600455,1.4913478402606872,2.283296806536162,,False,cluster0000,26.059916548347463,16.620575539975885,100.0,1
50,2019-04-26T13:38:41.000000000,2019-04-26T13:38:41_cand001,34.69395535265441,35.23072299877401,279.7304681609021,0.9989796435583622,1.5549643115881595,,False,cluster0000,26.059916548347463,16.620575539975885,100.0,2
50,2019-04-26T13:38:41.000000000,2019-04-26T13:38:41_cand002,34.70295535265441,35.257722998774014,264.29316445627046,0.9438496026523978,1.5085076990551318,,False,cluster0000,26.059916548347463,16.620575539975885,100.0,3
50,2019-04-26T13:38:41.000000000,2019-04-26T13:38:41_cand003,34.726955352654414,35.32672299877402,231.19237394029867,0.8256393264227623,1.3691216204140213,,False,cluster0000,26.059916548347463,16.620575539975885,100.0,4
50,2019-04-26T13:38:41.000000000,2019-04-26T13:38:41_cand004,34.711955352654414,35.290722998774015,165.9034015033869,0.5924779019911495,1.0782644030119153,,False,cluster0000,26.059916548347463,16.620575539975885,100.0,5
50,2019-04-26T13:38:41.000000000,2019-04-26T13:38:41_cand005,34.69095535265441,35.18572299877401,109.58468266807418,0.3913512459008925,0.7878555848604235,,False,cluster0000,26.059916548347463,16.620575539975885,100.0,6
50,2019-04-26T13:38:41.000000000,2019-04-26T13:38:41_cand006,34.51995535265441,35.041722998774006,51.28702089686308,0.1831573449669707,0.5649097070670501,,False,cluster0000,26.059916548347463,16.620575539975885,100.0,7
50,2019-04-26T13:38:41.000000000,2019-04-26T13:38:41_cand007,34.54995535265441,35.038722998774006,39.56527479381054,0.14129638566248215,0.495749105147436,,False,cluster0000,26.059916548347463,16.620575539975885,100.0,8
50,2019-04-26T13:38:41.000000000,2019-04-26T13:38:41_cand009,34.501955352654406,35.029722998774005,38.48808248966439,0.13744949264752193,0.4942794160639755,,False,cluster0000,26.059916548347463,16.620575539975885,100.0,9
50,2019-04-26T13:38:41.000000000,2019-04-26T13:38:41_cand008,34.57695535265441,35.059722998774006,38.821433984914925,0.13863996489065802,0.4797964637045055,,False,cluster0000,26.059916548347463,16.620575539975885,100.0,10
50,2019-04-26T13:38:41.000000000,2019-04-26T13:38:41_cand010,34.465955352654404,35.020722998774005,30.50402505686398,0.10893664990712844,0.4246178300737788,,False,cluster0000,26.059916548347463,16.620575539975885,100.0,11
50,2019-04-26T13:38:41.000000000,2019-04-26T13:38:41_cand011,34.55895535265441,35.059722998774006,30.10993092623351,0.10752925221915396,0.40702965404704233,,False,cluster0000,26.059916548347463,16.620575539975885,100.0,12
50,2019-04-26T13:38:41.000000000,2019-04-26T13:38:41_cand012,34.4389553526544,35.014722998774005,13.561663605079751,0.048431713439482105,0.361577303323197,,False,cluster0000,26.059916548347463,16.620575539975885,100.0,13
50,2019-04-26T13:38:41.000000000,2019-04-26T13:38:41_cand013,34.66995535265441,35.14072299877401,6.00392229449489,0.02144134027708649,0.32197829561082303,,False,cluster0000,26.059916548347463,16.620575539975885,100.0,14
50,2019-04-26T13:38:41.000000000,2019-04-26T13:38:41_cand015,34.777955352654416,35.43172299877402,5.898542069129429,0.02106500408222789,0.31845746320903107,,False,cluster0000,26.059916548347463,16.620575539975885,100.0,15
50,2019-04-26T13:38:41.000000000,2019-04-26T13:38:41_cand014,34.66095535265441,35.17072299877401,5.990020000675486,0.0213916920974811,0.3174139971538313,,False,cluster0000,26.059916548347463,16.620575539975885,100.0,16
50,2019-04-26T13:38:41.000000000,2019-04-26T13:38:41_cand028,34.4299553526544,35.038722998774006,2.8563623184655555,0.0102007043763747,0.30435696444907206,,False,cluster0000,26.059916548347463,16.620575539975885,100.0,17
50,2019-04-26T13:38:41.000000000,2019-04-26T13:38:41_cand017,34.69995535265441,35.14072299877401,3.0329698807868843,0.010831409214561974,0.30416679335599067,,False,cluster0000,26.059916548347463,16.620575539975885,100.0,18
50,2019-04-26T13:38:41.000000000,2019-04-26T13:38:41_cand021,34.61295535265441,35.09572299877401,2.968179785673292,0.010600029391876877,0.3036049230227931,,False,cluster0000,26.059916548347463,16.620575539975885,100.0,19
50,2019-04-26T13:38:41.000000000,2019-04-26T13:38:41_cand016,34.68795535265441,35.13172299877401,3.0329698807868843,0.010831409214561974,0.3026823777637996,,False,cluster0000,26.059916548347463,16.620575539975885,100.0,20
50,2019-04-26T13:38:41.000000000,2019-04-26T13:38:41_cand023,34.65495535265441,35.15272299877401,2.9633213169604318,0.010582678720800815,0.30263658107946206,,False,cluster0000,26.059916548347463,16.620575539975885,100.0,21
50,2019-04-26T13:38:41.000000000,2019-04-26T13:38:41_cand018,34.780955352654416,35.38072299877402,3.022639600590225,0.010794517489121538,0.30262550373743824,,False,cluster0000,26.059916548347463,16.620575539975885,100.0,22
50,2019-04-26T13:38:41.000000000,2019-04-26T13:38:41_cand019,34.59795535265441,35.09572299877401,2.968179785673292,0.010600029391876877,0.3025874509367435,,False,cluster0000,26.059916548347463,16.620575539975885,100.0,23
50,2019-04-26T13:38:41.000000000,2019-04-26T13:38:41_cand022,34.64895535265441,35.13772299877401,2.9633213169604318,0.010582678720800815,0.3023563795226615,,False,cluster0000,26.059916548347463,16.620575539975885,100.0,24
50,2019-04-26T13:38:41.000000000,2019-04-26T13:38:41_cand020,34.60695535265441,35.11072299877401,2.968179785673292,0.010600029391876877,0.30230719718757637,,False,cluster0000,26.059916548347463,16.620575539975885,100.0,25
50,2019-04-26T13:38:41.000000000,2019-04-26T13:38:41_cand026,34.495955352654406,34.996722998774004,2.8665505906432425,0.010237088959632492,0.2933519702292349,,False,cluster0000,26.059916548347463,16.620575539975885,100.0,26
50,2019-04-26T13:38:41.000000000,2019-04-26T13:38:41_cand025,34.57995535265441,35.08972299877401,2.8817630532276857,0.010291416042950103,0.2815333214618379,,False,cluster0000,26.059916548347463,16.620575539975885,100.0,27
50,2019-04-26T13:38:41.000000000,2019-04-26T13:38:41_cand027,34.507955352654406,35.005722998774004,2.8665505906432425,0.010237088959632492,0.27023653280321536,,False,cluster0000,26.059916548347463,16.620575539975885,100.0,28
50,2019-04-26T13:38:41.000000000,2019-04-26T13:38:41_cand024,34.444955352654404,34.996722998774004,2.938747505388151,0.010494920180636264,0.2399023268436485,,False,cluster0000,26.059916548347463,16.620575539975885,100.0,29
51,2019-04-26T12:38:41.000000000,2019-04-26T12:38:41_cand000,34.732955352654415,35.38972299877402,388.6100187968648,1.429766133687157,2.21144251837854,,False,cluster0000,26.059916548347463,16.620575539975885,100.0,1
51,2019-04-26T12:38:41.000000000,2019-04-26T12:38:41_cand001,34.750955352654415,35.39872299877402,376.0671686315095,1.3836187326452103,2.206563851043938,,False,cluster0000,26.059916548347463,16.620575539975885,100.0,2
51,2019-04-26T12:38:41.000000000,2019-04-26T12:38:41_cand002,34.70295535265441,35.23972299877401,268.8361021183909,0.9890963581210647,1.552257985417792,,False,cluster0000,26.059916548347463,16.620575539975885,100.0,3
51,2019-04-26T12:38:41.000000000,2019-04-26T12:38:41_cand003,34.711955352654414,35.269722998774014,249.1795908407007,0.9167765187656831,1.4858877257205898,,False,cluster0000,26.059916548347463,16.620575539975885,100.0,4
51,2019-04-26T12:38:41.000000000,2019-04-26T12:38:41_cand004,34.738955352654415,35.33572299877402,217.7308993842267,0.8010711282241515,1.3337587782266482,,False,cluster0000,26.059916548347463,16.620575539975885,100.0,5
51,2019-04-26T12:38:41.000000000,2019-04-26T12:38:41_cand005,34.714955352654414,35.248722998774014,198.55084830610397,0.7305042716135289,1.1985684985565805,,False,cluster0000,26.059916548347463,16.620575539975885,100.0,6
51,2019-04-26T12:38:41.000000000,2019-04-26T12:38:41_cand006,34.717955352654414,35.302722998774016,159.52007162442266,0.5869030262216935,1.0764840032177572,,False,cluster0000,26.059916548347463,16.620575539975885,100.0,7
51,2019-04-26T12:38:41.000000000,2019-04-26T12:38:41_cand007,34.69695535265441,35.20372299877401,120.53045394718811,0.4434532122078665,0.7948902516633868,,False,cluster0000,26.059916548347463,16.620575539975885,100.0,8
51,2019-04-26T12:38:41.000000000,2019-04-26T12:38:41_cand008,34.69395535265441,35.17972299877401,63.87664038282455,0.23501364539141106,0.5874403913212274,,False,cluster0000,26.059916548347463,16.620575539975885,100.0,9
51,2019-04-26T12:38:41.000000000,2019-04-26T12:38:41_cand009,34.52595535265441,35.041722998774006,50.6051515721602,0.1861854517595463,0.5764751985065002,,False,cluster0000,26.059916548347463,16.620575539975885,100.0,10
51,2019-04-26T12:38:41.000000000,2019-04-26T12:38:41_cand010,34.504955352654406,35.029722998774005,38.60049750013427,0.1420181709160119,0.5031886034668468,,False,cluster0000,26.059916548347463,16.620575539975885,100.0,11
51,2019-04-26T12:38:41.000000000,2019-04-26T12:38:41_cand012,34.55295535265441,35.041722998774006,34.100843793706076,0.12546313586393357,0.47691233914885345,,False,cluster0000,26.059916548347463,16.620575539975885,100.0,12
51,2019-04-26T12:38:41.000000000,2019-04-26T12:38:41_cand011,34.57995535265441,35.06572299877401,36.34237010125603,0.13371011418998385,0.47108705756368646,,False,cluster0000,26.059916548347463,16.620575539975885,100.0,13
51,2019-04-26T12:38:41.000000000,2019-04-26T12:38:41_cand013,34.474955352654405,35.026722998774005,31.170947712000284,0.11468352136553495,0.43245372322916753,,False,cluster0000,26.059916548347463,16.620575539975885,100.0,14
51,2019-04-26T12:38:41.000000000,2019-04-26T12:38:41_cand014,34.4389553526544,35.023722998774005,13.442468231912589,0.04945725766581588,0.36440698049659753,,False,cluster0000,26.059916548347463,16.620575539975885,100.0,15
51,2019-04-26T12:38:41.000000000,2019-04-26T12:38:41_cand015,34.68495535265441,35.15272299877401,9.08613755456342,0.033429533808104255,0.33934973652687145,,False,cluster0000,26.059916548347463,16.620575539975885,100.0,16
51,2019-04-26T12:38:41.000000000,2019-04-26T12:38:41_cand017,34.78995535265442,35.44372299877402,5.919673654461872,0.021779543769441172,0.31903926268013516,,False,cluster0000,26.059916548347463,16.620575539975885,100.0,17
51,2019-04-26T12:38:41.000000000,2019-04-26T12:38:41_cand016,34.66695535265441,35.17972299877401,6.0496977247733685,0.022257925703265458,0.3189564079623375,,False,cluster0000,26.059916548347463,16.620575539975885,100.0,18
51,2019-04-26T12:38:41.000000000,2019-04-26T12:38:41_cand030,34.4329553526544,35.038722998774006,2.8523348134448803,0.010494252646461276,0.3057679676403898,,False,cluster0000,26.059916548347463,16.620575539975885,100.0,19
51,2019-04-26T12:38:41.000000000,2019-04-26T12:38:41_cand020,34.705955352654414,35.14672299877401,3.0531933055253893,0.011233247154449753,0.3045146285602092,,False,cluster0000,26.059916548347463,16.620575539975885,100.0,20
51,2019-04-26T12:38:41.000000000,2019-04-26T12:38:41_cand027,34.58895535265441,35.09272299877401,2.9080433494769453,0.01069921436726954,0.30438831548856354,,False,cluster0000,26.059916548347463,16.620575539975885,100.0,21
51,2019-04-26T12:38:41.000000000,2019-04-26T12:38:41_cand023,34.61595535265441,35.09872299877401,3.0024647345997124,0.01104660762069704,0.30429160561049845,,False,cluster0000,26.059916548347463,16.620575539975885,100.0,22
51,2019-04-26T12:38:41.000000000,2019-04-26T12:38:41_cand025,34.65195535265441,35.14972299877401,2.99307391788255,0.011012057117466499,0.30402241147562165,,False,cluster0000,26.059916548347463,16.620575539975885,100.0,23
51,2019-04-26T12:38:41.000000000,2019-04-26T12:38:41_cand021,34.79595535265442,35.39272299877402,3.0291290071265173,0.011144710273727607,0.30387379599711006,,False,cluster0000,26.059916548347463,16.620575539975885,100.0,24
51,2019-04-26T12:38:41.000000000,2019-04-26T12:38:41_cand019,34.69395535265441,35.13772299877401,3.0531933055253893,0.011233247154449753,0.3032839909739629,,False,cluster0000,26.059916548347463,16.620575539975885,100.0,25
51,2019-04-26T12:38:41.000000000,2019-04-26T12:38:41_cand022,34.60395535265441,35.10772299877401,3.0024647345997124,0.01104660762069704,0.30325994038182963,,False,cluster0000,26.059916548347463,16.620575539975885,100.0,26
51,2019-04-26T12:38:41.000000000,2019-04-26T12:38:41_cand031,34.462955352654404,35.059722998774006,2.8146217261104276,0.010355499417106754,0.3031642046462033,,False,cluster0000,26.059916548347463,16.620575539975885,100.0,27
51,2019-04-26T12:38:41.000000000,2019-04-26T12:38:41_cand028,34.498955352654406,34.999722998774004,2.865535949637567,0.010542822000161758,0.2942872981536453,,False,cluster0000,26.059916548347463,16.620575539975885,100.0,28
51,2019-04-26T12:38:41.000000000,2019-04-26T12:38:41_cand029,34.513955352654406,34.999722998774004,2.865535949637567,0.010542822000161758,0.26719323280059554,,False,cluster0000,26.059916548347463,16.620575539975885,100.0,29
51,2019-04-26T12:38:41.000000000,2019-04-26T12:38:41_cand024,34.61595535265441,35.11672299877401,3.0024647345997124,0.01104660762069704,0.2644775779537478,,False,cluster0000,26.059916548347463,16.620575539975885,100.0,30
51,2019-04-26T12:38:41.000000000,2019-04-26T12:38:41_cand026,34.4359553526544,34.996722998774004,2.9263513865550843,0.010766572927580603,0.24110571006532455,,False,cluster0000,26.059916548347463,16.620575539975885,100.0,31
51,2019-04-26T12:38:41.000000000,2019-04-26T12:38:41_cand018,34.486955352654405,35.056722998774006,5.61567773071193,0.020661088105579845,0.23006950592345193,,False,cluster0000,26.059916548347463,16.620575539975885,100.0,32
52,2019-04-26T11:38:41.000000000,2019-04-26T11:38:41_cand000,34.744955352654415,35.40172299877402,387.935504488728,1.5104547518520866,2.3521951457284063,,False,cluster0000,26.059916548347463,16.620575539975885,100.0,1
52,2019-04-26T11:38:41.000000000,2019-04-26T11:38:41_cand001,34.765955352654416,35.41072299877402,378.54200823233407,1.4738804994498107,2.305100549519855,,False,cluster0000,26.059916548347463,16.620575539975885,100.0,2
52,2019-04-26T11:38:41.000000000,2019-04-26T11:38:41_cand002,34.717955352654414,35.278722998774015,250.03749900019886,0.9735389623690281,1.5431608373548782,,False,cluster0000,26.059916548347463,16.620575539975885,100.0,3
52,2019-04-26T11:38:41.000000000,2019-04-26T11:38:41_cand003,34.705955352654414,35.248722998774014,242.65179220246569,0.9447821824421049,1.4853131662345058,,False,cluster0000,26.059916548347463,16.620575539975885,100.0,4
52,2019-04-26T11:38:41.000000000,2019-04-26T11:38:41_cand004,34.750955352654415,35.34772299877402,200.6900552031155,0.7814011453540761,1.3075269452580391,,False,cluster0000,26.059916548347463,16.620575539975885,100.0,5
52,2019-04-26T11:38:41.000000000,2019-04-26T11:38:41_cand005,34.726955352654414,35.308722998774016,141.47282863144963,0.5508346201669665,1.0151135984274569,,False,cluster0000,26.059916548347463,16.620575539975885,100.0,6
52,2019-04-26T11:38:41.000000000,2019-04-26T11:38:41_cand006,34.735955352654415,35.32672299877402,137.94523652679325,0.5370996869231109,0.9668939032827168,,False,cluster0000,26.059916548347463,16.620575539975885,100.0,7
52,2019-04-26T11:38:41.000000000,2019-04-26T11:38:41_cand008,34.52895535265441,35.041722998774006,50.06584079552959,0.19493494733033653,0.5899864002604601,,False,cluster0000,26.059916548347463,16.620575539975885,100.0,8
52,2019-04-26T11:38:41.000000000,2019-04-26T11:38:41_cand007,34.69995535265441,35.18572299877401,61.23249016810952,0.23841309875478178,0.5897236640654535,,False,cluster0000,26.059916548347463,16.620575539975885,100.0,9
52,2019-04-26T11:38:41.000000000,2019-04-26T11:38:41_cand009,34.507955352654406,35.032722998774005,37.814047631639056,0.1472317106093339,0.5123717676385108,,False,cluster0000,26.059916548347463,16.620575539975885,100.0,10
52,2019-04-26T11:38:41.000000000,2019-04-26T11:38:41_cand012,34.56195535265441,35.041722998774006,30.53078767254307,0.1188738148073264,0.4623038193493816,,False,cluster0000,26.059916548347463,16.620575539975885,100.0,11
52,2019-04-26T11:38:41.000000000,2019-04-26T11:38:41_cand010,34.58595535265441,35.07472299877401,33.769566512166925,0.13148423285853106,0.4614901514411153,,False,cluster0000,26.059916548347463,16.620575539975885,100.0,12
52,2019-04-26T11:38:41.000000000,2019-04-26T11:38:41_cand011,34.57995535265441,35.056722998774006,31.726507935466238,0.12352943753873484,0.4568576492420128,,False,cluster0000,26.059916548347463,16.620575539975885,100.0,13
52,2019-04-26T11:38:41.000000000,2019-04-26T11:38:41_cand013,34.468955352654405,35.014722998774005,28.767570619682335,0.11200860256141423,0.42730428207252213,,False,cluster0000,26.059916548347463,16.620575539975885,100.0,14
52,2019-04-26T11:38:41.000000000,2019-04-26T11:38:41_cand014,34.56795535265441,35.06572299877401,28.758988396053567,0.11197518705726074,0.41090046729430957,,False,cluster0000,26.059916548347463,16.620575539975885,100.0,15
52,2019-04-26T11:38:41.000000000,2019-04-26T11:38:41_cand016,34.441955352654404,35.014722998774005,11.600074904291265,0.04516572486480414,0.35640712041208733,,False,cluster0000,26.059916548347463,16.620575539975885,100.0,16
52,2019-04-26T11:38:41.000000000,2019-04-26T11:38:41_cand019,34.68495535265441,35.15572299877401,6.101011442033462,0.023754726280773193,0.32590132920712456,,False,cluster0000,26.059916548347463,16.620575539975885,100.0,17
52,2019-04-26T11:38:41.000000000,2019-04-26T11:38:41_cand017,34.453955352654404,35.038722998774006,8.570687923440095,0.03337058905619591,0.32370271016132696,,False,cluster0000,26.059916548347463,16.620575539975885,100.0,18
52,2019-04-26T11:38:41.000000000,2019-04-26T11:38:41_cand018,34.67295535265441,35.18872299877401,6.101838839591594,0.023757947812597147,0.32082646823979216,,False,cluster0000,26.059916548347463,16.620575539975885,100.0,19
52,2019-04-26T11:38:41.000000000,2019-04-26T11:38:41_cand015,34.468955352654405,35.041722998774006,14.22434640510882,0.055383514452751116,0.3147897778167897,,False,cluster0000,26.059916548347463,16.620575539975885,100.0,20
52,2019-04-26T11:38:41.000000000,2019-04-26T11:38:41_cand021,34.711955352654414,35.15572299877401,3.0654481050905886,0.011935542386078746,0.3073124393467273,,False,cluster0000,26.059916548347463,16.620575539975885,100.0,21
52,2019-04-26T11:38:41.000000000,2019-04-26T11:38:41_cand033,34.4329553526544,35.038722998774006,2.8561598997436164,0.01112066372554069,0.30641846935764394,,False,cluster0000,26.059916548347463,16.620575539975885,100.0,22
52,2019-04-26T11:38:41.000000000,2019-04-26T11:38:41_cand030,34.59195535265441,35.09872299877401,2.9325466707046965,0.011418081105083874,0.30524628887191546,,False,cluster0000,26.059916548347463,16.620575539975885,100.0,23
52,2019-04-26T11:38:41.000000000,2019-04-26T11:38:41_cand022,34.61295535265441,35.10472299877401,3.0352123550935683,0.011817817321653408,0.305174808224026,,False,cluster0000,26.059916548347463,16.620575539975885,100.0,24
52,2019-04-26T11:38:41.000000000,2019-04-26T11:38:41_cand020,34.69995535265441,35.14672299877401,3.0654481050905886,0.011935542386078746,0.3048621897269958,,False,cluster0000,26.059916548347463,16.620575539975885,100.0,25
52,2019-04-26T11:38:41.000000000,2019-04-26T11:38:41_cand028,34.66395535265441,35.17072299877401,3.021138021860077,0.011763017894259686,0.3048455135814221,,False,cluster0000,26.059916548347463,16.620575539975885,100.0,26
52,2019-04-26T11:38:41.000000000,2019-04-26T11:38:41_cand025,34.80495535265442,35.39272299877402,3.031807644653222,0.011804560836996044,0.3045443510218702,,False,cluster0000,26.059916548347463,16.620575539975885,100.0,27
52,2019-04-26T11:38:41.000000000,2019-04-26T11:38:41_cand024,34.62795535265441,35.10472299877401,3.0352123550935683,0.011817817321653408,0.3042194265189019,,False,cluster0000,26.059916548347463,16.620575539975885,100.0,28
52,2019-04-26T11:38:41.000000000,2019-04-26T11:38:41_cand027,34.65795535265441,35.15572299877401,3.021138021860077,0.011763017894259686,0.3040105134648016,,False,cluster0000,26.059916548347463,16.620575539975885,100.0,29
52,2019-04-26T11:38:41.000000000,2019-04-26T11:38:41_cand026,34.80795535265442,35.41072299877402,3.031807644653222,0.011804560836996044,0.30391710207451667,,False,cluster0000,26.059916548347463,16.620575539975885,100.0,30
52,2019-04-26T11:38:41.000000000,2019-04-26T11:38:41_cand029,34.81395535265442,35.44072299877402,2.985339039090748,0.011623631983432402,0.30384643327340677,,False,cluster0000,26.059916548347463,16.620575539975885,100.0,31
52,2019-04-26T11:38:41.000000000,2019-04-26T11:38:41_cand034,34.468955352654405,35.059722998774006,2.8317187495369964,0.011025500351621167,0.3036505146730023,,False,cluster0000,26.059916548347463,16.620575539975885,100.0,32
52,2019-04-26T11:38:41.000000000,2019-04-26T11:38:41_cand031,34.501955352654406,34.996722998774004,2.8715347830167577,0.011180526937931352,0.296382869828119,,False,cluster0000,26.059916548347463,16.620575539975885,100.0,33
52,2019-04-26T11:38:41.000000000,2019-04-26T11:38:41_cand032,34.516955352654406,34.999722998774004,2.8715347830167577,0.011180526937931352,0.2670124181476106,,False,cluster0000,26.059916548347463,16.620575539975885,100.0,34
52,2019-04-26T11:38:41.000000000,2019-04-26T11:38:41_cand023,34.61895535265441,35.11972299877401,3.0352123550935683,0.011817817321653408,0.2646445589257943,,False,cluster0000,26.059916548347463,16.620575539975885,100.0,35
53,2019-04-26T10:38:41.000000000,2019-04-26T10:38:41_cand000,34.753955352654415,35.41072299877402,363.3148908271583,1.491776000897853,2.303196706223335,,False,cluster0000,26.059916548347463,16.620575539975885,100.0,1
53,2019-04-26T10:38:41.000000000,2019-04-26T10:38:41_cand001,34.774955352654416,35.42272299877402,352.4679170383284,1.447238175476757,2.250932829488941,,False,cluster0000,26.059916548347463,16.620575539975885,100.0,2
53,2019-04-26T10:38:41.000000000,2019-04-26T10:38:41_cand002,34.723955352654414,35.287722998774015,234.94494105482266,0.9646871995804964,1.5043714264734593,,False,cluster0000,26.059916548347463,16.620575539975885,100.0,3
53,2019-04-26T10:38:41.000000000,2019-04-26T10:38:41_cand003,34.714955352654414,35.260722998774014,234.0362692293624,0.9609561804118972,1.4887671659333659,,False,cluster0000,26.059916548347463,16.620575539975885,100.0,4
53,2019-04-26T10:38:41.000000000,2019-04-26T10:38:41_cand004,34.762955352654416,35.36272299877402,204.40678528448257,0.8392971067435192,1.3950129506618791,,False,cluster0000,26.059916548347463,16.620575539975885,100.0,5
53,2019-04-26T10:38:41.000000000,2019-04-26T10:38:41_cand005,34.735955352654415,35.278722998774015,189.70540700754898,0.7789330428216691,1.2632238052278346,,False,cluster0000,26.059916548347463,16.620575539975885,100.0,6
53,2019-04-26T10:38:41.000000000,2019-04-26T10:38:41_cand006,34.720955352654414,35.23672299877401,178.16638676177504,0.7315536650116109,1.178148331184512,,False,cluster0000,26.059916548347463,16.620575539975885,100.0,7
53,2019-04-26T10:38:41.000000000,2019-04-26T10:38:41_cand007,34.738955352654415,35.317722998774016,129.6623626310951,0.5323954665122779,0.9356701020754873,,False,cluster0000,26.059916548347463,16.620575539975885,100.0,8
53,2019-04-26T10:38:41.000000000,2019-04-26T10:38:41_cand008,34.714955352654414,35.21872299877401,106.82035195714084,0.4386058526099171,0.8103533301304645,,False,cluster0000,26.059916548347463,16.620575539975885,100.0,9
53,2019-04-26T10:38:41.000000000,2019-04-26T10:38:41_cand009,34.53195535265441,35.044722998774006,44.06389853797664,0.18092698098692372,0.5224875888234893,0.36874501050125064,True,cluster0000,26.059916548347463,16.620575539975885,100.0,10
53,2019-04-26T10:38:41.000000000,2019-04-26T10:38:41_cand010,34.717955352654414,35.35072299877402,39.747606253472014,0.16320422476235763,0.5071514842845931,,False,cluster0000,26.059916548347463,16.620575539975885,100.0,11
53,2019-04-26T10:38:41.000000000,2019-04-26T10:38:41_cand013,34.56195535265441,35.047722998774006,32.732446499553944,0.13439988112663792,0.4883569312098913,,False,cluster0000,26.059916548347463,16.620575539975885,100.0,12
53,2019-04-26T10:38:41.000000000,2019-04-26T10:38:41_cand012,34.507955352654406,35.032722998774005,35.290604895699204,0.1449037151235779,0.4845669556097166,0.3891733578554478,True,cluster0000,26.059916548347463,16.620575539975885,100.0,13
53,2019-04-26T10:38:41.000000000,2019-04-26T10:38:41_cand011,34.59195535265441,35.07772299877401,35.9113086070308,0.14745233320560747,0.4844458486378468,,False,cluster0000,26.059916548347463,16.620575539975885,100.0,14
53,2019-04-26T10:38:41.000000000,2019-04-26T10:38:41_cand014,34.58595535265441,35.053722998774006,29.129150772039026,0.11960469869355193,0.447250880969336,,False,cluster0000,26.059916548347463,16.620575539975885,100.0,15
53,2019-04-26T10:38:41.000000000,2019-04-26T10:38:41_cand015,34.57395535265441,35.06872299877401,28.99748096332651,0.11906406062547564,0.41830054436392083,,False,cluster0000,26.059916548347463,16.620575539975885,100.0,16
53,2019-04-26T10:38:41.000000000,2019-04-26T10:38:41_cand016,34.471955352654405,35.014722998774005,23.09870182993759,0.09484359136325392,0.3992567434892059,,False,cluster0000,26.059916548347463,16.620575539975885,100.0,17
53,2019-04-26T10:38:41.000000000,2019-04-26T10:38:41_cand018,34.447955352654404,35.011722998774005,14.493313500314695,0.05950974705174989,0.37435003485174684,,False,cluster0000,26.059916548347463,16.620575539975885,100.0,18
53,2019-04-26T10:38:41.000000000,2019-04-26T10:38:41_cand022,34.81695535265442,35.45872299877402,6.022977459882361,0.024730429320266055,0.34928351434285304,0.4586593528061903,True,cluster0000,26.059916548347463,16.620575539975885,100.0,19
53,2019-04-26T10:38:41.000000000,2019-04-26T10:38:41_cand020,34.456955352654404,35.044722998774006,8.628648510721526,0.03542935093899314,0.32604567848592686,,False,cluster0000,26.059916548347463,16.620575539975885,100.0,20
53,2019-04-26T10:38:41.000000000,2019-04-26T10:38:41_cand035,34.52295535265441,35.011722998774005,2.8870599260555685,0.011854308258707034,0.3227739974329859,0.4869968238824224,True,cluster0000,26.059916548347463,16.620575539975885,100.0,21
53,2019-04-26T10:38:41.000000000,2019-04-26T10:38:41_cand021,34.70295535265441,35.16172299877401,6.077009493201024,0.024952285601468803,0.32229598199400855,,False,cluster0000,26.059916548347463,16.620575539975885,100.0,22
53,2019-04-26T10:38:41.000000000,2019-04-26T10:38:41_cand036,34.501955352654406,34.996722998774004,2.8823421897868564,0.011834937167893201,0.3220272624200614,0.4236293840679404,True,cluster0000,26.059916548347463,16.620575539975885,100.0,23
53,2019-04-26T10:38:41.000000000,2019-04-26T10:38:41_cand037,34.516955352654406,34.993722998774004,2.8823421897868564,0.011834937167893201,0.3115783116185249,0.48654896826927085,True,cluster0000,26.059916548347463,16.620575539975885,100.0,24
53,2019-04-26T10:38:41.000000000,2019-04-26T10:38:41_cand038,34.4329553526544,35.035722998774006,2.8668049364064316,0.011771140989156853,0.3079965433323937,,False,cluster0000,26.059916548347463,16.620575539975885,100.0,25
53,2019-04-26T10:38:41.000000000,2019-04-26T10:38:41_cand031,34.66995535265441,35.17672299877401,3.0442407524394053,0.012499694920582805,0.30760559627499195,,False,cluster0000,26.059916548347463,16.620575539975885,100.0,26
53,2019-04-26T10:38:41.000000000,2019-04-26T10:38:41_cand032,34.81695535265442,35.39872299877402,3.033127563753223,0.012454064013086135,0.3072478616741532,,False,cluster0000,26.059916548347463,16.620575539975885,100.0,27
53,2019-04-26T10:38:41.000000000,2019-04-26T10:38:41_cand027,34.714955352654414,35.15272299877401,3.0673754570045064,0.012594686339677977,0.30626927797600534,,False,cluster0000,26.059916548347463,16.620575539975885,100.0,28
53,2019-04-26T10:38:41.000000000,2019-04-26T10:38:41_cand024,34.69695535265441,35.302722998774016,3.1732359773972365,0.013029351110518766,0.3057580016924293,,False,cluster0000,26.059916548347463,16.620575539975885,100.0,29
53,2019-04-26T10:38:41.000000000,2019-04-26T10:38:41_cand028,34.61595535265441,35.11072299877401,3.0621370861621586,0.012573177516054959,0.30571617967584414,,False,cluster0000,26.059916548347463,16.620575539975885,100.0,30
53,2019-04-26T10:38:41.000000000,2019-04-26T10:38:41_cand026,34.744955352654415,35.21572299877401,3.1533218453938483,0.012947583407208472,0.3052913095746408,,False,cluster0000,26.059916548347463,16.620575539975885,100.0,31
53,2019-04-26T10:38:41.000000000,2019-04-26T10:38:41_cand034,34.59795535265441,35.10472299877401,2.9526879483539314,0.012123777832134627,0.30522157962792273,,False,cluster0000,26.059916548347463,16.620575539975885,100.0,32
53,2019-04-26T10:38:41.000000000,2019-04-26T10:38:41_cand025,34.768955352654416,35.269722998774014,3.163028938369066,0.012987440866136032,0.3051425539957602,,False,cluster0003,2.747574948866731,1.707054176081584,0.0,33
53,2019-04-26T10:38:41.000000000,2019-04-26T10:38:41_cand033,34.81995535265442,35.41672299877402,3.033127563753223,0.012454064013086135,0.30491070728744646,,False,cluster0000,26.059916548347463,16.620575539975885,100.0,34
53,2019-04-26T10:38:41.000000000,2019-04-26T10:38:41_cand030,34.66395535265441,35.16172299877401,3.0442407524394053,0.012499694920582805,0.3047105613040705,,False,cluster0000,26.059916548347463,16.620575539975885,100.0,35
53,2019-04-26T10:38:41.000000000,2019-04-26T10:38:41_cand019,34.480955352654405,35.047722998774006,11.416814249969889,0.04687759828956778,0.3028422838186101,,False,cluster0000,26.059916548347463,16.620575539975885,100.0,36
53,2019-04-26T10:38:41.000000000,2019-04-26T10:38:41_cand017,34.68795535265441,35.21272299877401,15.428463793977365,0.063349487179501,0.2928079341191736,,False,cluster0000,26.059916548347463,16.620575539975885,100.0,37
53,2019-04-26T10:38:41.000000000,2019-04-26T10:38:41_cand029,34.62795535265441,35.11972299877401,3.0621370861621586,0.012573177516054959,0.26843940104933517,,False,cluster0000,26.059916548347463,16.620575539975885,100.0,38
53,2019-04-26T10:38:41.000000000,2019-04-26T10:38:41_cand023,34.4359553526544,35.002722998774004,5.826886747317928,0.023925278123912413,0.2590618878799642,,False,cluster0000,26.059916548347463,16.620575539975885,100.0,39
54,2019-04-26T09:38:41.000000000,2019-04-26T09:38:41_cand000,34.759955352654416,35.41672299877402,359.7613777694461,1.5663691702599793,2.3663924809484618,,False,cluster0000,26.059916548347463,16.620575539975885,100.0,1
54,2019-04-26T09:38:41.000000000,2019-04-26T09:38:41_cand001,34.78995535265442,35.43172299877402,355.414413175939,1.5474428714846706,2.3400554867403485,,False,cluster0000,26.059916548347463,16.620575539975885,100.0,2
54,2019-04-26T09:38:41.000000000,2019-04-26T09:38:41_cand002,34.78695535265442,35.39272299877402,235.36075252654973,1.0247398676659334,1.6273505975922233,,False,cluster0000,26.059916548347463,16.620575539975885,100.0,3
54,2019-04-26T09:38:41.000000000,2019-04-26T09:38:41_cand003,34.723955352654414,35.266722998774014,228.3784896817154,0.9943397137455502,1.5144321730577277,,False,cluster0000,26.059916548347463,16.620575539975885,100.0,4
54,2019-04-26T09:38:41.000000000,2019-04-26T09:38:41_cand005,34.771955352654416,35.36572299877402,195.21298303275017,0.8499400356781525,1.3854535294459276,,False,cluster0000,26.059916548347463,16.620575539975885,100.0,5
54,2019-04-26T09:38:41.000000000,2019-04-26T09:38:41_cand004,34.729955352654414,35.302722998774016,205.05919811142533,0.8928095839287417,1.378918596993311,,False,cluster0000,26.059916548347463,16.620575539975885,100.0,6
54,2019-04-26T09:38:41.000000000,2019-04-26T09:38:41_cand006,34.741955352654415,35.284722998774015,188.30496069365768,0.8198631183433627,1.2973928503815892,,False,cluster0000,26.059916548347463,16.620575539975885,100.0,7
54,2019-04-26T09:38:41.000000000,2019-04-26T09:38:41_cand007,34.726955352654414,35.24572299877401,169.21445598680222,0.7367447519336013,1.1724294120122696,,False,cluster0000,26.059916548347463,16.620575539975885,100.0,8
54,2019-04-26T09:38:41.000000000,2019-04-26T09:38:41_cand009,34.750955352654415,35.33572299877402,117.63439082333629,0.5121697173009775,0.9245817539996594,,False,cluster0000,26.059916548347463,16.620575539975885,100.0,9
54,2019-04-26T09:38:41.000000000,2019-04-26T09:38:41_cand008,34.741955352654415,35.320722998774016,122.89240545752133,0.5350626472503434,0.9215790770143406,,False,cluster0000,26.059916548347463,16.620575539975885,100.0,10
54,2019-04-26T09:38:41.000000000,2019-04-26T09:38:41_cand010,34.53495535265441,35.047722998774006,39.78266902519815,0.1732102168889883,0.5098232928655372,0.3961993442592845,True,cluster0000,26.059916548347463,16.620575539975885,100.0,11
54,2019-04-26T09:38:41.000000000,2019-04-26T09:38:41_cand012,34.507955352654406,35.038722998774006,34.6627813345026,0.15091867941595116,0.4930429429800929,0.41143270465851683,True,cluster0000,26.059916548347463,16.620575539975885,100.0,12
54,2019-04-26T09:38:41.000000000,2019-04-26T09:38:41_cand011,34.732955352654415,35.35372299877402,35.22475293238852,0.15336545397231935,0.4904154457507425,,False,cluster0000,26.059916548347463,16.620575539975885,100.0,13
54,2019-04-26T09:38:41.000000000,2019-04-26T09:38:41_cand013,34.60095535265441,35.08072299877401,33.14211208595103,0.1442978202123819,0.4736806442880129,,False,cluster0000,26.059916548347463,16.620575539975885,100.0,14
54,2019-04-26T09:38:41.000000000,2019-04-26T09:38:41_cand015,34.56795535265441,35.050722998774006,29.23826850957858,0.12730083109292734,0.4690923917894522,,False,cluster0000,26.059916548347463,16.620575539975885,100.0,15
54,2019-04-26T09:38:41.000000000,2019-04-26T09:38:41_cand014,34.58895535265441,35.059722998774006,29.31972331520791,0.1276554781011703,0.4533671960115095,,False,cluster0000,26.059916548347463,16.620575539975885,100.0,16
54,2019-04-26T09:38:41.000000000,2019-04-26T09:38:41_cand017,34.474955352654405,35.017722998774005,23.173842646559418,0.10089685808710896,0.4103513077493362,,False,cluster0000,26.059916548347463,16.620575539975885,100.0,17
54,2019-04-26T09:38:41.000000000,2019-04-26T09:38:41_cand016,34.57695535265441,35.07172299877401,26.236567005288705,0.11423168864135544,0.4098665919533531,,False,cluster0000,26.059916548347463,16.620575539975885,100.0,18
54,2019-04-26T09:38:41.000000000,2019-04-26T09:38:41_cand019,34.447955352654404,35.011722998774005,14.53224002946278,0.06327208578669637,0.3782241017490118,,False,cluster0000,26.059916548347463,16.620575539975885,100.0,19
54,2019-04-26T09:38:41.000000000,2019-04-26T09:38:41_cand018,34.708955352654414,35.35072299877402,15.784672627318592,0.06872506637419891,0.3767950822298601,,False,cluster0000,26.059916548347463,16.620575539975885,100.0,20
54,2019-04-26T09:38:41.000000000,2019-04-26T09:38:41_cand020,34.468955352654405,35.044722998774006,14.475077139102112,0.06302320362569552,0.3584907015060072,0.3439909703973386,True,cluster0000,26.059916548347463,16.620575539975885,100.0,21
54,2019-04-26T09:38:41.000000000,2019-04-26T09:38:41_cand031,34.82595535265442,35.47072299877402,3.0612628423012866,0.01332846724118369,0.3381432353445852,0.4678828446707105,True,cluster0000,26.059916548347463,16.620575539975885,100.0,22
54,2019-04-26T09:38:41.000000000,2019-04-26T09:38:41_cand036,34.504955352654406,34.996722998774004,2.8972184294770025,0.012614232399204546,0.33265041209553126,0.47504260664015857,True,cluster0000,26.059916548347463,16.620575539975885,100.0,23
54,2019-04-26T09:38:41.000000000,2019-04-26T09:38:41_cand022,34.705955352654414,35.16472299877401,6.074826828101577,0.026449257886444134,0.323709132029968,,False,cluster0000,26.059916548347463,16.620575539975885,100.0,24
54,2019-04-26T09:38:41.000000000,2019-04-26T09:38:41_cand037,34.51995535265441,34.993722998774004,2.8972184294770025,0.012614232399204546,0.3230401531367927,0.5368509772874299,True,cluster0000,26.059916548347463,16.620575539975885,100.0,25
54,2019-04-26T09:38:41.000000000,2019-04-26T09:38:41_cand038,34.4299553526544,35.032722998774005,2.8823063476803568,0.012549306516010853,0.31876986395216167,0.3721303045173219,True,cluster0000,26.059916548347463,16.620575539975885,100.0,26
54,2019-04-26T09:38:41.000000000,2019-04-26T09:38:41_cand029,34.63095535265441,35.13172299877401,3.0813134991840734,0.013415766025114814,0.3085221523211753,,False,cluster0000,26.059916548347463,16.620575539975885,100.0,27
54,2019-04-26T09:38:41.000000000,2019-04-26T09:38:41_cand034,34.83195535265442,35.42272299877402,3.0365681017403325,0.013220948528302186,0.30718175906233686,,False,cluster0000,26.059916548347463,16.620575539975885,100.0,28
54,2019-04-26T09:38:41.000000000,2019-04-26T09:38:41_cand023,34.70295535265441,35.311722998774016,3.2111271363005827,0.013980963101908658,0.30687281597609317,,False,cluster0000,26.059916548347463,16.620575539975885,100.0,29
54,2019-04-26T09:38:41.000000000,2019-04-26T09:38:41_cand025,34.750955352654415,35.21872299877401,3.1570199270622403,0.013745385105834663,0.30665597209739887,,False,cluster0000,26.059916548347463,16.620575539975885,100.0,30
54,2019-04-26T09:38:41.000000000,2019-04-26T09:38:41_cand033,34.82895535265442,35.40472299877402,3.0365681017403325,0.013220948528302186,0.30654432349648225,,False,cluster0000,26.059916548347463,16.620575539975885,100.0,31
54,2019-04-26T09:38:41.000000000,2019-04-26T09:38:41_cand021,34.483955352654405,35.047722998774006,11.541186009995675,0.0502493015408624,0.3065266101675183,,False,cluster0000,26.059916548347463,16.620575539975885,100.0,32
54,2019-04-26T09:38:41.000000000,2019-04-26T09:38:41_cand024,34.777955352654416,35.275722998774015,3.1786190883084053,0.013839425940593607,0.3061674699500501,,False,cluster0003,2.747574948866731,1.707054176081584,0.0,33
54,2019-04-26T09:38:41.000000000,2019-04-26T09:38:41_cand040,34.57095535265441,35.09572299877401,2.8763573634117905,0.012523405165481182,0.30602185594142073,,False,cluster0000,26.059916548347463,16.620575539975885,100.0,34
54,2019-04-26T09:38:41.000000000,2019-04-26T09:38:41_cand030,34.717955352654414,35.15572299877401,3.0613358431777113,0.013328785080533045,0.30600525168865284,,False,cluster0000,26.059916548347463,16.620575539975885,100.0,35
54,2019-04-26T09:38:41.000000000,2019-04-26T09:38:41_cand032,34.66995535265441,35.17072299877401,3.0607833940620277,0.013326379766020661,0.3055310960591165,,False,cluster0000,26.059916548347463,16.620575539975885,100.0,36
54,2019-04-26T09:38:41.000000000,2019-04-26T09:38:41_cand035,34.60095535265441,35.11072299877401,2.9654967424428196,0.012911510125596723,0.3054390928217686,,False,cluster0000,26.059916548347463,16.620575539975885,100.0,37
54,2019-04-26T09:38:41.000000000,2019-04-26T09:38:41_cand026,34.68795535265441,35.18272299877401,3.131558462375512,0.013634528144027849,0.2957135402323134,,False,cluster0000,26.059916548347463,16.620575539975885,100.0,38
54,2019-04-26T09:38:41.000000000,2019-04-26T09:38:41_cand039,34.441955352654404,35.041722998774006,2.8823063476803568,0.012549306516010853,0.27782163613510685,0.3964008288060853,True,cluster0000,26.059916548347463,16.620575539975885,100.0,39
54,2019-04-26T09:38:41.000000000,2019-04-26T09:38:41_cand028,34.62495535265441,35.11672299877401,3.0813134991840734,0.013415766025114814,0.2669591950687083,,False,cluster0000,26.059916548347463,16.620575539975885,100.0,40
54,2019-04-26T09:38:41.000000000,2019-04-26T09:38:41_cand027,34.67895535265441,35.20972299877401,3.083505369567435,0.013425309234602696,0.22713063351058688,,False,cluster0000,26.059916548347463,16.620575539975885,100.0,41
55,2019-04-26T08:38:41.000000000,2019-04-26T08:38:41_cand000,34.768955352654416,35.42572299877402,344.12077163716305,1.6098761138978488,2.355922875205007,,False,cluster0000,26.059916548347463,16.620575539975885,100.0,1
55,2019-04-26T08:38:41.000000000,2019-04-26T08:38:41_cand001,34.79595535265442,35.43772299877402,338.02454319898544,1.581356555195258,2.324174014944834,,False,cluster0000,26.059916548347463,16.620575539975885,100.0,2
55,2019-04-26T08:38:41.000000000,2019-04-26T08:38:41_cand002,34.79295535265442,35.39272299877402,231.38487255825777,1.0824716499287574,1.6515126941617453,,False,cluster0000,26.059916548347463,16.620575539975885,100.0,3
55,2019-04-26T08:38:41.000000000,2019-04-26T08:38:41_cand003,34.726955352654414,35.275722998774015,224.93474217890346,1.052296456551596,1.547862152468661,,False,cluster0000,26.059916548347463,16.620575539975885,100.0,4
55,2019-04-26T08:38:41.000000000,2019-04-26T08:38:41_cand004,34.741955352654415,35.305722998774016,203.64241450814762,0.9526860506950778,1.4363346353045232,,False,cluster0000,26.059916548347463,16.620575539975885,100.0,5
55,2019-04-26T08:38:41.000000000,2019-04-26T08:38:41_cand005,34.780955352654416,35.37172299877402,178.88222373721342,0.8368521836836736,1.3366688074934114,,False,cluster0000,26.059916548347463,16.620575539975885,100.0,6
55,2019-04-26T08:38:41.000000000,2019-04-26T08:38:41_cand006,34.750955352654415,35.290722998774015,177.21350610627243,0.8290455388185254,1.2797181515340141,,False,cluster0000,26.059916548347463,16.620575539975885,100.0,7
55,2019-04-26T08:38:41.000000000,2019-04-26T08:38:41_cand007,34.732955352654415,35.251722998774014,169.44442913119505,0.792700009922646,1.2195282242318295,,False,cluster0000,26.059916548347463,16.620575539975885,100.0,8
55,2019-04-26T08:38:41.000000000,2019-04-26T08:38:41_cand008,34.750955352654415,35.32972299877402,113.93443614064591,0.5330114959949059,0.9182100650380028,,False,cluster0000,26.059916548347463,16.620575539975885,100.0,9
55,2019-04-26T08:38:41.000000000,2019-04-26T08:38:41_cand009,34.720955352654414,35.20672299877401,52.19059979540871,0.24415962913514727,0.5556455580568463,,False,cluster0000,26.059916548347463,16.620575539975885,100.0,10
55,2019-04-26T08:38:41.000000000,2019-04-26T08:38:41_cand010,34.53795535265441,35.053722998774006,40.26490806371496,0.18836850042988587,0.5516678996761173,,False,cluster0000,26.059916548347463,16.620575539975885,100.0,11
55,2019-04-26T08:38:41.000000000,2019-04-26T08:38:41_cand013,34.57095535265441,35.044722998774006,31.49110279457993,0.147322621497403,0.4935399824831971,,False,cluster0000,26.059916548347463,16.620575539975885,100.0,12
55,2019-04-26T08:38:41.000000000,2019-04-26T08:38:41_cand012,34.504955352654406,35.038722998774006,33.109121236832806,0.15489208389758496,0.49292571820123005,0.4442597851572073,True,cluster0000,26.059916548347463,16.620575539975885,100.0,13
55,2019-04-26T08:38:41.000000000,2019-04-26T08:38:41_cand011,34.60095535265441,35.08672299877401,33.210912831511514,0.15536828838849437,0.484128705300618,,False,cluster0000,26.059916548347463,16.620575539975885,100.0,14
55,2019-04-26T08:38:41.000000000,2019-04-26T08:38:41_cand014,34.59195535265441,35.06272299877401,29.435936529946325,0.13770808104469584,0.46190473347563715,,False,cluster0000,26.059916548347463,16.620575539975885,100.0,15
55,2019-04-26T08:38:41.000000000,2019-04-26T08:38:41_cand016,34.474955352654405,35.020722998774005,23.34589356288656,0.10921745939858797,0.4174638163553477,,False,cluster0000,26.059916548347463,16.620575539975885,100.0,16
55,2019-04-26T08:38:41.000000000,2019-04-26T08:38:41_cand017,34.726955352654414,35.34772299877402,19.465562410748145,0.09106437783329391,0.41041076895361395,,False,cluster0000,26.059916548347463,16.620575539975885,100.0,17
55,2019-04-26T08:38:41.000000000,2019-04-26T08:38:41_cand015,34.57995535265441,35.07472299877401,23.43402682065977,0.10962976704817878,0.3990234213454462,,False,cluster0000,26.059916548347463,16.620575539975885,100.0,18
55,2019-04-26T08:38:41.000000000,2019-04-26T08:38:41_cand018,34.471955352654405,35.044722998774006,14.625682809382747,0.06842230793640615,0.36700865475268474,,False,cluster0000,26.059916548347463,16.620575539975885,100.0,19
55,2019-04-26T08:38:41.000000000,2019-04-26T08:38:41_cand019,34.444955352654404,35.014722998774005,11.684917019353765,0.05466472922526879,0.36524196381636015,,False,cluster0000,26.059916548347463,16.620575539975885,100.0,20
55,2019-04-26T08:38:41.000000000,2019-04-26T08:38:41_cand020,34.69695535265441,35.21872299877401,9.280148953504114,0.043414671141714274,0.3456342243779179,,False,cluster0000,26.059916548347463,16.620575539975885,100.0,21
55,2019-04-26T08:38:41.000000000,2019-04-26T08:38:41_cand039,34.504955352654406,34.993722998774004,2.916029293842371,0.013641855692840925,0.3403421027439562,0.5113471234121872,True,cluster0000,26.059916548347463,16.620575539975885,100.0,22
55,2019-04-26T08:38:41.000000000,2019-04-26T08:38:41_cand037,34.516955352654406,35.011722998774005,2.945282476688839,0.013778708810122872,0.33726496227580555,0.5499875709703361,True,cluster0000,26.059916548347463,16.620575539975885,100.0,23
55,2019-04-26T08:38:41.000000000,2019-04-26T08:38:41_cand040,34.51995535265441,34.993722998774004,2.916029293842371,0.013641855692840925,0.33108293375381287,0.5753125157489685,True,cluster0000,26.059916548347463,16.620575539975885,100.0,24
55,2019-04-26T08:38:41.000000000,2019-04-26T08:38:41_cand041,34.4299553526544,35.032722998774005,2.9015545000068146,0.013574139278226965,0.3279050870253711,0.41059184297886037,True,cluster0000,26.059916548347463,16.620575539975885,100.0,25
55,2019-04-26T08:38:41.000000000,2019-04-26T08:38:41_cand022,34.711955352654414,35.17072299877401,6.059702555956142,0.028348682224987817,0.32592655778161017,,False,cluster0000,26.059916548347463,16.620575539975885,100.0,26
55,2019-04-26T08:38:41.000000000,2019-04-26T08:38:41_cand034,34.84095535265442,35.41072299877402,3.0453170280328017,0.014246693448210735,0.3086820531820889,,False,cluster0000,26.059916548347463,16.620575539975885,100.0,27
55,2019-04-26T08:38:41.000000000,2019-04-26T08:38:41_cand024,34.708955352654414,35.323722998774016,3.2395699934763407,0.015155453496706469,0.30782474291952,,False,cluster0000,26.059916548347463,16.620575539975885,100.0,28
55,2019-04-26T08:38:41.000000000,2019-04-26T08:38:41_cand036,34.60695535265441,35.11672299877401,2.97035059061768,0.013895983212486071,0.3075394485890994,,False,cluster0000,26.059916548347463,16.620575539975885,100.0,29
55,2019-04-26T08:38:41.000000000,2019-04-26T08:38:41_cand044,34.57695535265441,35.10172299877401,2.885757299321071,0.01350023634022808,0.3073267608469439,,False,cluster0000,26.059916548347463,16.620575539975885,100.0,30
55,2019-04-26T08:38:41.000000000,2019-04-26T08:38:41_cand035,34.84395535265442,35.42872299877402,3.0453170280328017,0.014246693448210735,0.30728448277217013,,False,cluster0000,26.059916548347463,16.620575539975885,100.0,31
55,2019-04-26T08:38:41.000000000,2019-04-26T08:38:41_cand029,34.63395535265441,35.14072299877401,3.091830853163737,0.014464295819866661,0.30719225909019277,,False,cluster0000,26.059916548347463,16.620575539975885,100.0,32
55,2019-04-26T08:38:41.000000000,2019-04-26T08:38:41_cand032,34.726955352654414,35.16772299877401,3.049395018126363,0.014265771223763496,0.30705497491782985,,False,cluster0000,26.059916548347463,16.620575539975885,100.0,33
55,2019-04-26T08:38:41.000000000,2019-04-26T08:38:41_cand028,34.62795535265441,35.12572299877401,3.091830853163737,0.014464295819866661,0.30705376670312007,,False,cluster0000,26.059916548347463,16.620575539975885,100.0,34
55,2019-04-26T08:38:41.000000000,2019-04-26T08:38:41_cand025,34.78395535265442,35.281722998774015,3.1884311533163388,0.014916214241039472,0.30693251950177725,,False,cluster0003,2.747574948866731,1.707054176081584,0.0,35
55,2019-04-26T08:38:41.000000000,2019-04-26T08:38:41_cand033,34.768955352654416,35.47672299877402,3.0481570786419905,0.014259979858142462,0.30681227040872866,,False,cluster0000,26.059916548347463,16.620575539975885,100.0,36
55,2019-04-26T08:38:41.000000000,2019-04-26T08:38:41_cand031,34.67295535265441,35.18572299877401,3.06999666826467,0.014362150481274608,0.30675931453279676,,False,cluster0000,26.059916548347463,16.620575539975885,100.0,37
55,2019-04-26T08:38:41.000000000,2019-04-26T08:38:41_cand026,34.69095535265441,35.18872299877401,3.134749736882648,0.014665080228798203,0.2942760397845762,,False,cluster0000,26.059916548347463,16.620575539975885,100.0,38
55,2019-04-26T08:38:41.000000000,2019-04-26T08:38:41_cand042,34.4359553526544,35.047722998774006,2.9015545000068146,0.013574139278226965,0.288684022200336,0.45985255517377566,True,cluster0000,26.059916548347463,16.620575539975885,100.0,39
55,2019-04-26T08:38:41.000000000,2019-04-26T08:38:41_cand043,34.477955352654405,34.996722998774004,2.9013734533675457,0.01357329230040963,0.28489451364752116,,False,cluster0000,26.059916548347463,16.620575539975885,100.0,40
55,2019-04-26T08:38:41.000000000,2019-04-26T08:38:41_cand030,34.64295535265441,35.12572299877401,3.091830853163737,0.014464295819866661,0.28383883716512526,,False,cluster0000,26.059916548347463,16.620575539975885,100.0,41
55,2019-04-26T08:38:41.000000000,2019-04-26T08:38:41_cand023,34.4389553526544,34.999722998774004,5.852688070250187,0.02738022084968828,0.26296954587245636,,False,cluster0000,26.059916548347463,16.620575539975885,100.0,42
55,2019-04-26T08:38:41.000000000,2019-04-26T08:38:41_cand021,34.708955352654414,35.37472299877402,6.294673530084619,0.029447930482827924,0.2578647365625559,,False,cluster0000,26.059916548347463,16.620575539975885,100.0,43
55,2019-04-26T08:38:41.000000000,2019-04-26T08:38:41_cand038,34.489955352654405,35.059722998774006,2.92874794668806,0.01370135647601022,0.25313178271770154,,False,cluster0000,26.059916548347463,16.620575539975885,100.0,44
55,2019-04-26T08:38:41.000000000,2019-04-26T08:38:41_cand027,34.68495535265441,35.22772299877401,3.0920389679407547,0.014465269428657774,0.2282043364484342,,False,cluster0000,26.059916548347463,16.620575539975885,100.0,45
56,2019-04-26T07:38:41.000000000,2019-04-26T07:38:41_cand000,34.80495535265442,35.44672299877402,333.6316006007864,1.6529565565840705,2.3525107213122984,,False,cluster0000,26.059916548347463,16.620575539975885,100.0,1
56,2019-04-26T07:38:41.000000000,2019-04-26T07:38:41_cand001,34.771955352654416,35.43772299877402,315.886504282181,1.5650396049097228,2.260639786183283,,False,cluster0000,26.059916548347463,16.620575539975885,100.0,2
56,2019-04-26T07:38:41.000000000,2019-04-26T07:38:41_cand002,34.78695535265442,35.41972299877402,276.96330910730654,1.372197108720354,1.9864601038151677,,False,cluster0000,26.059916548347463,16.620575539975885,100.0,3
56,2019-04-26T07:38:41.000000000,2019-04-26T07:38:41_cand004,34.80195535265442,35.40172299877402,209.09969349704238,1.035971139194424,1.564292954125709,,False,cluster0000,26.059916548347463,16.620575539975885,100.0,4
56,2019-04-26T07:38:41.000000000,2019-04-26T07:38:41_cand003,34.732955352654415,35.281722998774015,211.46163857656262,1.0476732459446658,1.524640345739925,,False,cluster0000,26.059916548347463,16.620575539975885,100.0,5
56,2019-04-26T07:38:41.000000000,2019-04-26T07:38:41_cand005,34.747955352654415,35.314722998774016,192.49037429010028,0.9536813230197149,1.388096044671095,,False,cluster0000,26.059916548347463,16.620575539975885,100.0,6
56,2019-04-26T07:38:41.000000000,2019-04-26T07:38:41_cand006,34.79595535265442,35.38372299877402,169.43253062250594,0.8394427023302851,1.31562152771876,,False,cluster0000,26.059916548347463,16.620575539975885,100.0,7
56,2019-04-26T07:38:41.000000000,2019-04-26T07:38:41_cand007,34.756955352654415,35.299722998774016,168.1592963790486,0.833134544209171,1.2674981064931852,,False,cluster0000,26.059916548347463,16.620575539975885,100.0,8
56,2019-04-26T07:38:41.000000000,2019-04-26T07:38:41_cand008,34.735955352654415,35.257722998774014,143.7505894421911,0.7122031573250637,1.1084397098691658,,False,cluster0000,26.059916548347463,16.620575539975885,100.0,9
56,2019-04-26T07:38:41.000000000,2019-04-26T07:38:41_cand009,34.753955352654415,35.33872299877402,121.13619510187769,0.600161578138063,0.9815223979268775,,False,cluster0000,26.059916548347463,16.620575539975885,100.0,10
56,2019-04-26T07:38:41.000000000,2019-04-26T07:38:41_cand010,34.54095535265441,35.059722998774006,38.63918658012916,0.19143539366081616,0.5463061164925761,,False,cluster0000,26.059916548347463,16.620575539975885,100.0,11
56,2019-04-26T07:38:41.000000000,2019-04-26T07:38:41_cand011,34.60395535265441,35.09572299877401,36.13120446877802,0.17900975571978098,0.5111132983915327,,False,cluster0000,26.059916548347463,16.620575539975885,100.0,12
56,2019-04-26T07:38:41.000000000,2019-04-26T07:38:41_cand013,34.507955352654406,35.038722998774006,32.54579344579663,0.16124606472704017,0.5102571126120465,0.48835578158159376,True,cluster0000,26.059916548347463,16.620575539975885,100.0,13
56,2019-04-26T07:38:41.000000000,2019-04-26T07:38:41_cand012,34.57395535265441,35.053722998774006,32.62968810205742,0.16166171546839356,0.5048902360492404,,False,cluster0000,26.059916548347463,16.620575539975885,100.0,14
56,2019-04-26T07:38:41.000000000,2019-04-26T07:38:41_cand014,34.60095535265441,35.06872299877401,28.458970373994426,0.14099815961262702,0.46766816765514835,,False,cluster0000,26.059916548347463,16.620575539975885,100.0,15
56,2019-04-26T07:38:41.000000000,2019-04-26T07:38:41_cand015,34.58895535265441,35.08972299877401,26.313056159783734,0.13036636405171767,0.42371220981008056,,False,cluster0000,26.059916548347463,16.620575539975885,100.0,16
56,2019-04-26T07:38:41.000000000,2019-04-26T07:38:41_cand017,34.732955352654415,35.35672299877402,19.594195881186906,0.09707819791194007,0.4156264086661572,,False,cluster0000,26.059916548347463,16.620575539975885,100.0,17
56,2019-04-26T07:38:41.000000000,2019-04-26T07:38:41_cand016,34.477955352654405,35.017722998774005,20.60252350398527,0.10207389302082077,0.40006903748061434,,False,cluster0000,26.059916548347463,16.620575539975885,100.0,18
56,2019-04-26T07:38:41.000000000,2019-04-26T07:38:41_cand022,34.447955352654404,35.014722998774005,13.705698345337302,0.06790401119586074,0.38374921645741217,,False,cluster0000,26.059916548347463,16.620575539975885,100.0,19
56,2019-04-26T07:38:41.000000000,2019-04-26T07:38:41_cand026,34.52595535265441,35.020722998774005,5.960533010576048,0.029531081896395892,0.375441833232001,0.5680685583613696,True,cluster0000,26.059916548347463,16.620575539975885,100.0,20
56,2019-04-26T07:38:41.000000000,2019-04-26T07:38:41_cand020,34.471955352654405,35.044722998774006,14.779193062819184,0.07322257253275066,0.37000041142443885,,False,cluster0000,26.059916548347463,16.620575539975885,100.0,21
56,2019-04-26T07:38:41.000000000,2019-04-26T07:38:41_cand019,34.726955352654414,35.38072299877402,19.162641594311864,0.09494008963104726,0.36998761104441696,,False,cluster0000,26.059916548347463,16.620575539975885,100.0,22
56,2019-04-26T07:38:41.000000000,2019-04-26T07:38:41_cand021,34.55295535265441,35.032722998774005,13.781565368238056,0.06827988953803964,0.36685540790975124,0.4795582972505519,True,cluster0000,26.059916548347463,16.620575539975885,100.0,23
56,2019-04-26T07:38:41.000000000,2019-04-26T07:38:41_cand043,34.516955352654406,35.002722998774004,2.9365861936013338,0.01454912962065543,0.3520573333340895,0.6085107457118499,True,cluster0000,26.059916548347463,16.620575539975885,100.0,24
56,2019-04-26T07:38:41.000000000,2019-04-26T07:38:41_cand042,34.504955352654406,34.993722998774004,2.9365861936013338,0.01454912962065543,0.34860788678764404,0.5498086618737257,True,cluster0000,26.059916548347463,16.620575539975885,100.0,25
56,2019-04-26T07:38:41.000000000,2019-04-26T07:38:41_cand023,34.69995535265441,35.22772299877401,9.28656019886221,0.04600967216888321,0.34830630163766924,,False,cluster0000,26.059916548347463,16.620575539975885,100.0,26
56,2019-04-26T07:38:41.000000000,2019-04-26T07:38:41_cand044,34.4299553526544,35.035722998774006,2.923280426690877,0.014483207044330485,0.33854405205542254,0.45831801927094873,True,cluster0000,26.059916548347463,16.620575539975885,100.0,27
56,2019-04-26T07:38:41.000000000,2019-04-26T07:38:41_cand030,34.84395535265442,35.48272299877402,3.17446995218539,0.015727709580552224,0.335679428095763,0.4477649993053403,True,cluster0000,26.059916548347463,16.620575539975885,100.0,28
56,2019-04-26T07:38:41.000000000,2019-04-26T07:38:41_cand025,34.711955352654414,35.17372299877401,6.036128178732588,0.029905613351526084,0.32657041489716543,,False,cluster0000,26.059916548347463,16.620575539975885,100.0,29
56,2019-04-26T07:38:41.000000000,2019-04-26T07:38:41_cand024,34.69095535265441,35.19772299877401,6.207121944195329,0.03075279109262634,0.31400763983224517,,False,cluster0000,26.059916548347463,16.620575539975885,100.0,30
56,2019-04-26T07:38:41.000000000,2019-04-26T07:38:41_cand018,34.483955352654405,35.032722998774005,19.55624819221991,0.09689018849924579,0.3113406498997938,,False,cluster0000,26.059916548347463,16.620575539975885,100.0,31
56,2019-04-26T07:38:41.000000000,2019-04-26T07:38:41_cand037,34.85595535265442,35.42872299877402,3.0589035839513503,0.01515514335556312,0.3107542571041913,,False,cluster0000,26.059916548347463,16.620575539975885,100.0,32
56,2019-04-26T07:38:41.000000000,2019-04-26T07:38:41_cand029,34.78995535265442,35.287722998774015,3.1950724374551105,0.01582978328414381,0.3085960128846744,,False,cluster0003,2.747574948866731,1.707054176081584,0.0,33
56,2019-04-26T07:38:41.000000000,2019-04-26T07:38:41_cand033,34.63995535265441,35.14672299877401,3.090445114263381,0.015311413862433815,0.30805419010514545,,False,cluster0000,26.059916548347463,16.620575539975885,100.0,34
56,2019-04-26T07:38:41.000000000,2019-04-26T07:38:41_cand038,34.723955352654414,35.16472299877401,3.034066590214615,0.015032090048954738,0.3079518496819775,,False,cluster0000,26.059916548347463,16.620575539975885,100.0,35
56,2019-04-26T07:38:41.000000000,2019-04-26T07:38:41_cand031,34.777955352654416,35.48872299877402,3.0929026655484733,0.015323589644051982,0.3076146397662427,,False,cluster0000,26.059916548347463,16.620575539975885,100.0,36
56,2019-04-26T07:38:41.000000000,2019-04-26T07:38:41_cand036,34.84995535265442,35.41372299877402,3.0589035839513503,0.01515514335556312,0.3075301278347268,,False,cluster0000,26.059916548347463,16.620575539975885,100.0,37
56,2019-04-26T07:38:41.000000000,2019-04-26T07:38:41_cand035,34.67595535265441,35.19172299877401,3.0742638442187156,0.015231244788622993,0.30739700941452075,,False,cluster0000,26.059916548347463,16.620575539975885,100.0,38
56,2019-04-26T07:38:41.000000000,2019-04-26T07:38:41_cand046,34.57995535265441,35.10772299877401,2.886905571479173,0.014302990136493486,0.30731541729650985,,False,cluster0000,26.059916548347463,16.620575539975885,100.0,39
56,2019-04-26T07:38:41.000000000,2019-04-26T07:38:41_cand032,34.63395535265441,35.13172299877401,3.090445114263381,0.015311413862433815,0.3073069363483789,,False,cluster0000,26.059916548347463,16.620575539975885,100.0,40
56,2019-04-26T07:38:41.000000000,2019-04-26T07:38:41_cand039,34.60995535265441,35.12272299877401,2.9664247971613262,0.014696963085186327,0.3070131976761116,,False,cluster0000,26.059916548347463,16.620575539975885,100.0,41
56,2019-04-26T07:38:41.000000000,2019-04-26T07:38:41_cand027,34.477955352654405,34.999722998774004,5.9093522882307905,0.02927751026103833,0.3046384458589301,,False,cluster0000,26.059916548347463,16.620575539975885,100.0,42
56,2019-04-26T07:38:41.000000000,2019-04-26T07:38:41_cand045,34.4359553526544,35.050722998774006,2.923280426690877,0.014483207044330485,0.29870250516595015,0.5089229678323918,True,cluster0000,26.059916548347463,16.620575539975885,100.0,43
56,2019-04-26T07:38:41.000000000,2019-04-26T07:38:41_cand034,34.64895535265441,35.13172299877401,3.090445114263381,0.015311413862433815,0.2849495899291402,,False,cluster0000,26.059916548347463,16.620575539975885,100.0,44
56,2019-04-26T07:38:41.000000000,2019-04-26T07:38:41_cand041,34.62795535265441,35.10172299877401,2.9573037692032282,0.014651773531981608,0.26774186102159103,,False,cluster0000,26.059916548347463,16.620575539975885,100.0,45
56,2019-04-26T07:38:41.000000000,2019-04-26T07:38:41_cand028,34.4359553526544,35.002722998774004,5.8785120251893765,0.02912471413828112,0.26480622349288746,,False,cluster0000,26.059916548347463,16.620575539975885,100.0,46
56,2019-04-26T07:38:41.000000000,2019-04-26T07:38:41_cand040,34.486955352654405,35.059722998774006,2.9631135278997847,0.01468055761212375,0.2522214609930379,,False,cluster0000,26.059916548347463,16.620575539975885,100.0,47
57,2019-04-26T06:38:41.000000000,2019-04-26T06:38:41_cand000,34.81395535265442,35.45272299877402,327.3938877052535,1.667561684289945,2.3477896219036234,,False,cluster0000,26.059916548347463,16.620575539975885,100.0,1
57,2019-04-26T06:38:41.000000000,2019-04-26T06:38:41_cand001,34.777955352654416,35.44672299877402,317.2589299421471,1.615939867657655,2.30800106437233,,False,cluster0000,26.059916548347463,16.620575539975885,100.0,2
57,2019-04-26T06:38:41.000000000,2019-04-26T06:38:41_cand002,34.78395535265442,35.42872299877402,280.11552422963683,1.4267520956306436,2.0504017272879937,,False,cluster0000,26.059916548347463,16.620575539975885,100.0,3
57,2019-04-26T06:38:41.000000000,2019-04-26T06:38:41_cand003,34.81395535265442,35.40772299877402,206.25923316570584,1.0505693819421837,1.581788244484041,,False,cluster0000,26.059916548347463,16.620575539975885,100.0,4
57,2019-04-26T06:38:41.000000000,2019-04-26T06:38:41_cand004,34.738955352654415,35.296722998774015,203.94612439564804,1.0387876972455652,1.5175311978402677,,False,cluster0000,26.059916548347463,16.620575539975885,100.0,5
57,2019-04-26T06:38:41.000000000,2019-04-26T06:38:41_cand005,34.750955352654415,35.317722998774016,192.82863337014174,0.9821614047099453,1.4255962554580395,,False,cluster0000,26.059916548347463,16.620575539975885,100.0,6
57,2019-04-26T06:38:41.000000000,2019-04-26T06:38:41_cand006,34.80195535265442,35.38972299877402,179.01646817769125,0.9118099463688856,1.4082502110680144,,False,cluster0000,26.059916548347463,16.620575539975885,100.0,7
57,2019-04-26T06:38:41.000000000,2019-04-26T06:38:41_cand007,34.762955352654416,35.308722998774016,175.96138920259324,0.8962490796799517,1.3392707573709302,,False,cluster0000,26.059916548347463,16.620575539975885,100.0,8
57,2019-04-26T06:38:41.000000000,2019-04-26T06:38:41_cand008,34.738955352654415,35.275722998774015,168.64928063769526,0.8590052809039352,1.3027896970088326,,False,cluster0000,26.059916548347463,16.620575539975885,100.0,9
57,2019-04-26T06:38:41.000000000,2019-04-26T06:38:41_cand009,34.762955352654416,35.34472299877402,127.88192025204455,0.651359106977946,1.046592652382577,,False,cluster0000,26.059916548347463,16.620575539975885,100.0,10
57,2019-04-26T06:38:41.000000000,2019-04-26T06:38:41_cand010,34.726955352654414,35.21272299877401,48.82131186769671,0.24866850636086146,0.5593166933500774,,False,cluster0000,26.059916548347463,16.620575539975885,100.0,11
57,2019-04-26T06:38:41.000000000,2019-04-26T06:38:41_cand011,34.60995535265441,35.09872299877401,38.855920546812634,0.19791036651854826,0.5366252700643501,,False,cluster0000,26.059916548347463,16.620575539975885,100.0,12
57,2019-04-26T06:38:41.000000000,2019-04-26T06:38:41_cand012,34.53495535265441,35.059722998774006,36.09454149412282,0.18384544326557667,0.5302416013910106,,False,cluster0000,26.059916548347463,16.620575539975885,100.0,13
57,2019-04-26T06:38:41.000000000,2019-04-26T06:38:41_cand013,34.498955352654406,35.032722998774005,31.7789760040724,0.16186436198243773,0.509907159495654,0.5216645173556015,True,cluster0000,26.059916548347463,16.620575539975885,100.0,14
57,2019-04-26T06:38:41.000000000,2019-04-26T06:38:41_cand014,34.57695535265441,35.053722998774006,29.732715669277674,0.15144185423709458,0.49150299300676853,,False,cluster0000,26.059916548347463,16.620575539975885,100.0,15
57,2019-04-26T06:38:41.000000000,2019-04-26T06:38:41_cand015,34.60395535265441,35.07172299877401,28.3659538869746,0.14448033276308245,0.47308622752538904,,False,cluster0000,26.059916548347463,16.620575539975885,100.0,16
57,2019-04-26T06:38:41.000000000,2019-04-26T06:38:41_cand016,34.59495535265441,35.09572299877401,26.23096036561172,0.1336058677039265,0.4284222161194672,,False,cluster0000,26.059916548347463,16.620575539975885,100.0,17
57,2019-04-26T06:38:41.000000000,2019-04-26T06:38:41_cand017,34.474955352654405,35.017722998774005,23.70069032188777,0.12071808471752167,0.4230133512195816,,False,cluster0000,26.059916548347463,16.620575539975885,100.0,18
57,2019-04-26T06:38:41.000000000,2019-04-26T06:38:41_cand020,34.735955352654415,35.36872299877402,16.377993512889844,0.08342035533733677,0.39819507035372725,,False,cluster0000,26.059916548347463,16.620575539975885,100.0,19
57,2019-04-26T06:38:41.000000000,2019-04-26T06:38:41_cand019,34.54695535265441,35.038722998774006,16.883240139537236,0.08599379958096436,0.39273338036617056,0.5183571368433137,True,cluster0000,26.059916548347463,16.620575539975885,100.0,20
57,2019-04-26T06:38:41.000000000,2019-04-26T06:38:41_cand021,34.471955352654405,35.050722998774006,14.9208152802863,0.07599830294380329,0.3904355301772106,0.4598798453789842,True,cluster0000,26.059916548347463,16.620575539975885,100.0,21
57,2019-04-26T06:38:41.000000000,2019-04-26T06:38:41_cand022,34.459955352654404,35.017722998774005,14.832012168206791,0.0755459894684741,0.3861302934901046,,False,cluster0000,26.059916548347463,16.620575539975885,100.0,22
57,2019-04-26T06:38:41.000000000,2019-04-26T06:38:41_cand026,34.52595535265441,35.023722998774005,6.0138645803112105,0.030631268710990305,0.3821240630436514,0.5953094645182223,True,cluster0000,26.059916548347463,16.620575539975885,100.0,23
57,2019-04-26T06:38:41.000000000,2019-04-26T06:38:41_cand018,34.732955352654415,35.38972299877402,19.22472181671963,0.09792000002625649,0.37442677550015807,,False,cluster0000,26.059916548347463,16.620575539975885,100.0,24
57,2019-04-26T06:38:41.000000000,2019-04-26T06:38:41_cand045,34.516955352654406,35.002722998774004,2.9564006042673454,0.015058254158752754,0.3607573277518884,0.6469722841733884,True,cluster0000,26.059916548347463,16.620575539975885,100.0,25
57,2019-04-26T06:38:41.000000000,2019-04-26T06:38:41_cand044,34.504955352654406,34.993722998774004,2.9564006042673454,0.015058254158752754,0.3566740256868322,0.5882702003352641,True,cluster0000,26.059916548347463,16.620575539975885,100.0,26
57,2019-04-26T06:38:41.000000000,2019-04-26T06:38:41_cand023,34.705955352654414,35.23372299877401,9.284879029455805,0.04729199015079616,0.3501659522124485,,False,cluster0000,26.059916548347463,16.620575539975885,100.0,27
57,2019-04-26T06:38:41.000000000,2019-04-26T06:38:41_cand047,34.4269553526544,35.041722998774006,2.9468436437573917,0.015009576337439795,0.34930573560493394,0.5140571659987244,True,cluster0000,26.059916548347463,16.620575539975885,100.0,28
57,2019-04-26T06:38:41.000000000,2019-04-26T06:38:41_cand024,34.4359553526544,35.014722998774005,8.871560226000245,0.045186774916419016,0.3471198575903403,,False,cluster0000,26.059916548347463,16.620575539975885,100.0,29
57,2019-04-26T06:38:41.000000000,2019-04-26T06:38:41_cand027,34.714955352654414,35.17972299877401,6.009824597754562,0.030610691295315608,0.34146158322993514,0.39095248847514874,True,cluster0000,26.059916548347463,16.620575539975885,100.0,30
57,2019-04-26T06:38:41.000000000,2019-04-26T06:38:41_cand029,34.56495535265441,35.08372299877401,5.922832977993491,0.030167604550524328,0.33298592969809915,,False,cluster0000,26.059916548347463,16.620575539975885,100.0,31
57,2019-04-26T06:38:41.000000000,2019-04-26T06:38:41_cand041,34.729955352654414,35.17972299877401,3.0185093783532544,0.015374601579438641,0.3212259273773682,0.3754160335761151,True,cluster0000,26.059916548347463,16.620575539975885,100.0,32
57,2019-04-26T06:38:41.000000000,2019-04-26T06:38:41_cand025,34.69695535265441,35.20072299877401,6.20498675839943,0.03160473838518557,0.31460408408920043,,False,cluster0000,26.059916548347463,16.620575539975885,100.0,33
57,2019-04-26T06:38:41.000000000,2019-04-26T06:38:41_cand035,34.85895535265442,35.41972299877402,3.084104548620731,0.015708706755864523,0.31019909238969234,,False,cluster0000,26.059916548347463,16.620575539975885,100.0,34
57,2019-04-26T06:38:41.000000000,2019-04-26T06:38:41_cand046,34.61595535265441,35.12872299877401,2.952803452741257,0.015039932277121016,0.30976932551607145,,False,cluster0000,26.059916548347463,16.620575539975885,100.0,35
57,2019-04-26T06:38:41.000000000,2019-04-26T06:38:41_cand039,34.68195535265441,35.20072299877401,3.075515950906096,0.015664961234006767,0.3092102193226271,,False,cluster0000,26.059916548347463,16.620575539975885,100.0,36
57,2019-04-26T06:38:41.000000000,2019-04-26T06:38:41_cand048,34.4389553526544,35.050722998774006,2.9468436437573917,0.015009576337439795,0.30897554053892134,0.5449061844652182,True,cluster0000,26.059916548347463,16.620575539975885,100.0,37
57,2019-04-26T06:38:41.000000000,2019-04-26T06:38:41_cand036,34.86195535265442,35.43772299877402,3.084104548620731,0.015708706755864523,0.3085928796756811,,False,cluster0000,26.059916548347463,16.620575539975885,100.0,38
57,2019-04-26T06:38:41.000000000,2019-04-26T06:38:41_cand037,34.63995535265441,35.13772299877401,3.0758233379252666,0.015666526891872312,0.30839348098888913,,False,cluster0000,26.059916548347463,16.620575539975885,100.0,39
57,2019-04-26T06:38:41.000000000,2019-04-26T06:38:41_cand043,34.54695535265441,35.08372299877401,2.9753042661439393,0.015154538858687531,0.308258620192735,,False,cluster0000,26.059916548347463,16.620575539975885,100.0,40
57,2019-04-26T06:38:41.000000000,2019-04-26T06:38:41_cand033,34.79295535265442,35.290722998774015,3.1991935014309645,0.016294905628838532,0.3081586040095348,,False,cluster0003,2.747574948866731,1.707054176081584,0.0,41
57,2019-04-26T06:38:41.000000000,2019-04-26T06:38:41_cand040,34.68795535265441,35.21572299877401,3.075515950906096,0.015664961234006767,0.3078389339377336,,False,cluster0000,26.059916548347463,16.620575539975885,100.0,42
57,2019-04-26T06:38:41.000000000,2019-04-26T06:38:41_cand042,34.59495535265441,35.035722998774006,2.9889007205484375,0.015223791606703244,0.307747158074063,,False,cluster0000,26.059916548347463,16.620575539975885,100.0,43
57,2019-04-26T06:38:41.000000000,2019-04-26T06:38:41_cand028,34.477955352654405,34.999722998774004,5.950563725446672,0.030308849496341023,0.30439491246672706,,False,cluster0000,26.059916548347463,16.620575539975885,100.0,44
57,2019-04-26T06:38:41.000000000,2019-04-26T06:38:41_cand031,34.62795535265441,35.11672299877401,5.8951461807309915,0.030026583462442153,0.2877647734905157,,False,cluster0000,26.059916548347463,16.620575539975885,100.0,45
57,2019-04-26T06:38:41.000000000,2019-04-26T06:38:41_cand038,34.64595535265441,35.15272299877401,3.0758233379252666,0.015666526891872312,0.2858857296645336,,False,cluster0000,26.059916548347463,16.620575539975885,100.0,46
57,2019-04-26T06:38:41.000000000,2019-04-26T06:38:41_cand030,34.441955352654404,34.999722998774004,5.912815732720543,0.03011658229559958,0.266673365005107,,False,cluster0000,26.059916548347463,16.620575539975885,100.0,47
57,2019-04-26T06:38:41.000000000,2019-04-26T06:38:41_cand032,34.720955352654414,35.36272299877402,3.2751588608956625,0.016681830759495486,0.23954639276132872,,False,cluster0000,26.059916548347463,16.620575539975885,100.0,48
57,2019-04-26T06:38:41.000000000,2019-04-26T06:38:41_cand034,34.69095535265441,35.23672299877401,3.0980900237045166,0.01577994095803542,0.2296354011526285,,False,cluster0000,26.059916548347463,16.620575539975885,100.0,49
58,2019-04-26T05:38:41.000000000,2019-04-26T05:38:41_cand000,34.81695535265442,35.46172299877402,324.67839901015464,1.6907278714093248,2.3650789046042666,,False,cluster0000,26.059916548347463,16.620575539975885,100.0,1
58,2019-04-26T05:38:41.000000000,2019-04-26T05:38:41_cand001,34.78695535265442,35.45272299877402,299.83795366378763,1.5613739217367775,2.213824241908171,,False,cluster0000,26.059916548347463,16.620575539975885,100.0,2
58,2019-04-26T05:38:41.000000000,2019-04-26T05:38:41_cand003,34.81995535265442,35.41372299877402,198.37716708124134,1.0330277790515687,1.5556817249572656,,False,cluster0000,26.059916548347463,16.620575539975885,100.0,3
58,2019-04-26T05:38:41.000000000,2019-04-26T05:38:41_cand002,34.738955352654415,35.302722998774016,200.27004144755188,1.042884718897134,1.5268074784032382,,False,cluster0000,26.059916548347463,16.620575539975885,100.0,4
58,2019-04-26T05:38:41.000000000,2019-04-26T05:38:41_cand004,34.765955352654416,35.314722998774016,190.40945934321442,0.9915367972523622,1.4612513233652493,,False,cluster0000,26.059916548347463,16.620575539975885,100.0,5
58,2019-04-26T05:38:41.000000000,2019-04-26T05:38:41_cand005,34.747955352654415,35.323722998774016,188.16673950312926,0.9798580746981216,1.4135079258600376,,False,cluster0000,26.059916548347463,16.620575539975885,100.0,6
58,2019-04-26T05:38:41.000000000,2019-04-26T05:38:41_cand006,34.80495535265442,35.39272299877402,165.42888971889653,0.861453165460786,1.3404390829055073,,False,cluster0000,26.059916548347463,16.620575539975885,100.0,7
58,2019-04-26T05:38:41.000000000,2019-04-26T05:38:41_cand007,34.747955352654415,35.281722998774015,154.7076151026258,0.805623280054103,1.2320505258506012,,False,cluster0000,26.059916548347463,16.620575539975885,100.0,8
58,2019-04-26T05:38:41.000000000,2019-04-26T05:38:41_cand008,34.768955352654416,35.35372299877402,127.81851792398295,0.6656011961225402,1.0652209826005812,,False,cluster0000,26.059916548347463,16.620575539975885,100.0,9
58,2019-04-26T05:38:41.000000000,2019-04-26T05:38:41_cand009,34.726955352654414,35.22172299877401,51.71622833384696,0.2693067013844336,0.5856560249293843,,False,cluster0000,26.059916548347463,16.620575539975885,100.0,10
58,2019-04-26T05:38:41.000000000,2019-04-26T05:38:41_cand010,34.54095535265441,35.056722998774006,35.1682339230679,0.18313479881399233,0.5376150198981043,,False,cluster0000,26.059916548347463,16.620575539975885,100.0,11
58,2019-04-26T05:38:41.000000000,2019-04-26T05:38:41_cand011,34.57995535265441,35.056722998774006,34.615614238529886,0.180257091193817,0.5321925903046004,,False,cluster0000,26.059916548347463,16.620575539975885,100.0,12
58,2019-04-26T05:38:41.000000000,2019-04-26T05:38:41_cand012,34.60995535265441,35.10472299877401,33.77359318365333,0.1758723570380078,0.5050668120795888,,False,cluster0000,26.059916548347463,16.620575539975885,100.0,13
58,2019-04-26T05:38:41.000000000,2019-04-26T05:38:41_cand014,34.501955352654406,35.038722998774006,26.077462215929934,0.13579558208526632,0.4897650394138471,0.5534953933930165,True,cluster0000,26.059916548347463,16.620575539975885,100.0,14
58,2019-04-26T05:38:41.000000000,2019-04-26T05:38:41_cand015,34.516955352654406,35.047722998774006,25.145246712355934,0.13094117003057604,0.4878545435623384,0.5511609124701343,True,cluster0000,26.059916548347463,16.620575539975885,100.0,15
58,2019-04-26T05:38:41.000000000,2019-04-26T05:38:41_cand013,34.60095535265441,35.06872299877401,26.362055940909602,0.1372775733243456,0.455230839345634,,False,cluster0000,26.059916548347463,16.620575539975885,100.0,16
58,2019-04-26T05:38:41.000000000,2019-04-26T05:38:41_cand018,34.501955352654406,35.020722998774005,17.971618781939956,0.09358527349403019,0.4487671391082668,0.5938211442123571,True,cluster0000,26.059916548347463,16.620575539975885,100.0,17
58,2019-04-26T05:38:41.000000000,2019-04-26T05:38:41_cand016,34.474955352654405,35.020722998774005,23.874951993617508,0.12432624679446647,0.426494998689116,,False,cluster0000,26.059916548347463,16.620575539975885,100.0,18
58,2019-04-26T05:38:41.000000000,2019-04-26T05:38:41_cand019,34.56495535265441,35.059722998774006,17.86760889204572,0.09304365316978773,0.4022355003283613,,False,cluster0000,26.059916548347463,16.620575539975885,100.0,19
58,2019-04-26T05:38:41.000000000,2019-04-26T05:38:41_cand022,34.468955352654405,35.047722998774006,15.009573834865776,0.07816074274713303,0.4014379567411463,0.5027111213332134,True,cluster0000,26.059916548347463,16.620575539975885,100.0,20
58,2019-04-26T05:38:41.000000000,2019-04-26T05:38:41_cand021,34.750955352654415,35.38072299877402,16.37662133857318,0.08527949571346868,0.39984444565292576,,False,cluster0000,26.059916548347463,16.620575539975885,100.0,21
58,2019-04-26T05:38:41.000000000,2019-04-26T05:38:41_cand025,34.444955352654404,35.029722998774005,10.938477996239891,0.05696094866619688,0.39898088853163055,0.5113672510709002,True,cluster0000,26.059916548347463,16.620575539975885,100.0,22
58,2019-04-26T05:38:41.000000000,2019-04-26T05:38:41_cand030,34.52295535265441,35.023722998774005,6.051478042413089,0.0315124215861658,0.39128914774920864,0.633223517926484,True,cluster0000,26.059916548347463,16.620575539975885,100.0,23
58,2019-04-26T05:38:41.000000000,2019-04-26T05:38:41_cand023,34.459955352654404,35.020722998774005,14.914580440164686,0.07766607485265478,0.38769417260727485,,False,cluster0000,26.059916548347463,16.620575539975885,100.0,24
58,2019-04-26T05:38:41.000000000,2019-04-26T05:38:41_cand017,34.735955352654415,35.39272299877402,19.38903144455046,0.10096629761288181,0.3762346123244342,,False,cluster0000,26.059916548347463,16.620575539975885,100.0,25
58,2019-04-26T05:38:41.000000000,2019-04-26T05:38:41_cand020,34.58295535265441,35.08372299877401,17.608329073327788,0.09169348137721753,0.37353640517347475,,False,cluster0000,26.059916548347463,16.620575539975885,100.0,26
58,2019-04-26T05:38:41.000000000,2019-04-26T05:38:41_cand048,34.504955352654406,34.999722998774004,2.9748528462884964,0.015491226505659875,0.36660943145139924,0.6297625211635922,True,cluster0000,26.059916548347463,16.620575539975885,100.0,27
58,2019-04-26T05:38:41.000000000,2019-04-26T05:38:41_cand049,34.516955352654406,35.008722998774005,2.9748528462884964,0.015491226505659875,0.3650029973053998,0.6738613855510018,True,cluster0000,26.059916548347463,16.620575539975885,100.0,28
58,2019-04-26T05:38:41.000000000,2019-04-26T05:38:41_cand051,34.4269553526544,35.050722998774006,2.970326663440182,0.015467656894881731,0.3629009533658958,0.5825028160832253,True,cluster0000,26.059916548347463,16.620575539975885,100.0,29
58,2019-04-26T05:38:41.000000000,2019-04-26T05:38:41_cand026,34.705955352654414,35.24272299877401,9.282193475376177,0.048336025015761674,0.3525773399734497,,False,cluster0000,26.059916548347463,16.620575539975885,100.0,30
58,2019-04-26T05:38:41.000000000,2019-04-26T05:38:41_cand032,34.714955352654414,35.18872299877401,5.9868767394482125,0.03117601724332974,0.3523076739298335,0.44177795740458,True,cluster0000,26.059916548347463,16.620575539975885,100.0,31
58,2019-04-26T05:38:41.000000000,2019-04-26T05:38:41_cand027,34.4359553526544,35.014722998774005,8.93644750635733,0.04653559003755019,0.34885724728825357,,False,cluster0000,26.059916548347463,16.620575539975885,100.0,32
58,2019-04-26T05:38:41.000000000,2019-04-26T05:38:41_cand029,34.79595535265442,35.50372299877402,6.335589356481493,0.03299190072226674,0.333924441315098,,False,cluster0000,26.059916548347463,16.620575539975885,100.0,33
58,2019-04-26T05:38:41.000000000,2019-04-26T05:38:41_cand035,34.56795535265441,35.08672299877401,5.900616127246003,0.030726824375249394,0.33294153277193,,False,cluster0000,26.059916548347463,16.620575539975885,100.0,34
58,2019-04-26T05:38:41.000000000,2019-04-26T05:38:41_cand046,34.726955352654414,35.17972299877401,3.0053158768191457,0.015649859463450672,0.3321158751617041,0.4211390446554272,True,cluster0000,26.059916548347463,16.620575539975885,100.0,35
58,2019-04-26T05:38:41.000000000,2019-04-26T05:38:41_cand034,34.57695535265441,35.038722998774006,5.9563920379092705,0.031017271436092123,0.32922341425219037,,False,cluster0000,26.059916548347463,16.620575539975885,100.0,36
58,2019-04-26T05:38:41.000000000,2019-04-26T05:38:41_cand028,34.720955352654414,35.39272299877402,6.425136890475665,0.03345820988235097,0.32898544431815874,,False,cluster0000,26.059916548347463,16.620575539975885,100.0,37
58,2019-04-26T05:38:41.000000000,2019-04-26T05:38:41_cand052,34.4389553526544,35.059722998774006,2.970326663440182,0.015467656894881731,0.32071716328665145,0.6152952570371936,True,cluster0000,26.059916548347463,16.620575539975885,100.0,38
58,2019-04-26T05:38:41.000000000,2019-04-26T05:38:41_cand044,34.65495535265441,35.15572299877401,3.049091028885803,0.015877813863558344,0.31965554297763343,0.35222842938632337,True,cluster0000,26.059916548347463,16.620575539975885,100.0,39
58,2019-04-26T05:38:41.000000000,2019-04-26T05:38:41_cand042,34.68195535265441,35.20972299877401,3.0762368334421053,0.016019172723572114,0.3174362178514977,0.35403194986221287,True,cluster0000,26.059916548347463,16.620575539975885,100.0,40
58,2019-04-26T05:38:41.000000000,2019-04-26T05:38:41_cand050,34.54995535265441,35.08972299877401,2.9733534134750172,0.015483418370419638,0.3109083335609332,,False,cluster0000,26.059916548347463,16.620575539975885,100.0,41
58,2019-04-26T05:38:41.000000000,2019-04-26T05:38:41_cand041,34.87095535265442,35.43472299877402,3.1191523432560464,0.01624265062902988,0.3107624788234924,,False,cluster0000,26.059916548347463,16.620575539975885,100.0,42
58,2019-04-26T05:38:41.000000000,2019-04-26T05:38:41_cand040,34.86495535265442,35.41972299877402,3.1191523432560464,0.01624265062902988,0.3105994110806012,,False,cluster0000,26.059916548347463,16.620575539975885,100.0,43
58,2019-04-26T05:38:41.000000000,2019-04-26T05:38:41_cand039,34.69995535265441,35.20972299877401,3.1259960981185806,0.01627828874701511,0.3096448445289845,0.3628554282894282,True,cluster0000,26.059916548347463,16.620575539975885,100.0,44
58,2019-04-26T05:38:41.000000000,2019-04-26T05:38:41_cand047,34.59795535265441,35.038722998774006,2.980920489482437,0.01552282310553544,0.3089913405023895,,False,cluster0000,26.059916548347463,16.620575539975885,100.0,45
58,2019-04-26T05:38:41.000000000,2019-04-26T05:38:41_cand053,34.61895535265441,35.13772299877401,2.9302896598226966,0.015259168501104476,0.3088459039246917,,False,cluster0000,26.059916548347463,16.620575539975885,100.0,46
58,2019-04-26T05:38:41.000000000,2019-04-26T05:38:41_cand038,34.80195535265442,35.305722998774016,3.2020168929194943,0.016674158866396147,0.3087157575853121,,False,cluster0003,2.747574948866731,1.707054176081584,0.0,47
58,2019-04-26T05:38:41.000000000,2019-04-26T05:38:41_cand031,34.477955352654405,35.002722998774004,5.993343784849417,0.03120969368727803,0.30647261453716695,,False,cluster0000,26.059916548347463,16.620575539975885,100.0,48
58,2019-04-26T05:38:41.000000000,2019-04-26T05:38:41_cand036,34.63095535265441,35.12572299877401,5.85007111935586,0.030463616678460804,0.290018434883815,,False,cluster0000,26.059916548347463,16.620575539975885,100.0,49
58,2019-04-26T05:38:41.000000000,2019-04-26T05:38:41_cand043,34.64295535265441,35.14672299877401,3.049091028885803,0.015877813863558344,0.28568410608342826,,False,cluster0000,26.059916548347463,16.620575539975885,100.0,50
58,2019-04-26T05:38:41.000000000,2019-04-26T05:38:41_cand024,34.480955352654405,35.038722998774006,13.878938960159175,0.07227308314032915,0.27961691793577675,,False,cluster0000,26.059916548347463,16.620575539975885,100.0,51
58,2019-04-26T05:38:41.000000000,2019-04-26T05:38:41_cand033,34.453955352654404,35.002722998774004,5.972509830804818,0.031101203110503434,0.26581681226642906,,False,cluster0000,26.059916548347463,16.620575539975885,100.0,52
58,2019-04-26T05:38:41.000000000,2019-04-26T05:38:41_cand045,34.495955352654406,35.06872299877401,3.0110806624367825,0.015679878965044105,0.2549679321350247,,False,cluster0000,26.059916548347463,16.620575539975885,100.0,53
58,2019-04-26T05:38:41.000000000,2019-04-26T05:38:41_cand037,34.726955352654414,35.36872299877402,3.270616902851434,0.01703138604604372,0.24051297271866995,,False,cluster0000,26.059916548347463,16.620575539975885,100.0,54
59,2019-04-26T04:38:41.000000000,2019-04-26T04:38:41_cand000,34.81995535265442,35.47372299877402,311.6279225892798,1.6399519758091252,2.3014895130380744,,False,cluster0000,26.059916548347463,16.620575539975885,100.0,1
59,2019-04-26T04:38:41.000000000,2019-04-26T04:38:41_cand001,34.79295535265442,35.46172299877402,288.45920303499565,1.5180258432138334,2.1695074599528112,,False,cluster0000,26.059916548347463,16.620575539975885,100.0,2
59,2019-04-26T04:38:41.000000000,2019-04-26T04:38:41_cand003,34.82895535265442,35.41672299877402,196.63143272703044,1.034779245478196,1.5613493355071602,,False,cluster0000,26.059916548347463,16.620575539975885,100.0,3
59,2019-04-26T04:38:41.000000000,2019-04-26T04:38:41_cand002,34.738955352654415,35.311722998774016,200.60051850600695,1.0556666871788787,1.5497566021643645,,False,cluster0000,26.059916548347463,16.620575539975885,100.0,4
59,2019-04-26T04:38:41.000000000,2019-04-26T04:38:41_cand005,34.768955352654416,35.33272299877402,181.6672863757654,0.9560299435185063,1.4225446842399354,,False,cluster0000,26.059916548347463,16.620575539975885,100.0,5
59,2019-04-26T04:38:41.000000000,2019-04-26T04:38:41_cand004,34.750955352654415,35.32972299877402,184.25475205973007,0.9696465649865023,1.4120613692722979,,False,cluster0000,26.059916548347463,16.620575539975885,100.0,6
59,2019-04-26T04:38:41.000000000,2019-04-26T04:38:41_cand006,34.81395535265442,35.39872299877402,164.94267924268746,0.8680161600146719,1.3615512422106006,,False,cluster0000,26.059916548347463,16.620575539975885,100.0,7
59,2019-04-26T04:38:41.000000000,2019-04-26T04:38:41_cand007,34.744955352654415,35.281722998774015,156.622379297735,0.8242303136737036,1.2666101297259782,,False,cluster0000,26.059916548347463,16.620575539975885,100.0,8
59,2019-04-26T04:38:41.000000000,2019-04-26T04:38:41_cand008,34.771955352654416,35.35972299877402,130.76597314315995,0.6881601438115333,1.0992306541896264,,False,cluster0000,26.059916548347463,16.620575539975885,100.0,9
59,2019-04-26T04:38:41.000000000,2019-04-26T04:38:41_cand009,34.79295535265442,35.38672299877402,103.36221469518266,0.5439469826867274,0.883724531413585,,False,cluster0000,26.059916548347463,16.620575539975885,100.0,10
59,2019-04-26T04:38:41.000000000,2019-04-26T04:38:41_cand010,34.735955352654415,35.254722998774014,93.1532468734444,0.4902219608365596,0.8249154850985515,,False,cluster0000,26.059916548347463,16.620575539975885,100.0,11
59,2019-04-26T04:38:41.000000000,2019-04-26T04:38:41_cand011,34.729955352654414,35.22472299877401,45.55138494734769,0.23971562985933367,0.5498306574616292,,False,cluster0000,26.059916548347463,16.620575539975885,100.0,12
59,2019-04-26T04:38:41.000000000,2019-04-26T04:38:41_cand013,34.54095535265441,35.06872299877401,33.06688437011833,0.17401554362026517,0.5204696194923686,,False,cluster0000,26.059916548347463,16.620575539975885,100.0,13
59,2019-04-26T04:38:41.000000000,2019-04-26T04:38:41_cand012,34.753955352654415,35.40772299877402,35.620657054545504,0.1874548545934141,0.520411675943775,,False,cluster0000,26.059916548347463,16.620575539975885,100.0,14
59,2019-04-26T04:38:41.000000000,2019-04-26T04:38:41_cand016,34.58295535265441,35.059722998774006,31.45965148529717,0.16555742881736996,0.5158107361681038,,False,cluster0000,26.059916548347463,16.620575539975885,100.0,15
59,2019-04-26T04:38:41.000000000,2019-04-26T04:38:41_cand014,34.61295535265441,35.10772299877401,32.446575943326714,0.17075115055280338,0.5063260694009969,,False,cluster0000,26.059916548347463,16.620575539975885,100.0,16
59,2019-04-26T04:38:41.000000000,2019-04-26T04:38:41_cand015,34.55595535265441,35.06572299877401,31.700825503383754,0.1668266148523974,0.49760447147789916,,False,cluster0000,26.059916548347463,16.620575539975885,100.0,17
59,2019-04-26T04:38:41.000000000,2019-04-26T04:38:41_cand017,34.52295535265441,35.056722998774006,26.24547563376246,0.1381176605228881,0.4779641694458007,,False,cluster0000,26.059916548347463,16.620575539975885,100.0,18
59,2019-04-26T04:38:41.000000000,2019-04-26T04:38:41_cand018,34.60695535265441,35.06872299877401,26.142348187428283,0.13757494901625977,0.45867363878654116,,False,cluster0000,26.059916548347463,16.620575539975885,100.0,19
59,2019-04-26T04:38:41.000000000,2019-04-26T04:38:41_cand020,34.501955352654406,35.023722998774005,18.056394698384032,0.09502235844453485,0.4570662826911584,0.6262036121678067,True,cluster0000,26.059916548347463,16.620575539975885,100.0,20
59,2019-04-26T04:38:41.000000000,2019-04-26T04:38:41_cand019,34.501955352654406,35.047722998774006,22.152917917132136,0.1165804437749956,0.4561508816974105,,False,cluster0000,26.059916548347463,16.620575539975885,100.0,21
59,2019-04-26T04:38:41.000000000,2019-04-26T04:38:41_cand022,34.753955352654415,35.38972299877402,16.291701362219268,0.08573560294684199,0.4018714170843711,,False,cluster0000,26.059916548347463,16.620575539975885,100.0,22
59,2019-04-26T04:38:41.000000000,2019-04-26T04:38:41_cand030,34.52295535265441,35.029722998774005,6.067861063060325,0.03193231420541311,0.39593070046860607,0.6502757780335338,True,cluster0000,26.059916548347463,16.620575539975885,100.0,23
59,2019-04-26T04:38:41.000000000,2019-04-26T04:38:41_cand023,34.456955352654404,35.023722998774005,15.053593218089732,0.079220018976189,0.390706626414181,,False,cluster0000,26.059916548347463,16.620575539975885,100.0,24
59,2019-04-26T04:38:41.000000000,2019-04-26T04:38:41_cand025,34.474955352654405,35.056722998774006,12.06491767663912,0.06349201771580724,0.39051733437992164,0.5347484559927425,True,cluster0000,26.059916548347463,16.620575539975885,100.0,25
59,2019-04-26T04:38:41.000000000,2019-04-26T04:38:41_cand021,34.474955352654405,35.023722998774005,18.047118850605447,0.09497354399695454,0.39009307515971076,,False,cluster0000,26.059916548347463,16.620575539975885,100.0,26
59,2019-04-26T04:38:41.000000000,2019-04-26T04:38:41_cand051,34.516955352654406,35.002722998774004,2.9899179204841495,0.015734539320045413,0.37347582042413313,0.7238953610964652,True,cluster0000,26.059916548347463,16.620575539975885,100.0,27
59,2019-04-26T04:38:41.000000000,2019-04-26T04:38:41_cand050,34.501955352654406,35.005722998774004,2.9899179204841495,0.015734539320045413,0.3702898970696912,0.6532624536144047,True,cluster0000,26.059916548347463,16.620575539975885,100.0,28
59,2019-04-26T04:38:41.000000000,2019-04-26T04:38:41_cand048,34.4299553526544,35.047722998774006,2.991546920545713,0.01574311198531673,0.3701607003809158,0.6133066491189132,True,cluster0000,26.059916548347463,16.620575539975885,100.0,29
59,2019-04-26T04:38:41.000000000,2019-04-26T04:38:41_cand043,34.450955352654404,35.053722998774006,3.0493592147072293,0.016047351044668274,0.36803664381837276,0.605880144235261,True,cluster0000,26.059916548347463,16.620575539975885,100.0,30
59,2019-04-26T04:38:41.000000000,2019-04-26T04:38:41_cand034,34.714955352654414,35.19172299877401,5.970051183348394,0.03141758656433891,0.36300866594845327,0.49953597939673544,True,cluster0000,26.059916548347463,16.620575539975885,100.0,31
59,2019-04-26T04:38:41.000000000,2019-04-26T04:38:41_cand027,34.708955352654414,35.251722998774014,9.283118093274236,0.04885270784543693,0.35405653082548183,,False,cluster0000,26.059916548347463,16.620575539975885,100.0,32
59,2019-04-26T04:38:41.000000000,2019-04-26T04:38:41_cand028,34.4359553526544,35.017722998774005,9.00918645104608,0.047411133758698924,0.3510160231579657,,False,cluster0000,26.059916548347463,16.620575539975885,100.0,33
59,2019-04-26T04:38:41.000000000,2019-04-26T04:38:41_cand029,34.69995535265441,35.21572299877401,6.199945076193285,0.03262741057710663,0.35025531262992016,0.48243681910734665,True,cluster0000,26.059916548347463,16.620575539975885,100.0,34
59,2019-04-26T04:38:41.000000000,2019-04-26T04:38:41_cand024,34.55895535265441,35.044722998774006,13.863994153538114,0.07295971559861475,0.3463104985864125,,False,cluster0000,26.059916548347463,16.620575539975885,100.0,35
59,2019-04-26T04:38:41.000000000,2019-04-26T04:38:41_cand047,34.726955352654414,35.18272299877401,2.9954030884550065,0.0157634051930927,0.3389130149601619,0.4553896957207214,True,cluster0000,26.059916548347463,16.620575539975885,100.0,36
59,2019-04-26T04:38:41.000000000,2019-04-26T04:38:41_cand049,34.4359553526544,35.06272299877401,2.991546920545713,0.01574311198531673,0.3325467561384795,0.6694228200962609,True,cluster0000,26.059916548347463,16.620575539975885,100.0,37
59,2019-04-26T04:38:41.000000000,2019-04-26T04:38:41_cand041,34.68795535265441,35.22472299877401,3.0761457314375185,0.01618831595138101,0.3317686045767876,0.41944142319339384,True,cluster0000,26.059916548347463,16.620575539975885,100.0,38
59,2019-04-26T04:38:41.000000000,2019-04-26T04:38:41_cand046,34.65795535265441,35.16172299877401,3.0146226001698033,0.015864548492283862,0.3302341179060466,0.4026902547650642,True,cluster0000,26.059916548347463,16.620575539975885,100.0,39
59,2019-04-26T04:38:41.000000000,2019-04-26T04:38:41_cand035,34.57995535265441,35.041722998774006,5.924550254002389,0.031178136458706117,0.3293359264352812,,False,cluster0000,26.059916548347463,16.620575539975885,100.0,40
59,2019-04-26T04:38:41.000000000,2019-04-26T04:38:41_cand026,34.741955352654415,35.38072299877402,9.784217982821101,0.051489762147606144,0.3214682459346488,,False,cluster0000,26.059916548347463,16.620575539975885,100.0,41
59,2019-04-26T04:38:41.000000000,2019-04-26T04:38:41_cand031,34.483955352654405,35.07172299877401,6.038758673322205,0.03177916194243474,0.31379609478430776,,False,cluster0000,26.059916548347463,16.620575539975885,100.0,42
59,2019-04-26T04:38:41.000000000,2019-04-26T04:38:41_cand038,34.78995535265442,35.512722998774024,3.1755368604652925,0.016711364967889792,0.31132487836564293,,False,cluster0000,26.059916548347463,16.620575539975885,100.0,43
59,2019-04-26T04:38:41.000000000,2019-04-26T04:38:41_cand040,34.87695535265442,35.43772299877402,3.15969801268953,0.016628012521521768,0.31125560062893765,,False,cluster0000,26.059916548347463,16.620575539975885,100.0,44
59,2019-04-26T04:38:41.000000000,2019-04-26T04:38:41_cand052,34.60095535265441,35.041722998774006,2.961279373800285,0.015583828046073969,0.3102313301519715,,False,cluster0000,26.059916548347463,16.620575539975885,100.0,45
59,2019-04-26T04:38:41.000000000,2019-04-26T04:38:41_cand037,34.80495535265442,35.515722998774024,3.187990756629479,0.016776903997419882,0.3093779189054389,,False,cluster0000,26.059916548347463,16.620575539975885,100.0,46
59,2019-04-26T04:38:41.000000000,2019-04-26T04:38:41_cand053,34.54995535265441,35.09272299877401,2.9573769579816847,0.015563291457186273,0.3093766488210822,,False,cluster0000,26.059916548347463,16.620575539975885,100.0,47
59,2019-04-26T04:38:41.000000000,2019-04-26T04:38:41_cand042,34.750955352654415,35.49172299877402,3.055766423729426,0.0160810691884343,0.30899397631919245,,False,cluster0000,26.059916548347463,16.620575539975885,100.0,48
59,2019-04-26T04:38:41.000000000,2019-04-26T04:38:41_cand039,34.87095535265442,35.42272299877402,3.15969801268953,0.016628012521521768,0.30888875367564295,,False,cluster0000,26.059916548347463,16.620575539975885,100.0,49
59,2019-04-26T04:38:41.000000000,2019-04-26T04:38:41_cand032,34.471955352654405,35.005722998774004,6.03597258802758,0.03176450007887088,0.30800008565319015,,False,cluster0000,26.059916548347463,16.620575539975885,100.0,50
59,2019-04-26T04:38:41.000000000,2019-04-26T04:38:41_cand036,34.63095535265441,35.13472299877401,5.792752207649006,0.03048454499639712,0.2916823725318502,,False,cluster0000,26.059916548347463,16.620575539975885,100.0,51
59,2019-04-26T04:38:41.000000000,2019-04-26T04:38:41_cand045,34.64595535265441,35.15272299877401,3.0146226001698033,0.015864548492283862,0.28613442937695105,,False,cluster0000,26.059916548347463,16.620575539975885,100.0,52
59,2019-04-26T04:38:41.000000000,2019-04-26T04:38:41_cand033,34.453955352654404,35.005722998774004,6.0179971506195304,0.031669903760773235,0.2668100293637887,,False,cluster0000,26.059916548347463,16.620575539975885,100.0,53
59,2019-04-26T04:38:41.000000000,2019-04-26T04:38:41_cand044,34.498955352654406,35.07172299877401,3.0189687431018597,0.015887420209392374,0.2549837009848063,,False,cluster0000,26.059916548347463,16.620575539975885,100.0,54
60,2019-04-26T03:38:41.000000000,2019-04-26T03:38:41_cand000,34.82595535265442,35.47972299877402,299.50813599906854,1.5784060231855364,2.254104858614785,,False,cluster0000,26.059916548347463,16.620575539975885,100.0,1
60,2019-04-26T03:38:41.000000000,2019-04-26T03:38:41_cand001,34.79895535265442,35.47072299877402,278.8680037099797,1.4696326537551132,2.1349760020523765,,False,cluster0000,26.059916548347463,16.620575539975885,100.0,2
60,2019-04-26T03:38:41.000000000,2019-04-26T03:38:41_cand002,34.82895535265442,35.41972299877402,200.98532030751835,1.0591913942072273,1.6038957739579474,,False,cluster0000,26.059916548347463,16.620575539975885,100.0,3
60,2019-04-26T03:38:41.000000000,2019-04-26T03:38:41_cand003,34.741955352654415,35.320722998774016,199.68556435440988,1.0523416883779872,1.566487359577889,,False,cluster0000,26.059916548347463,16.620575539975885,100.0,4
60,2019-04-26T03:38:41.000000000,2019-04-26T03:38:41_cand004,34.762955352654416,35.33572299877402,197.71650631268284,1.0419647646837555,1.5439761642509338,,False,cluster0000,26.059916548347463,16.620575539975885,100.0,5
60,2019-04-26T03:38:41.000000000,2019-04-26T03:38:41_cand005,34.747955352654415,35.293722998774015,156.66354510864164,0.8256159131979238,1.2816527754223186,,False,cluster0000,26.059916548347463,16.620575539975885,100.0,6
60,2019-04-26T03:38:41.000000000,2019-04-26T03:38:41_cand006,34.738955352654415,35.266722998774014,93.48614137590303,0.49267138650470194,0.8303961921008503,,False,cluster0000,26.059916548347463,16.620575539975885,100.0,7
60,2019-04-26T03:38:41.000000000,2019-04-26T03:38:41_cand007,34.729955352654414,35.23672299877401,39.517991461329515,0.20825957044102164,0.5145120454051707,,False,cluster0000,26.059916548347463,16.620575539975885,100.0,8
60,2019-04-26T03:38:41.000000000,2019-04-26T03:38:41_cand008,34.61895535265441,35.11072299877401,32.08413700135161,0.16908320344192856,0.5093450479443917,,False,cluster0000,26.059916548347463,16.620575539975885,100.0,9
60,2019-04-26T03:38:41.000000000,2019-04-26T03:38:41_cand010,34.54395535265441,35.06572299877401,29.873149740728117,0.15743131426131057,0.5019336633312991,,False,cluster0000,26.059916548347463,16.620575539975885,100.0,10
60,2019-04-26T03:38:41.000000000,2019-04-26T03:38:41_cand009,34.55895535265441,35.07472299877401,30.36814863779577,0.16003995538551766,0.4984617259069707,,False,cluster0000,26.059916548347463,16.620575539975885,100.0,11
60,2019-04-26T03:38:41.000000000,2019-04-26T03:38:41_cand011,34.58595535265441,35.07172299877401,29.105458107176972,0.15338558410341582,0.4965871800930431,,False,cluster0000,26.059916548347463,16.620575539975885,100.0,12
60,2019-04-26T03:38:41.000000000,2019-04-26T03:38:41_cand013,34.501955352654406,35.041722998774006,24.175074970712345,0.1274024954863094,0.4862164184448706,0.5847926367159054,True,cluster0000,26.059916548347463,16.620575539975885,100.0,13
60,2019-04-26T03:38:41.000000000,2019-04-26T03:38:41_cand012,34.60395535265441,35.11072299877401,25.602207646828788,0.1349234758575207,0.47986090950433713,,False,cluster0000,26.059916548347463,16.620575539975885,100.0,14
60,2019-04-26T03:38:41.000000000,2019-04-26T03:38:41_cand014,34.516955352654406,35.056722998774006,24.097659312111016,0.12699451544457327,0.4621361964172433,,False,cluster0000,26.059916548347463,16.620575539975885,100.0,15
60,2019-04-26T03:38:41.000000000,2019-04-26T03:38:41_cand015,34.60995535265441,35.07172299877401,23.024200049350824,0.12133739177301377,0.4410684058773521,,False,cluster0000,26.059916548347463,16.620575539975885,100.0,16
60,2019-04-26T03:38:41.000000000,2019-04-26T03:38:41_cand016,34.756955352654415,35.40472299877402,19.389389945087505,0.10218196501785305,0.41970924387058883,,False,cluster0000,26.059916548347463,16.620575539975885,100.0,17
60,2019-04-26T03:38:41.000000000,2019-04-26T03:38:41_cand017,34.744955352654415,35.41972299877402,19.01363774760062,0.10020175326246906,0.4148612906389124,,False,cluster0000,26.059916548347463,16.620575539975885,100.0,18
60,2019-04-26T03:38:41.000000000,2019-04-26T03:38:41_cand033,34.52295535265441,35.032722998774005,6.0602706670998145,0.0319375889111564,0.3940011605207933,0.6399866341681917,True,cluster0000,26.059916548347463,16.620575539975885,100.0,19
60,2019-04-26T03:38:41.000000000,2019-04-26T03:38:41_cand018,34.453955352654404,35.026722998774005,15.155664137185756,0.07987025621095455,0.3925466596826971,,False,cluster0000,26.059916548347463,16.620575539975885,100.0,20
60,2019-04-26T03:38:41.000000000,2019-04-26T03:38:41_cand047,34.4329553526544,35.053722998774006,3.007673183753486,0.015850419065159833,0.3824967139687037,0.6744576849183825,True,cluster0000,26.059916548347463,16.620575539975885,100.0,21
60,2019-04-26T03:38:41.000000000,2019-04-26T03:38:41_cand024,34.86195535265442,35.45872299877402,13.134878113377606,0.06922072637127816,0.3797169726143927,,False,cluster0000,26.059916548347463,16.620575539975885,100.0,22
60,2019-04-26T03:38:41.000000000,2019-04-26T03:38:41_cand045,34.450955352654404,35.059722998774006,3.058077114479253,0.016116047468155956,0.3791585591034808,0.6586323951429803,True,cluster0000,26.059916548347463,16.620575539975885,100.0,23
60,2019-04-26T03:38:41.000000000,2019-04-26T03:38:41_cand020,34.477955352654405,35.059722998774006,15.078397942407905,0.07946306384264316,0.37502475145886593,,False,cluster0000,26.059916548347463,16.620575539975885,100.0,24
60,2019-04-26T03:38:41.000000000,2019-04-26T03:38:41_cand019,34.468955352654405,35.023722998774005,15.12917957044486,0.07973068270813184,0.37226103624214496,,False,cluster0000,26.059916548347463,16.620575539975885,100.0,25
60,2019-04-26T03:38:41.000000000,2019-04-26T03:38:41_cand049,34.501955352654406,35.005722998774004,2.999429978440619,0.015806977424174747,0.371280556709852,0.6532624536144047,True,cluster0000,26.059916548347463,16.620575539975885,100.0,26
60,2019-04-26T03:38:41.000000000,2019-04-26T03:38:41_cand025,34.441955352654404,35.017722998774005,12.119683717699727,0.06387065818866576,0.37068522808000054,,False,cluster0000,26.059916548347463,16.620575539975885,100.0,27
60,2019-04-26T03:38:41.000000000,2019-04-26T03:38:41_cand050,34.513955352654406,35.014722998774005,2.999429978440619,0.015806977424174747,0.3685911516664746,0.6856331119111002,True,cluster0000,26.059916548347463,16.620575539975885,100.0,28
60,2019-04-26T03:38:41.000000000,2019-04-26T03:38:41_cand026,34.711955352654414,35.257722998774014,9.288288451487581,0.04894922265803908,0.3638471188958505,0.4037902094020661,True,cluster0000,26.059916548347463,16.620575539975885,100.0,29
60,2019-04-26T03:38:41.000000000,2019-04-26T03:38:41_cand036,34.714955352654414,35.20072299877401,5.961806024665065,0.03141868085488143,0.36374046053625286,0.49852079489263856,True,cluster0000,26.059916548347463,16.620575539975885,100.0,30
60,2019-04-26T03:38:41.000000000,2019-04-26T03:38:41_cand022,34.58595535265441,35.08972299877401,14.412357114263044,0.07595303280016558,0.35740819834027343,,False,cluster0000,26.059916548347463,16.620575539975885,100.0,31
60,2019-04-26T03:38:41.000000000,2019-04-26T03:38:41_cand023,34.55895535265441,35.047722998774006,13.752320454979166,0.0724746436904281,0.34716215188613286,,False,cluster0000,26.059916548347463,16.620575539975885,100.0,32
60,2019-04-26T03:38:41.000000000,2019-04-26T03:38:41_cand052,34.726955352654414,35.18872299877401,2.990289288903572,0.015758806046882384,0.3455297572101773,0.4891683788671374,True,cluster0000,26.059916548347463,16.620575539975885,100.0,33
60,2019-04-26T03:38:41.000000000,2019-04-26T03:38:41_cand048,34.4389553526544,35.06872299877401,3.007673183753486,0.015850419065159833,0.34434175790311844,0.7235272032168136,True,cluster0000,26.059916548347463,16.620575539975885,100.0,34
60,2019-04-26T03:38:41.000000000,2019-04-26T03:38:41_cand029,34.70295535265441,35.22472299877401,6.19860882955251,0.03266663017116556,0.3431896918146785,0.4480688019381469,True,cluster0000,26.059916548347463,16.620575539975885,100.0,35
60,2019-04-26T03:38:41.000000000,2019-04-26T03:38:41_cand043,34.68795535265441,35.22472299877401,3.0751190189447635,0.016205858199224037,0.3389568103198181,0.45790296165493233,True,cluster0000,26.059916548347463,16.620575539975885,100.0,36
60,2019-04-26T03:38:41.000000000,2019-04-26T03:38:41_cand054,34.65795535265441,35.16772299877401,2.976286393759695,0.015685010876132166,0.3378026431099643,0.4403402986731326,True,cluster0000,26.059916548347463,16.620575539975885,100.0,37
60,2019-04-26T03:38:41.000000000,2019-04-26T03:38:41_cand027,34.87395535265442,35.48572299877402,6.726889600792946,0.03545066656629573,0.33272806810921435,,False,cluster0000,26.059916548347463,16.620575539975885,100.0,38
60,2019-04-26T03:38:41.000000000,2019-04-26T03:38:41_cand028,34.732955352654415,35.43472299877402,6.229279582941492,0.03282826485171714,0.3312443071504587,,False,cluster0000,26.059916548347463,16.620575539975885,100.0,39
60,2019-04-26T03:38:41.000000000,2019-04-26T03:38:41_cand037,34.59795535265441,35.047722998774006,5.866516398364666,0.03091650511398564,0.3307995375795337,,False,cluster0000,26.059916548347463,16.620575539975885,100.0,40
60,2019-04-26T03:38:41.000000000,2019-04-26T03:38:41_cand030,34.732955352654415,35.46172299877402,6.125435069254073,0.032281004907234345,0.32982398393116014,,False,cluster0004,0.9464472929940235,0.0,0.0,41
60,2019-04-26T03:38:41.000000000,2019-04-26T03:38:41_cand034,34.4269553526544,35.011722998774005,6.056278470768632,0.03191655006119709,0.32958405019894843,,False,cluster0000,26.059916548347463,16.620575539975885,100.0,42
60,2019-04-26T03:38:41.000000000,2019-04-26T03:38:41_cand044,34.69395535265441,35.23972299877401,3.0751190189447635,0.016205858199224037,0.32914503105847126,0.4096813689899421,True,cluster0000,26.059916548347463,16.620575539975885,100.0,43
60,2019-04-26T03:38:41.000000000,2019-04-26T03:38:41_cand035,34.486955352654405,35.07772299877401,6.03068009683722,0.031781646788996094,0.31484809015411214,,False,cluster0000,26.059916548347463,16.620575539975885,100.0,44
60,2019-04-26T03:38:41.000000000,2019-04-26T03:38:41_cand042,34.79295535265442,35.521722998774024,3.1711106332223893,0.0167117334124155,0.30990067461187043,,False,cluster0000,26.059916548347463,16.620575539975885,100.0,45
60,2019-04-26T03:38:41.000000000,2019-04-26T03:38:41_cand040,34.87695535265442,35.42872299877402,3.20544760299995,0.016892689030646217,0.3096523187266386,,False,cluster0000,26.059916548347463,16.620575539975885,100.0,46
60,2019-04-26T03:38:41.000000000,2019-04-26T03:38:41_cand046,34.756955352654415,35.50072299877402,3.056933211372868,0.016110019105864442,0.3095553967892716,,False,cluster0000,26.059916548347463,16.620575539975885,100.0,47
60,2019-04-26T03:38:41.000000000,2019-04-26T03:38:41_cand056,34.63995535265441,35.12272299877401,2.860722926602361,0.015075992119386582,0.3093607521589979,,False,cluster0000,26.059916548347463,16.620575539975885,100.0,48
60,2019-04-26T03:38:41.000000000,2019-04-26T03:38:41_cand055,34.55595535265441,35.09572299877401,2.9295618147016214,0.015438772633654833,0.30862543645221624,,False,cluster0000,26.059916548347463,16.620575539975885,100.0,49
60,2019-04-26T03:38:41.000000000,2019-04-26T03:38:41_cand031,34.474955352654405,35.008722998774005,6.075019880884878,0.032015317176527024,0.3078915491634419,,False,cluster0000,26.059916548347463,16.620575539975885,100.0,50
60,2019-04-26T03:38:41.000000000,2019-04-26T03:38:41_cand038,34.63095535265441,35.13772299877401,5.730509461534977,0.030199749398582755,0.2915212605445112,,False,cluster0000,26.059916548347463,16.620575539975885,100.0,51
60,2019-04-26T03:38:41.000000000,2019-04-26T03:38:41_cand053,34.64595535265441,35.15872299877401,2.976286393759695,0.015685010876132166,0.2865039800026581,,False,cluster0000,26.059916548347463,16.620575539975885,100.0,52
60,2019-04-26T03:38:41.000000000,2019-04-26T03:38:41_cand021,34.474955352654405,35.038722998774006,15.07078373399364,0.07942293701142111,0.28650356421463224,,False,cluster0000,26.059916548347463,16.620575539975885,100.0,53
60,2019-04-26T03:38:41.000000000,2019-04-26T03:38:41_cand039,34.732955352654415,35.38972299877402,3.2216726164067415,0.016978194750890244,0.27492321901185435,,False,cluster0000,26.059916548347463,16.620575539975885,100.0,54
60,2019-04-26T03:38:41.000000000,2019-04-26T03:38:41_cand032,34.453955352654404,35.008722998774005,6.062404852426237,0.03194883605461908,0.2679516180552595,,False,cluster0000,26.059916548347463,16.620575539975885,100.0,55
60,2019-04-26T03:38:41.000000000,2019-04-26T03:38:41_cand041,34.87995535265442,35.44672299877402,3.20544760299995,0.016892689030646217,0.2661595018553242,,False,cluster0000,26.059916548347463,16.620575539975885,100.0,56
60,2019-04-26T03:38:41.000000000,2019-04-26T03:38:41_cand051,34.507955352654406,35.07772299877401,2.9987870352197294,0.015803589117379564,0.2555674007561495,,False,cluster0000,26.059916548347463,16.620575539975885,100.0,57
61,2019-04-26T02:38:41.000000000,2019-04-26T02:38:41_cand000,34.83195535265442,35.49172299877402,304.581828685521,1.6323954939647394,2.3273148555596817,,False,cluster0000,26.059916548347463,16.620575539975885,100.0,1
61,2019-04-26T02:38:41.000000000,2019-04-26T02:38:41_cand001,34.80195535265442,35.47372299877402,284.01589667696277,1.5221731117404267,2.2107908910800864,,False,cluster0000,26.059916548347463,16.620575539975885,100.0,2
61,2019-04-26T02:38:41.000000000,2019-04-26T02:38:41_cand002,34.744955352654415,35.33272299877402,213.326263228649,1.1433145317356768,1.6916130266918494,,False,cluster0000,26.059916548347463,16.620575539975885,100.0,3
61,2019-04-26T02:38:41.000000000,2019-04-26T02:38:41_cand003,34.762955352654416,35.35672299877402,204.49982127564328,1.0960095295495342,1.610969548124595,,False,cluster0000,26.059916548347463,16.620575539975885,100.0,4
61,2019-04-26T02:38:41.000000000,2019-04-26T02:38:41_cand004,34.768955352654416,35.33572299877402,197.58476569588336,1.0589485347501013,1.57764377152972,,False,cluster0000,26.059916548347463,16.620575539975885,100.0,5
61,2019-04-26T02:38:41.000000000,2019-04-26T02:38:41_cand005,34.83495535265442,35.42872299877402,192.15526687124003,1.0298493286218668,1.5674177220091052,,False,cluster0000,26.059916548347463,16.620575539975885,100.0,6
61,2019-04-26T02:38:41.000000000,2019-04-26T02:38:41_cand006,34.750955352654415,35.302722998774016,153.331662598537,0.8217756002982199,1.1029246707608857,0.3925991665190073,True,cluster0000,26.059916548347463,16.620575539975885,100.0,7
61,2019-04-26T02:38:41.000000000,2019-04-26T02:38:41_cand007,34.777955352654416,35.37472299877402,131.1399514009103,0.7028399122477832,1.0992668318911791,,False,cluster0000,26.059916548347463,16.620575539975885,100.0,8
61,2019-04-26T02:38:41.000000000,2019-04-26T02:38:41_cand008,34.741955352654415,35.278722998774015,87.64230766132327,0.46971583539453776,0.7366171066003366,0.4758180673067244,True,cluster0000,26.059916548347463,16.620575539975885,100.0,9
61,2019-04-26T02:38:41.000000000,2019-04-26T02:38:41_cand010,34.62195535265441,35.11672299877401,34.552738976235815,0.18518417744212742,0.5327041661781655,,False,cluster0000,26.059916548347463,16.620575539975885,100.0,10
61,2019-04-26T02:38:41.000000000,2019-04-26T02:38:41_cand009,34.729955352654414,35.24572299877401,42.63258791709384,0.2284878408940614,0.5169477287321975,0.42319423052405447,True,cluster0000,26.059916548347463,16.620575539975885,100.0,11
61,2019-04-26T02:38:41.000000000,2019-04-26T02:38:41_cand011,34.54395535265441,35.07172299877401,29.533764179345347,0.1582851602613429,0.5057316640292503,,False,cluster0000,26.059916548347463,16.620575539975885,100.0,12
61,2019-04-26T02:38:41.000000000,2019-04-26T02:38:41_cand013,34.58895535265441,35.07172299877401,28.798070294243242,0.15434223501146513,0.5050366624481376,,False,cluster0000,26.059916548347463,16.620575539975885,100.0,13
61,2019-04-26T02:38:41.000000000,2019-04-26T02:38:41_cand012,34.55895535265441,35.07472299877401,29.15233395821776,0.1562408985372677,0.4899408980320542,,False,cluster0000,26.059916548347463,16.620575539975885,100.0,14
61,2019-04-26T02:38:41.000000000,2019-04-26T02:38:41_cand014,34.52595535265441,35.059722998774006,25.910983715659917,0.1388689970251258,0.48382209130097265,,False,cluster0000,26.059916548347463,16.620575539975885,100.0,15
61,2019-04-26T02:38:41.000000000,2019-04-26T02:38:41_cand015,34.501955352654406,35.044722998774006,24.098825981970187,0.12915680200812513,0.48372411635838164,0.5776267054057975,True,cluster0000,26.059916548347463,16.620575539975885,100.0,16
61,2019-04-26T02:38:41.000000000,2019-04-26T02:38:41_cand016,34.60995535265441,35.07772299877401,22.77721100633849,0.12207365348187145,0.4434275488745547,,False,cluster0000,26.059916548347463,16.620575539975885,100.0,17
61,2019-04-26T02:38:41.000000000,2019-04-26T02:38:41_cand017,34.750955352654415,35.42872299877402,18.899695922627515,0.10129224909623614,0.4164760953105931,,False,cluster0000,26.059916548347463,16.620575539975885,100.0,18
61,2019-04-26T02:38:41.000000000,2019-04-26T02:38:41_cand022,34.450955352654404,35.029722998774005,12.194618136603662,0.0653566228252106,0.4152727255554025,0.5808686763547563,True,cluster0000,26.059916548347463,16.620575539975885,100.0,19
61,2019-04-26T02:38:41.000000000,2019-04-26T02:38:41_cand032,34.52595535265441,35.035722998774006,6.02629754443503,0.03229772767233424,0.3930285506718481,0.6302954375721984,True,cluster0000,26.059916548347463,16.620575539975885,100.0,20
61,2019-04-26T02:38:41.000000000,2019-04-26T02:38:41_cand045,34.4329553526544,35.06272299877401,3.0129841410127454,0.016147981501071846,0.3898845952758261,0.7093134568988808,True,cluster0000,26.059916548347463,16.620575539975885,100.0,21
61,2019-04-26T02:38:41.000000000,2019-04-26T02:38:41_cand043,34.453955352654404,35.06272299877401,3.0544732289657235,0.016370340794518323,0.37939765107388856,0.653786020656631,True,cluster0000,26.059916548347463,16.620575539975885,100.0,22
61,2019-04-26T02:38:41.000000000,2019-04-26T02:38:41_cand026,34.711955352654414,35.275722998774015,9.31518536109898,0.04992440512465521,0.37857061150426974,0.4838129536386533,True,cluster0000,26.059916548347463,16.620575539975885,100.0,23
61,2019-04-26T02:38:41.000000000,2019-04-26T02:38:41_cand019,34.480955352654405,35.06572299877401,15.010170938745722,0.08044647807715322,0.37661216171805295,,False,cluster0000,26.059916548347463,16.620575539975885,100.0,24
61,2019-04-26T02:38:41.000000000,2019-04-26T02:38:41_cand021,34.87095535265442,35.45872299877402,13.25665491708098,0.07104857123315712,0.37585573414547147,,False,cluster0000,26.059916548347463,16.620575539975885,100.0,25
61,2019-04-26T02:38:41.000000000,2019-04-26T02:38:41_cand018,34.468955352654405,35.029722998774005,15.186368489933052,0.08139080259528719,0.3745294223362522,,False,cluster0000,26.059916548347463,16.620575539975885,100.0,26
61,2019-04-26T02:38:41.000000000,2019-04-26T02:38:41_cand047,34.516955352654406,35.008722998774005,3.0033380527138025,0.016096283633403454,0.3716597903515476,0.7123229240125403,True,cluster0000,26.059916548347463,16.620575539975885,100.0,27
61,2019-04-26T02:38:41.000000000,2019-04-26T02:38:41_cand034,34.714955352654414,35.20672299877401,5.964563936006479,0.031966868590359916,0.37088623808541865,0.5311145574836349,True,cluster0000,26.059916548347463,16.620575539975885,100.0,28
61,2019-04-26T02:38:41.000000000,2019-04-26T02:38:41_cand046,34.501955352654406,35.014722998774005,3.0033380527138025,0.016096283633403454,0.3689802906375576,0.6429222524623528,True,cluster0000,26.059916548347463,16.620575539975885,100.0,29
61,2019-04-26T02:38:41.000000000,2019-04-26T02:38:41_cand024,34.756955352654415,35.39872299877402,9.588773443549062,0.05139069073637857,0.362716338434767,,False,cluster0000,26.059916548347463,16.620575539975885,100.0,30
61,2019-04-26T02:38:41.000000000,2019-04-26T02:38:41_cand025,34.738955352654415,35.41672299877402,9.463633915104921,0.05072000987786943,0.35337891978293573,,False,cluster0000,26.059916548347463,16.620575539975885,100.0,31
61,2019-04-26T02:38:41.000000000,2019-04-26T02:38:41_cand027,34.4389553526544,35.020722998774005,9.158622342041513,0.04908531118417329,0.35275967729845037,,False,cluster0000,26.059916548347463,16.620575539975885,100.0,32
61,2019-04-26T02:38:41.000000000,2019-04-26T02:38:41_cand020,34.56195535265441,35.053722998774006,13.58746585661315,0.0728215407152076,0.3505198349733718,,False,cluster0000,26.059916548347463,16.620575539975885,100.0,33
61,2019-04-26T02:38:41.000000000,2019-04-26T02:38:41_cand040,34.69695535265441,35.269722998774014,3.1018573521029635,0.01662429431967942,0.3502121478710831,0.5125968380104973,True,cluster0000,26.059916548347463,16.620575539975885,100.0,34
61,2019-04-26T02:38:41.000000000,2019-04-26T02:38:41_cand051,34.66095535265441,35.17672299877401,2.937211785144453,0.015741882250764293,0.34859823535161605,0.4960976953661127,True,cluster0000,26.059916548347463,16.620575539975885,100.0,35
61,2019-04-26T02:38:41.000000000,2019-04-26T02:38:41_cand048,34.726955352654414,35.19772299877401,2.9904603099168305,0.016027265828221393,0.34712363350943487,0.4904826091507554,True,cluster0000,26.059916548347463,16.620575539975885,100.0,36
61,2019-04-26T02:38:41.000000000,2019-04-26T02:38:41_cand029,34.705955352654414,35.23672299877401,6.2007280619777045,0.03323258183640386,0.34384124486891193,0.4466290461908138,True,cluster0000,26.059916548347463,16.620575539975885,100.0,37
61,2019-04-26T02:38:41.000000000,2019-04-26T02:38:41_cand042,34.69095535265441,35.23072299877401,3.07460152648554,0.01647821769024231,0.343518670429234,0.4770128822151355,True,cluster0000,26.059916548347463,16.620575539975885,100.0,38
61,2019-04-26T02:38:41.000000000,2019-04-26T02:38:41_cand023,34.59495535265441,35.09572299877401,11.378934821315537,0.06098499706498398,0.3390541542775434,,False,cluster0000,26.059916548347463,16.620575539975885,100.0,39
61,2019-04-26T02:38:41.000000000,2019-04-26T02:38:41_cand044,34.4299553526544,35.038722998774006,3.046561334011324,0.01632793727449212,0.33557014309150257,0.6216790456011932,True,cluster0000,26.059916548347463,16.620575539975885,100.0,40
61,2019-04-26T02:38:41.000000000,2019-04-26T02:38:41_cand028,34.86495535265442,35.536722998774025,6.4323640884870095,0.03447402689419191,0.3318087146153701,,False,cluster0000,26.059916548347463,16.620575539975885,100.0,41
61,2019-04-26T02:38:41.000000000,2019-04-26T02:38:41_cand031,34.4239553526544,35.017722998774005,6.103437589645729,0.032711157005100494,0.33015214830639616,,False,cluster0000,26.059916548347463,16.620575539975885,100.0,42
61,2019-04-26T02:38:41.000000000,2019-04-26T02:38:41_cand033,34.483955352654405,35.08372299877401,5.992283558092307,0.03211543092049824,0.3145896932607868,,False,cluster0000,26.059916548347463,16.620575539975885,100.0,43
61,2019-04-26T02:38:41.000000000,2019-04-26T02:38:41_cand036,34.88295535265442,35.43472299877402,3.2556276689073105,0.017448420871615373,0.31105875341211936,,False,cluster0000,26.059916548347463,16.620575539975885,100.0,44
61,2019-04-26T02:38:41.000000000,2019-04-26T02:38:41_cand039,34.79895535265442,35.530722998774024,3.1473887655310397,0.016868318312951117,0.30982453147917194,,False,cluster0000,26.059916548347463,16.620575539975885,100.0,45
61,2019-04-26T02:38:41.000000000,2019-04-26T02:38:41_cand038,34.81095535265442,35.32972299877402,3.213153327424384,0.017220781146865292,0.30979952752483964,,False,cluster0005,0.8307027727996275,0.4999998627280997,0.0,46
61,2019-04-26T02:38:41.000000000,2019-04-26T02:38:41_cand041,34.777955352654416,35.521722998774024,3.098182030007944,0.016604596561436022,0.3093632789533102,,False,cluster0000,26.059916548347463,16.620575539975885,100.0,47
61,2019-04-26T02:38:41.000000000,2019-04-26T02:38:41_cand052,34.58295535265441,35.044722998774006,2.905591973318491,0.015572416992224506,0.30925764141467393,,False,cluster0000,26.059916548347463,16.620575539975885,100.0,48
61,2019-04-26T02:38:41.000000000,2019-04-26T02:38:41_cand053,34.63395535265441,35.16172299877401,2.8380694459865548,0.015210532404974329,0.30917841416031444,,False,cluster0000,26.059916548347463,16.620575539975885,100.0,49
61,2019-04-26T02:38:41.000000000,2019-04-26T02:38:41_cand030,34.474955352654405,35.014722998774005,6.104471556586455,0.032716698514199165,0.30808881927262305,,False,cluster0000,26.059916548347463,16.620575539975885,100.0,50
61,2019-04-26T02:38:41.000000000,2019-04-26T02:38:41_cand035,34.63095535265441,35.14372299877401,5.670277857798549,0.03038965280543803,0.2913384567571284,,False,cluster0000,26.059916548347463,16.620575539975885,100.0,51
61,2019-04-26T02:38:41.000000000,2019-04-26T02:38:41_cand050,34.64895535265441,35.16772299877401,2.937211785144453,0.015741882250764293,0.2871004548906739,,False,cluster0000,26.059916548347463,16.620575539975885,100.0,52
61,2019-04-26T02:38:41.000000000,2019-04-26T02:38:41_cand037,34.88595535265442,35.45272299877402,3.2556276689073105,0.017448420871615373,0.26542061729638783,,False,cluster0000,26.059916548347463,16.620575539975885,100.0,53
61,2019-04-26T02:38:41.000000000,2019-04-26T02:38:41_cand049,34.510955352654406,35.08372299877401,2.969797731536978,0.015916525473202412,0.25594827109711255,,False,cluster0000,26.059916548347463,16.620575539975885,100.0,54
62,2019-04-26T01:38:41.000000000,2019-04-26T01:38:41_cand001,34.80795535265442,35.48572299877402,299.8686274815334,1.6231928002105802,2.375812557433635,,False,cluster0000,26.059916548347463,16.620575539975885,100.0,1
62,2019-04-26T01:38:41.000000000,2019-04-26T01:38:41_cand000,34.83795535265442,35.49772299877402,304.314403093267,1.6472578417086683,2.3725978835546795,,False,cluster0000,26.059916548347463,16.620575539975885,100.0,2
62,2019-04-26T01:38:41.000000000,2019-04-26T01:38:41_cand002,34.79295535265442,35.48272299877402,275.19258890883424,1.4896210808702819,2.2200957386704325,,False,cluster0000,26.059916548347463,16.620575539975885,100.0,3
62,2019-04-26T01:38:41.000000000,2019-04-26T01:38:41_cand004,34.768955352654416,35.35372299877402,200.16251777852202,1.0834823251062748,1.6391019711223833,,False,cluster0000,26.059916548347463,16.620575539975885,100.0,4
62,2019-04-26T01:38:41.000000000,2019-04-26T01:38:41_cand005,34.84695535265442,35.43772299877402,194.80778479803092,1.054497085489908,1.5890197240756099,,False,cluster0000,26.059916548347463,16.620575539975885,100.0,5
62,2019-04-26T01:38:41.000000000,2019-04-26T01:38:41_cand003,34.747955352654415,35.34472299877402,211.1301286877861,1.1428501463183316,1.4360839502783604,0.3464896323393253,True,cluster0000,26.059916548347463,16.620575539975885,100.0,6
62,2019-04-26T01:38:41.000000000,2019-04-26T01:38:41_cand006,34.753955352654415,35.311722998774016,159.2588479873299,0.8620702258651071,1.1511713117675482,0.40228113937912596,True,cluster0000,26.059916548347463,16.620575539975885,100.0,7
62,2019-04-26T01:38:41.000000000,2019-04-26T01:38:41_cand007,34.78395535265442,35.38372299877402,129.8818800438554,0.7030523143938534,1.1097861151176103,,False,cluster0000,26.059916548347463,16.620575539975885,100.0,8
62,2019-04-26T01:38:41.000000000,2019-04-26T01:38:41_cand008,34.80195535265442,35.39872299877402,73.63928729227702,0.39861042466946134,0.7942420962725083,,False,cluster0000,26.059916548347463,16.620575539975885,100.0,9
62,2019-04-26T01:38:41.000000000,2019-04-26T01:38:41_cand012,34.54995535265441,35.07472299877401,33.94128093102956,0.18372459733409294,0.5466168645663687,,False,cluster0000,26.059916548347463,16.620575539975885,100.0,10
62,2019-04-26T01:38:41.000000000,2019-04-26T01:38:41_cand011,34.62195535265441,35.12572299877401,34.317405862207686,0.18576056650297718,0.5369923595158976,,False,cluster0000,26.059916548347463,16.620575539975885,100.0,11
62,2019-04-26T01:38:41.000000000,2019-04-26T01:38:41_cand009,34.729955352654414,35.254722998774014,39.720302169857895,0.21500651483881042,0.5259106016367273,0.5330866003783747,True,cluster0000,26.059916548347463,16.620575539975885,100.0,12
62,2019-04-26T01:38:41.000000000,2019-04-26T01:38:41_cand013,34.765955352654416,35.43772299877402,31.361224636646742,0.16975871888807886,0.5040946726898526,,False,cluster0000,26.059916548347463,16.620575539975885,100.0,13
62,2019-04-26T01:38:41.000000000,2019-04-26T01:38:41_cand014,34.56495535265441,35.07772299877401,27.6547568692729,0.14969556041517623,0.4855961283581732,,False,cluster0000,26.059916548347463,16.620575539975885,100.0,14
62,2019-04-26T01:38:41.000000000,2019-04-26T01:38:41_cand015,34.60095535265441,35.07472299877401,25.57783872017102,0.13845317532620435,0.4814373951071782,,False,cluster0000,26.059916548347463,16.620575539975885,100.0,15
62,2019-04-26T01:38:41.000000000,2019-04-26T01:38:41_cand018,34.504955352654406,35.044722998774006,20.95421075432988,0.11342541671058255,0.47018948784777786,0.582924671885444,True,cluster0000,26.059916548347463,16.620575539975885,100.0,16
62,2019-04-26T01:38:41.000000000,2019-04-26T01:38:41_cand017,34.52295535265441,35.06572299877401,23.652696837216507,0.12803235714979128,0.4675058959735562,,False,cluster0000,26.059916548347463,16.620575539975885,100.0,17
62,2019-04-26T01:38:41.000000000,2019-04-26T01:38:41_cand016,34.61595535265441,35.08372299877401,25.32788389423909,0.13710016658621677,0.4663472072041464,,False,cluster0000,26.059916548347463,16.620575539975885,100.0,18
62,2019-04-26T01:38:41.000000000,2019-04-26T01:38:41_cand010,34.79295535265442,35.42272299877402,38.21195196020405,0.2068417954379554,0.4582862042189105,,False,cluster0000,26.059916548347463,16.620575539975885,100.0,19
62,2019-04-26T01:38:41.000000000,2019-04-26T01:38:41_cand021,34.450955352654404,35.035722998774006,12.23160971555529,0.06620986327253524,0.4192679898026662,0.5966665529659746,True,cluster0000,26.059916548347463,16.620575539975885,100.0,20
62,2019-04-26T01:38:41.000000000,2019-04-26T01:38:41_cand020,34.4389553526544,35.026722998774005,12.267220715764536,0.06640262608214761,0.4163957151398559,0.5842433465622676,True,cluster0000,26.059916548347463,16.620575539975885,100.0,21
62,2019-04-26T01:38:41.000000000,2019-04-26T01:38:41_cand022,34.471955352654405,35.07172299877401,12.009645254718304,0.0650083667446752,0.40821789021843147,0.5938523702490655,True,cluster0000,26.059916548347463,16.620575539975885,100.0,22
62,2019-04-26T01:38:41.000000000,2019-04-26T01:38:41_cand037,34.450955352654404,35.056722998774006,5.111078708530418,0.027666335857381645,0.39685197549234696,0.6517104743991149,True,cluster0000,26.059916548347463,16.620575539975885,100.0,23
62,2019-04-26T01:38:41.000000000,2019-04-26T01:38:41_cand046,34.4329553526544,35.06872299877401,3.0059042965310283,0.016270999248001308,0.39553556147206237,0.7341858609009331,True,cluster0000,26.059916548347463,16.620575539975885,100.0,24
62,2019-04-26T01:38:41.000000000,2019-04-26T01:38:41_cand035,34.52895535265441,35.038722998774006,5.9667754992963475,0.03229823377081072,0.3906831738596179,0.6197003352456463,True,cluster0000,26.059916548347463,16.620575539975885,100.0,25
62,2019-04-26T01:38:41.000000000,2019-04-26T01:38:41_cand026,34.711955352654414,35.278722998774015,9.286574213535104,0.05026834760485139,0.3890690523839471,0.5230678882194618,True,cluster0000,26.059916548347463,16.620575539975885,100.0,26
62,2019-04-26T01:38:41.000000000,2019-04-26T01:38:41_cand044,34.456955352654404,35.07172299877401,3.0363702448093086,0.016435911824259183,0.3806299800474237,0.6522080165556103,True,cluster0000,26.059916548347463,16.620575539975885,100.0,27
62,2019-04-26T01:38:41.000000000,2019-04-26T01:38:41_cand019,34.474955352654405,35.032722998774005,15.154406517986402,0.08203100056865618,0.37602957803676595,,False,cluster0000,26.059916548347463,16.620575539975885,100.0,28
62,2019-04-26T01:38:41.000000000,2019-04-26T01:38:41_cand048,34.504955352654406,35.011722998774005,2.9964718898917204,0.01621994150756954,0.3722568242903083,0.6589767287827455,True,cluster0000,26.059916548347463,16.620575539975885,100.0,29
62,2019-04-26T01:38:41.000000000,2019-04-26T01:38:41_cand033,34.714955352654414,35.21572299877401,5.975846657635434,0.032347336069471426,0.36861671356054304,0.5164159310096733,True,cluster0000,26.059916548347463,16.620575539975885,100.0,30
62,2019-04-26T01:38:41.000000000,2019-04-26T01:38:41_cand049,34.516955352654406,35.020722998774005,2.9964718898917204,0.01621994150756954,0.3673305674952556,0.6747535732849661,True,cluster0000,26.059916548347463,16.620575539975885,100.0,31
62,2019-04-26T01:38:41.000000000,2019-04-26T01:38:41_cand032,34.4359553526544,35.047722998774006,6.0960927451128,0.032998229712751175,0.36178914718089517,0.652160247481468,True,cluster0000,26.059916548347463,16.620575539975885,100.0,32
62,2019-04-26T01:38:41.000000000,2019-04-26T01:38:41_cand023,34.495955352654406,35.07472299877401,11.867482192009259,0.06423883622798446,0.35880461798620106,,False,cluster0000,26.059916548347463,16.620575539975885,100.0,33
62,2019-04-26T01:38:41.000000000,2019-04-26T01:38:41_cand034,34.729955352654414,35.21572299877401,5.975846657635434,0.032347336069471426,0.3583258818405705,0.4671975594651553,True,cluster0000,26.059916548347463,16.620575539975885,100.0,34
62,2019-04-26T01:38:41.000000000,2019-04-26T01:38:41_cand053,34.66695535265441,35.17372299877401,2.903482133441108,0.015716586740411494,0.3572810271348458,0.5495727984193695,True,cluster0000,26.059916548347463,16.620575539975885,100.0,35
62,2019-04-26T01:38:41.000000000,2019-04-26T01:38:41_cand025,34.741955352654415,35.42872299877402,9.336124124889118,0.050536561922689155,0.3538412527797386,,False,cluster0000,26.059916548347463,16.620575539975885,100.0,36
62,2019-04-26T01:38:41.000000000,2019-04-26T01:38:41_cand029,34.70295535265441,35.248722998774014,6.205710765948336,0.033591593492376746,0.35053208540203945,0.4711085408615765,True,cluster0000,26.059916548347463,16.620575539975885,100.0,37
62,2019-04-26T01:38:41.000000000,2019-04-26T01:38:41_cand047,34.444955352654404,35.08072299877401,3.0059042965310283,0.016270999248001308,0.3405167830749466,0.7062228150151211,True,cluster0000,26.059916548347463,16.620575539975885,100.0,38
62,2019-04-26T01:38:41.000000000,2019-04-26T01:38:41_cand024,34.59195535265441,35.10172299877401,11.2568123299156,0.060933272282262745,0.3391109865997005,,False,cluster0000,26.059916548347463,16.620575539975885,100.0,39
62,2019-04-26T01:38:41.000000000,2019-04-26T01:38:41_cand027,34.87995535265442,35.47372299877402,6.724437789902816,0.03639946965344473,0.335021474881001,,False,cluster0000,26.059916548347463,16.620575539975885,100.0,40
62,2019-04-26T01:38:41.000000000,2019-04-26T01:38:41_cand028,34.87395535265442,35.539722998774025,6.310646439392933,0.034159611664371106,0.3335134975622747,,False,cluster0000,26.059916548347463,16.620575539975885,100.0,41
62,2019-04-26T01:38:41.000000000,2019-04-26T01:38:41_cand030,34.4269553526544,35.017722998774005,6.139199583030455,0.03323156758985901,0.33269318719884144,,False,cluster0000,26.059916548347463,16.620575539975885,100.0,42
62,2019-04-26T01:38:41.000000000,2019-04-26T01:38:41_cand052,34.65795535265441,35.18872299877401,2.903482133441108,0.015716586740411494,0.3326158914647332,0.5352384032531207,True,cluster0000,26.059916548347463,16.620575539975885,100.0,43
62,2019-04-26T01:38:41.000000000,2019-04-26T01:38:41_cand036,34.63395535265441,35.15272299877401,5.617870906901571,0.030409608651564175,0.3303005641711469,,False,cluster0000,26.059916548347463,16.620575539975885,100.0,44
62,2019-04-26T01:38:41.000000000,2019-04-26T01:38:41_cand051,34.65195535265441,35.17372299877401,2.903482133441108,0.015716586740411494,0.32271745601634405,0.462849089962782,True,cluster0000,26.059916548347463,16.620575539975885,100.0,45
62,2019-04-26T01:38:41.000000000,2019-04-26T01:38:41_cand043,34.80495535265442,35.536722998774025,3.1062457653951565,0.016814148930549666,0.3117257751340892,,False,cluster0000,26.059916548347463,16.620575539975885,100.0,46
62,2019-04-26T01:38:41.000000000,2019-04-26T01:38:41_cand055,34.57395535265441,35.10472299877401,2.8398809605200297,0.015372312760043876,0.31158456338344337,,False,cluster0000,26.059916548347463,16.620575539975885,100.0,47
62,2019-04-26T01:38:41.000000000,2019-04-26T01:38:41_cand045,34.765955352654416,35.515722998774024,3.024922295552742,0.01637394392529456,0.31104150681859405,,False,cluster0000,26.059916548347463,16.620575539975885,100.0,48
62,2019-04-26T01:38:41.000000000,2019-04-26T01:38:41_cand042,34.747955352654415,35.41372299877402,3.1371145745602727,0.016981242198053872,0.3104412533013883,,False,cluster0000,26.059916548347463,16.620575539975885,100.0,49
62,2019-04-26T01:38:41.000000000,2019-04-26T01:38:41_cand038,34.88595535265442,35.44072299877402,3.3083743418048064,0.01790827355672505,0.3103538524032478,,False,cluster0000,26.059916548347463,16.620575539975885,100.0,50
62,2019-04-26T01:38:41.000000000,2019-04-26T01:38:41_cand040,34.80795535265442,35.32672299877402,3.2185436418087683,0.01742201880344838,0.3102589936195134,,False,cluster0005,0.8307027727996275,0.4999998627280997,0.0,51
62,2019-04-26T01:38:41.000000000,2019-04-26T01:38:41_cand054,34.58295535265441,35.050722998774006,2.868571675259999,0.015527615973954379,0.3091943068217115,,False,cluster0000,26.059916548347463,16.620575539975885,100.0,52
62,2019-04-26T01:38:41.000000000,2019-04-26T01:38:41_cand031,34.468955352654405,35.017722998774005,6.116228850924795,0.03310722671671526,0.308563284008439,,False,cluster0000,26.059916548347463,16.620575539975885,100.0,53
62,2019-04-26T01:38:41.000000000,2019-04-26T01:38:41_cand057,34.59495535265441,35.13472299877401,2.786217360968049,0.015081830994219529,0.2816750601909728,,False,cluster0000,26.059916548347463,16.620575539975885,100.0,54
62,2019-04-26T01:38:41.000000000,2019-04-26T01:38:41_cand041,34.738955352654415,35.38372299877402,3.14453198196938,0.01702139272131404,0.2756635559083682,,False,cluster0000,26.059916548347463,16.620575539975885,100.0,55
62,2019-04-26T01:38:41.000000000,2019-04-26T01:38:41_cand056,34.64595535265441,35.14072299877401,2.8082121292697044,0.015200888962535157,0.27039771003446134,,False,cluster0000,26.059916548347463,16.620575539975885,100.0,56
62,2019-04-26T01:38:41.000000000,2019-04-26T01:38:41_cand039,34.89195535265442,35.45572299877402,3.3083743418048064,0.01790827355672505,0.2678164935393772,,False,cluster0000,26.059916548347463,16.620575539975885,100.0,57
62,2019-04-26T01:38:41.000000000,2019-04-26T01:38:41_cand050,34.513955352654406,35.08972299877401,2.927952029242855,0.015849042606238088,0.2554961236738401,,False,cluster0000,26.059916548347463,16.620575539975885,100.0,58
63,2019-04-26T00:38:41.000000000,2019-04-26T00:38:41_cand000,34.84395535265442,35.50672299877402,319.11280532850276,1.751374657904436,2.528188449793051,,False,cluster0000,26.059916548347463,16.620575539975885,100.0,1
63,2019-04-26T00:38:41.000000000,2019-04-26T00:38:41_cand001,34.79895535265442,35.49472299877402,293.52767579669967,1.610956765757881,2.3955865885219554,,False,cluster0000,26.059916548347463,16.620575539975885,100.0,2
63,2019-04-26T00:38:41.000000000,2019-04-26T00:38:41_cand002,34.81395535265442,35.49172299877402,289.21314855146335,1.587277510171862,2.343190642196931,,False,cluster0000,26.059916548347463,16.620575539975885,100.0,3
63,2019-04-26T00:38:41.000000000,2019-04-26T00:38:41_cand004,34.771955352654416,35.36572299877402,197.02763711276387,1.081339278099051,1.636411406907599,,False,cluster0000,26.059916548347463,16.620575539975885,100.0,4
63,2019-04-26T00:38:41.000000000,2019-04-26T00:38:41_cand005,34.85295535265442,35.44672299877402,191.75389410504945,1.0523955951700514,1.5894766646822478,,False,cluster0000,26.059916548347463,16.620575539975885,100.0,5
63,2019-04-26T00:38:41.000000000,2019-04-26T00:38:41_cand003,34.750955352654415,35.35372299877402,200.53361811032906,1.1005810201028206,1.4097922126070226,0.388902902617558,True,cluster0000,26.059916548347463,16.620575539975885,100.0,6
63,2019-04-26T00:38:41.000000000,2019-04-26T00:38:41_cand006,34.756955352654415,35.323722998774016,146.052049597282,0.8015719022505629,1.1064613054136905,0.44983289794916304,True,cluster0000,26.059916548347463,16.620575539975885,100.0,7
63,2019-04-26T00:38:41.000000000,2019-04-26T00:38:41_cand009,34.54995535265441,35.07772299877401,33.37360291605491,0.18316307404202906,0.5502548987365438,,False,cluster0000,26.059916548347463,16.620575539975885,100.0,8
63,2019-04-26T00:38:41.000000000,2019-04-26T00:38:41_cand008,34.61895535265441,35.12872299877401,35.12473027593883,0.19277371964964318,0.542404643688455,,False,cluster0000,26.059916548347463,16.620575539975885,100.0,9
63,2019-04-26T00:38:41.000000000,2019-04-26T00:38:41_cand007,34.735955352654415,35.272722998774015,36.820690780020904,0.2020815951032732,0.5015208209532005,0.6233008540717713,True,cluster0000,26.059916548347463,16.620575539975885,100.0,10
63,2019-04-26T00:38:41.000000000,2019-04-26T00:38:41_cand010,34.52895535265441,35.06872299877401,25.146461701791083,0.1380103681992472,0.487454920404872,,False,cluster0000,26.059916548347463,16.620575539975885,100.0,11
63,2019-04-26T00:38:41.000000000,2019-04-26T00:38:41_cand011,34.59495535265441,35.07472299877401,24.304188020173818,0.133387749625587,0.48146059143064124,,False,cluster0000,26.059916548347463,16.620575539975885,100.0,12
63,2019-04-26T00:38:41.000000000,2019-04-26T00:38:41_cand012,34.507955352654406,35.053722998774006,23.62796019254858,0.12967643418948774,0.46887615690686263,,False,cluster0000,26.059916548347463,16.620575539975885,100.0,13
63,2019-04-26T00:38:41.000000000,2019-04-26T00:38:41_cand013,34.61595535265441,35.08672299877401,22.297269926174046,0.12237325747224712,0.44747535211623823,,False,cluster0000,26.059916548347463,16.620575539975885,100.0,14
63,2019-04-26T00:38:41.000000000,2019-04-26T00:38:41_cand014,34.453955352654404,35.041722998774006,15.260807528185364,0.08375530883665804,0.44072060039180677,0.6064526129013554,True,cluster0000,26.059916548347463,16.620575539975885,100.0,15
63,2019-04-26T00:38:41.000000000,2019-04-26T00:38:41_cand016,34.474955352654405,35.07172299877401,14.832883243753042,0.08140674828144888,0.4239481470896809,0.5832551271880918,True,cluster0000,26.059916548347463,16.620575539975885,100.0,16
63,2019-04-26T00:38:41.000000000,2019-04-26T00:38:41_cand021,34.4329553526544,35.035722998774006,9.221579165903822,0.050610441785304765,0.4072359199632316,0.6127979769571847,True,cluster0000,26.059916548347463,16.620575539975885,100.0,17
63,2019-04-26T00:38:41.000000000,2019-04-26T00:38:41_cand027,34.444955352654404,35.06872299877401,6.0168500553095,0.03302204904134802,0.40537218579559026,0.7003075915090055,True,cluster0000,26.059916548347463,16.620575539975885,100.0,18
63,2019-04-26T00:38:41.000000000,2019-04-26T00:38:41_cand038,34.4329553526544,35.07772299877401,2.9870668315037654,0.0163938051460429,0.4032852489991692,0.7638680818956909,True,cluster0000,26.059916548347463,16.620575539975885,100.0,19
63,2019-04-26T00:38:41.000000000,2019-04-26T00:38:41_cand020,34.714955352654414,35.290722998774015,9.271773638540484,0.050885922198108106,0.396381628547348,0.5519135393072381,True,cluster0000,26.059916548347463,16.620575539975885,100.0,20
63,2019-04-26T00:38:41.000000000,2019-04-26T00:38:41_cand030,34.53195535265441,35.038722998774006,5.8908639124147655,0.03233060409075814,0.38985596123290045,0.6178161148991361,True,cluster0000,26.059916548347463,16.620575539975885,100.0,21
63,2019-04-26T00:38:41.000000000,2019-04-26T00:38:41_cand017,34.498955352654406,35.08072299877401,14.618069405702009,0.08022779367402573,0.38147662100998636,,False,cluster0000,26.059916548347463,16.620575539975885,100.0,22
63,2019-04-26T00:38:41.000000000,2019-04-26T00:38:41_cand015,34.477955352654405,35.038722998774006,15.10103007003547,0.0828784082973016,0.3770886401363886,,False,cluster0000,26.059916548347463,16.620575539975885,100.0,23
63,2019-04-26T00:38:41.000000000,2019-04-26T00:38:41_cand036,34.459955352654404,35.07172299877401,3.005809481108124,0.016496669716160244,0.3768125492573989,0.6398011814103435,True,cluster0000,26.059916548347463,16.620575539975885,100.0,24
63,2019-04-26T00:38:41.000000000,2019-04-26T00:38:41_cand018,34.57395535265441,35.056722998774006,11.341840589472866,0.062246991818289396,0.37480180648329703,,False,cluster0000,26.059916548347463,16.620575539975885,100.0,25
63,2019-04-26T00:38:41.000000000,2019-04-26T00:38:41_cand028,34.714955352654414,35.22472299877401,5.995054853008664,0.032902431262505555,0.3733004248048817,0.5358745116416257,True,cluster0000,26.059916548347463,16.620575539975885,100.0,26
63,2019-04-26T00:38:41.000000000,2019-04-26T00:38:41_cand042,34.66395535265441,35.19472299877401,2.8777247687423255,0.0157937072666543,0.37048072802927645,0.5991125140539071,True,cluster0000,26.059916548347463,16.620575539975885,100.0,27
63,2019-04-26T00:38:41.000000000,2019-04-26T00:38:41_cand040,34.51995535265441,35.014722998774005,2.9809612938723467,0.016360296356354748,0.36976967517618636,0.7015250543064699,True,cluster0000,26.059916548347463,16.620575539975885,100.0,28
63,2019-04-26T00:38:41.000000000,2019-04-26T00:38:41_cand039,34.504955352654406,35.020722998774005,2.9809612938723467,0.016360296356354748,0.3692230379001349,0.6419723792427777,True,cluster0000,26.059916548347463,16.620575539975885,100.0,29
63,2019-04-26T00:38:41.000000000,2019-04-26T00:38:41_cand024,34.705955352654414,35.257722998774014,6.212828589812105,0.03409763056954079,0.36506316519892223,0.5329653906047157,True,cluster0000,26.059916548347463,16.620575539975885,100.0,30
63,2019-04-26T00:38:41.000000000,2019-04-26T00:38:41_cand019,34.717955352654414,35.248722998774014,9.272763042635649,0.05089135230692782,0.3607257022361926,0.5345130482440612,True,cluster0000,26.059916548347463,16.620575539975885,100.0,31
63,2019-04-26T00:38:41.000000000,2019-04-26T00:38:41_cand029,34.729955352654414,35.22472299877401,5.995054853008664,0.032902431262505555,0.3523389425916324,0.4329442032026667,True,cluster0000,26.059916548347463,16.620575539975885,100.0,32
63,2019-04-26T00:38:41.000000000,2019-04-26T00:38:41_cand023,34.88595535265442,35.47672299877402,6.744045673839861,0.03701308906345603,0.33478523426867085,,False,cluster0000,26.059916548347463,16.620575539975885,100.0,33
63,2019-04-26T00:38:41.000000000,2019-04-26T00:38:41_cand026,34.4269553526544,35.020722998774005,6.158949376290874,0.033801927333652886,0.3327014267207576,,False,cluster0000,26.059916548347463,16.620575539975885,100.0,34
63,2019-04-26T00:38:41.000000000,2019-04-26T00:38:41_cand031,34.63695535265441,35.15872299877401,5.577234272983155,0.03060932248345071,0.33227776945612447,,False,cluster0000,26.059916548347463,16.620575539975885,100.0,35
63,2019-04-26T00:38:41.000000000,2019-04-26T00:38:41_cand025,34.87995535265442,35.554722998774025,6.1748296238195515,0.03388908229145642,0.33193748006463164,,False,cluster0000,26.059916548347463,16.620575539975885,100.0,36
63,2019-04-26T00:38:41.000000000,2019-04-26T00:38:41_cand022,34.465955352654404,35.029722998774005,9.163826738450904,0.05029348133688471,0.331657379349361,,False,cluster0000,26.059916548347463,16.620575539975885,100.0,37
63,2019-04-26T00:38:41.000000000,2019-04-26T00:38:41_cand041,34.65195535265441,35.18572299877401,2.8777247687423255,0.0157937072666543,0.3282160401166896,0.5118821441016422,True,cluster0000,26.059916548347463,16.620575539975885,100.0,38
63,2019-04-26T00:38:41.000000000,2019-04-26T00:38:41_cand033,34.89795535265442,35.46172299877402,3.362725936566254,0.018455520707536033,0.3155181864740518,,False,cluster0000,26.059916548347463,16.620575539975885,100.0,39
63,2019-04-26T00:38:41.000000000,2019-04-26T00:38:41_cand043,34.55895535265441,35.10172299877401,2.810271345185922,0.015423505210726248,0.3124153963177462,,False,cluster0000,26.059916548347463,16.620575539975885,100.0,40
63,2019-04-26T00:38:41.000000000,2019-04-26T00:38:41_cand044,34.57695535265441,35.10772299877401,2.806823357586814,0.015404581751682887,0.31236018222278206,,False,cluster0000,26.059916548347463,16.620575539975885,100.0,41
63,2019-04-26T00:38:41.000000000,2019-04-26T00:38:41_cand035,34.750955352654415,35.42572299877402,3.0875527162943053,0.01694529800111053,0.31109047335685047,,False,cluster0000,26.059916548347463,16.620575539975885,100.0,42
63,2019-04-26T00:38:41.000000000,2019-04-26T00:38:41_cand037,34.771955352654416,35.524722998774024,2.9960933580028226,0.016443345087704214,0.31009809269656313,,False,cluster0000,26.059916548347463,16.620575539975885,100.0,43
63,2019-04-26T00:38:41.000000000,2019-04-26T00:38:41_cand045,34.63995535265441,35.17672299877401,2.7863692013596317,0.015292323984940407,0.3096692275971599,,False,cluster0000,26.059916548347463,16.620575539975885,100.0,44
63,2019-04-26T00:38:41.000000000,2019-04-26T00:38:41_cand046,34.59495535265441,35.13172299877401,2.769961898031086,0.015202276406860343,0.28206983646072503,,False,cluster0000,26.059916548347463,16.620575539975885,100.0,45
63,2019-04-26T00:38:41.000000000,2019-04-26T00:38:41_cand034,34.741955352654415,35.39272299877402,3.089695314754967,0.016957057142653612,0.2761995237595218,,False,cluster0000,26.059916548347463,16.620575539975885,100.0,46
63,2019-04-26T00:38:41.000000000,2019-04-26T00:38:41_cand032,34.89195535265442,35.44672299877402,3.362725936566254,0.018455520707536033,0.26528159532426754,,False,cluster0000,26.059916548347463,16.620575539975885,100.0,47
64,2019-04-25T23:38:41.000000000,2019-04-25T23:38:41_cand000,34.84995535265442,35.518722998774024,328.99085345303337,1.7963754102019474,2.6415580605758637,,False,cluster0000,26.059916548347463,16.620575539975885,100.0,1
64,2019-04-25T23:38:41.000000000,2019-04-25T23:38:41_cand001,34.80795535265442,35.50372299877402,303.46359661001276,1.656989965283315,2.5124894011064067,,False,cluster0000,26.059916548347463,16.620575539975885,100.0,2
64,2019-04-25T23:38:41.000000000,2019-04-25T23:38:41_cand003,34.83195535265442,35.512722998774024,264.1386713936131,1.4422656715063888,2.2017598252846744,,False,cluster0000,26.059916548347463,16.620575539975885,100.0,3
64,2019-04-25T23:38:41.000000000,2019-04-25T23:38:41_cand002,34.82595535265442,35.49772299877402,279.8980316536521,1.5283158669890704,2.1873484391994102,,False,cluster0000,26.059916548347463,16.620575539975885,100.0,4
64,2019-04-25T23:38:41.000000000,2019-04-25T23:38:41_cand005,34.771955352654416,35.38372299877402,194.21028048053756,1.0604385155451324,1.629284246170048,,False,cluster0000,26.059916548347463,16.620575539975885,100.0,5
64,2019-04-25T23:38:41.000000000,2019-04-25T23:38:41_cand006,34.85295535265442,35.45272299877402,187.07120805818903,1.0214573280240984,1.5768716513405918,,False,cluster0000,26.059916548347463,16.620575539975885,100.0,6
64,2019-04-25T23:38:41.000000000,2019-04-25T23:38:41_cand004,34.753955352654415,35.36572299877402,200.8696699915123,1.0968005099255616,1.4338190110350062,0.3936328399190648,True,cluster0000,26.059916548347463,16.620575539975885,100.0,7
64,2019-04-25T23:38:41.000000000,2019-04-25T23:38:41_cand007,34.83795535265442,35.44672299877402,158.89529693496075,0.8676095435931293,1.3977431127197442,,False,cluster0000,26.059916548347463,16.620575539975885,100.0,8
64,2019-04-25T23:38:41.000000000,2019-04-25T23:38:41_cand008,34.759955352654416,35.33572299877402,154.66807071471493,0.8445277917580601,1.1608849867185838,0.4442000850541006,True,cluster0000,26.059916548347463,16.620575539975885,100.0,9
64,2019-04-25T23:38:41.000000000,2019-04-25T23:38:41_cand009,34.750955352654415,35.311722998774016,81.48303512596044,0.44491851099378116,0.7854772479870482,0.6083413774164501,True,cluster0000,26.059916548347463,16.620575539975885,100.0,10
64,2019-04-25T23:38:41.000000000,2019-04-25T23:38:41_cand011,34.55295535265441,35.08072299877401,37.375813915707035,0.20408164041571114,0.5914088007374704,,False,cluster0000,26.059916548347463,16.620575539975885,100.0,11
64,2019-04-25T23:38:41.000000000,2019-04-25T23:38:41_cand010,34.80495535265442,35.42872299877402,55.863399599816134,0.3050286544994211,0.5855241282683096,,False,cluster0000,26.059916548347463,16.620575539975885,100.0,12
64,2019-04-25T23:38:41.000000000,2019-04-25T23:38:41_cand012,34.62795535265441,35.13472299877401,35.87739421970562,0.19589988013937723,0.5618836661594677,,False,cluster0000,26.059916548347463,16.620575539975885,100.0,13
64,2019-04-25T23:38:41.000000000,2019-04-25T23:38:41_cand013,34.738955352654415,35.287722998774015,33.87972985501446,0.1849921144525716,0.5495565255797253,0.6208665433561473,True,cluster0000,26.059916548347463,16.620575539975885,100.0,14
64,2019-04-25T23:38:41.000000000,2019-04-25T23:38:41_cand014,34.777955352654416,35.45572299877402,27.431771210167604,0.14978458745287176,0.490977077995112,,False,cluster0000,26.059916548347463,16.620575539975885,100.0,15
64,2019-04-25T23:38:41.000000000,2019-04-25T23:38:41_cand015,34.52595535265441,35.07772299877401,25.666278072184163,0.14014453689624898,0.48792993080690394,,False,cluster0000,26.059916548347463,16.620575539975885,100.0,16
64,2019-04-25T23:38:41.000000000,2019-04-25T23:38:41_cand016,34.59795535265441,35.08072299877401,24.03459118235226,0.1312351031679907,0.4837781495236118,,False,cluster0000,26.059916548347463,16.620575539975885,100.0,17
64,2019-04-25T23:38:41.000000000,2019-04-25T23:38:41_cand017,34.61595535265441,35.08672299877401,22.199750028863722,0.12121639445570145,0.44805390078070856,,False,cluster0000,26.059916548347463,16.620575539975885,100.0,18
64,2019-04-25T23:38:41.000000000,2019-04-25T23:38:41_cand019,34.57695535265441,35.08672299877401,21.173406578428406,0.11561229295125938,0.4476494188955585,,False,cluster0000,26.059916548347463,16.620575539975885,100.0,19
64,2019-04-25T23:38:41.000000000,2019-04-25T23:38:41_cand018,34.504955352654406,35.06872299877401,22.13672426339701,0.12087225742543073,0.4328235605253037,,False,cluster0000,26.059916548347463,16.620575539975885,100.0,20
64,2019-04-25T23:38:41.000000000,2019-04-25T23:38:41_cand026,34.456955352654404,35.047722998774006,12.148745242919908,0.06633530078459994,0.42528116636062957,0.6134620788738474,True,cluster0000,26.059916548347463,16.620575539975885,100.0,21
64,2019-04-25T23:38:41.000000000,2019-04-25T23:38:41_cand021,34.57395535265441,35.06872299877401,15.729898821359553,0.08588932838428844,0.4228818324970617,,False,cluster0000,26.059916548347463,16.620575539975885,100.0,22
64,2019-04-25T23:38:41.000000000,2019-04-25T23:38:41_cand024,34.477955352654405,35.07472299877401,14.62252277398202,0.07984276787819335,0.42254779796255854,0.5735227045721855,True,cluster0000,26.059916548347463,16.620575539975885,100.0,23
64,2019-04-25T23:38:41.000000000,2019-04-25T23:38:41_cand028,34.4299553526544,35.041722998774006,9.218062516681155,0.0503330127900783,0.41091555790221834,0.6314488779507509,True,cluster0000,26.059916548347463,16.620575539975885,100.0,24
64,2019-04-25T23:38:41.000000000,2019-04-25T23:38:41_cand027,34.717955352654414,35.314722998774016,9.233584893702757,0.050417768995598376,0.40766403762349607,0.6192985528607758,True,cluster0000,26.059916548347463,16.620575539975885,100.0,25
64,2019-04-25T23:38:41.000000000,2019-04-25T23:38:41_cand030,34.510955352654406,35.035722998774006,8.813417510135753,0.0481235460769773,0.4069726924286603,0.617301272500437,True,cluster0000,26.059916548347463,16.620575539975885,100.0,26
64,2019-04-25T23:38:41.000000000,2019-04-25T23:38:41_cand031,34.52595535265441,35.053722998774006,8.745571140662534,0.047753087298218075,0.401858505698367,0.5754160202400104,True,cluster0000,26.059916548347463,16.620575539975885,100.0,27
64,2019-04-25T23:38:41.000000000,2019-04-25T23:38:41_cand047,34.4329553526544,35.08072299877401,2.9616397094215396,0.01617132115389344,0.3986916382802108,0.7507216428120714,True,cluster0000,26.059916548347463,16.620575539975885,100.0,28
64,2019-04-25T23:38:41.000000000,2019-04-25T23:38:41_cand023,34.498955352654406,35.047722998774006,14.697020908475205,0.08024954701963406,0.39762025938262907,,False,cluster0000,26.059916548347463,16.620575539975885,100.0,29
64,2019-04-25T23:38:41.000000000,2019-04-25T23:38:41_cand045,34.444955352654404,35.07172299877401,3.010587502930411,0.016438588805015333,0.38985960825986965,0.7052232041736963,True,cluster0000,26.059916548347463,16.620575539975885,100.0,30
64,2019-04-25T23:38:41.000000000,2019-04-25T23:38:41_cand036,34.53495535265441,35.038722998774006,5.804888520033091,0.03169619728604304,0.3884279510951457,0.6149213567921205,True,cluster0000,26.059916548347463,16.620575539975885,100.0,31
64,2019-04-25T23:38:41.000000000,2019-04-25T23:38:41_cand034,34.708955352654414,35.299722998774016,6.164385922980779,0.033659146370823234,0.38693205435065803,0.5953199050687001,True,cluster0000,26.059916548347463,16.620575539975885,100.0,32
64,2019-04-25T23:38:41.000000000,2019-04-25T23:38:41_cand025,34.726955352654414,35.248722998774014,12.149466980280996,0.06633924165783235,0.38388375746280284,0.58648987136201,True,cluster0000,26.059916548347463,16.620575539975885,100.0,33
64,2019-04-25T23:38:41.000000000,2019-04-25T23:38:41_cand035,34.717955352654414,35.23372299877401,6.020250002244479,0.03287212685031103,0.3797210797780279,0.5669946782292297,True,cluster0000,26.059916548347463,16.620575539975885,100.0,34
64,2019-04-25T23:38:41.000000000,2019-04-25T23:38:41_cand050,34.510955352654406,35.017722998774005,2.9570349500566633,0.016146177973144975,0.3748708896001264,0.6681270966227695,True,cluster0000,26.059916548347463,16.620575539975885,100.0,35
64,2019-04-25T23:38:41.000000000,2019-04-25T23:38:41_cand046,34.462955352654404,35.08072299877401,2.966393495838635,0.01619727806100922,0.37478386476079784,0.628101716285848,True,cluster0000,26.059916548347463,16.620575539975885,100.0,36
64,2019-04-25T23:38:41.000000000,2019-04-25T23:38:41_cand033,34.705955352654414,35.263722998774014,6.219135056631699,0.033958090844166816,0.37464952501729076,0.5896267135674852,True,cluster0000,26.059916548347463,16.620575539975885,100.0,37
64,2019-04-25T23:38:41.000000000,2019-04-25T23:38:41_cand053,34.66395535265441,35.20372299877401,2.858846434339036,0.015610043204205103,0.3698352978113741,0.5956172974936839,True,cluster0000,26.059916548347463,16.620575539975885,100.0,38
64,2019-04-25T23:38:41.000000000,2019-04-25T23:38:41_cand051,34.52295535265441,35.026722998774005,2.9570349500566633,0.016146177973144975,0.3617618494251658,0.6608407973096228,True,cluster0000,26.059916548347463,16.620575539975885,100.0,39
64,2019-04-25T23:38:41.000000000,2019-04-25T23:38:41_cand029,34.753955352654415,35.44672299877402,9.052471520659171,0.0494288429923997,0.35561720865943314,,False,cluster0000,26.059916548347463,16.620575539975885,100.0,40
64,2019-04-25T23:38:41.000000000,2019-04-25T23:38:41_cand044,34.4359553526544,35.056722998774006,3.0573336549530756,0.016693834922449,0.34972062809956456,0.6848081585306038,True,cluster0000,26.059916548347463,16.620575539975885,100.0,41
64,2019-04-25T23:38:41.000000000,2019-04-25T23:38:41_cand055,34.65195535265441,35.17672299877401,2.7681172027923466,0.015114638062006342,0.33972143718953635,0.5430581985381105,True,cluster0000,26.059916548347463,16.620575539975885,100.0,42
64,2019-04-25T23:38:41.000000000,2019-04-25T23:38:41_cand032,34.88895535265442,35.48872299877402,6.745319695252936,0.036831195479521454,0.33938999546677345,,False,cluster0000,26.059916548347463,16.620575539975885,100.0,43
64,2019-04-25T23:38:41.000000000,2019-04-25T23:38:41_cand048,34.444955352654404,35.08972299877401,2.9616397094215396,0.01617132115389344,0.3391264039724443,0.6883398326652915,True,cluster0000,26.059916548347463,16.620575539975885,100.0,44
64,2019-04-25T23:38:41.000000000,2019-04-25T23:38:41_cand020,34.60995535265441,35.11972299877401,19.451597689858385,0.10621076972947203,0.33663768326480725,,False,cluster0000,26.059916548347463,16.620575539975885,100.0,45
64,2019-04-25T23:38:41.000000000,2019-04-25T23:38:41_cand052,34.65195535265441,35.19472299877401,2.858846434339036,0.015610043204205103,0.3365188100978692,0.5531053463775532,True,cluster0000,26.059916548347463,16.620575539975885,100.0,46
64,2019-04-25T23:38:41.000000000,2019-04-25T23:38:41_cand039,34.64595535265441,35.15272299877401,5.534736990661971,0.03022109985005912,0.3320280733785781,,False,cluster0000,26.059916548347463,16.620575539975885,100.0,47
64,2019-04-25T23:38:41.000000000,2019-04-25T23:38:41_cand038,34.63995535265441,35.16772299877401,5.547812556720378,0.030292495832942114,0.3318458588957433,,False,cluster0000,26.059916548347463,16.620575539975885,100.0,48
64,2019-04-25T23:38:41.000000000,2019-04-25T23:38:41_cand040,34.89795535265442,35.45572299877402,3.41069229457781,0.018623264766901817,0.3119729492997232,,False,cluster0000,26.059916548347463,16.620575539975885,100.0,49
64,2019-04-25T23:38:41.000000000,2019-04-25T23:38:41_cand041,34.90095535265442,35.47372299877402,3.41069229457781,0.018623264766901817,0.3114537853404582,,False,cluster0000,26.059916548347463,16.620575539975885,100.0,50
64,2019-04-25T23:38:41.000000000,2019-04-25T23:38:41_cand057,34.60095535265441,35.14972299877401,2.759907536258354,0.015069811152890682,0.3111939168132836,,False,cluster0000,26.059916548347463,16.620575539975885,100.0,51
64,2019-04-25T23:38:41.000000000,2019-04-25T23:38:41_cand049,34.777955352654416,35.530722998774024,2.9580139804429537,0.01615152373304472,0.31032302272998025,,False,cluster0000,26.059916548347463,16.620575539975885,100.0,52
64,2019-04-25T23:38:41.000000000,2019-04-25T23:38:41_cand054,34.57095535265441,35.11072299877401,2.7760864057912356,0.015158151977836697,0.31030945886798883,,False,cluster0000,26.059916548347463,16.620575539975885,100.0,53
64,2019-04-25T23:38:41.000000000,2019-04-25T23:38:41_cand022,34.483955352654405,35.047722998774006,14.838158131273437,0.08102019287144992,0.30812108990312875,,False,cluster0000,26.059916548347463,16.620575539975885,100.0,54
64,2019-04-25T23:38:41.000000000,2019-04-25T23:38:41_cand056,34.59495535265441,35.13472299877401,2.759907536258354,0.015069811152890682,0.28283182219015396,,False,cluster0000,26.059916548347463,16.620575539975885,100.0,55
64,2019-04-25T23:38:41.000000000,2019-04-25T23:38:41_cand037,34.498955352654406,35.09572299877401,5.7397209479523985,0.03134036543600946,0.2822850527041997,,False,cluster0000,26.059916548347463,16.620575539975885,100.0,56
64,2019-04-25T23:38:41.000000000,2019-04-25T23:38:41_cand058,34.64295535265441,35.12872299877401,2.7585696914315756,0.015062506173058368,0.2705761663068169,,False,cluster0000,26.059916548347463,16.620575539975885,100.0,57
64,2019-04-25T23:38:41.000000000,2019-04-25T23:38:41_cand042,34.89495535265442,35.50972299877402,3.3024551181175115,0.018032261703375227,0.2503535836402464,,False,cluster0000,26.059916548347463,16.620575539975885,100.0,58
64,2019-04-25T23:38:41.000000000,2019-04-25T23:38:41_cand043,34.81995535265442,35.35672299877402,3.229997883048,0.01763662640225986,0.24201337684074098,,False,cluster0000,26.059916548347463,16.620575539975885,100.0,59
65,2019-04-25T22:38:41.000000000,2019-04-25T22:38:41_cand000,34.81395535265442,35.512722998774024,320.78216110918663,1.7650711852676524,2.702097268938457,,False,cluster0000,26.059916548347463,16.620575539975885,100.0,1
65,2019-04-25T22:38:41.000000000,2019-04-25T22:38:41_cand001,34.85595535265442,35.524722998774024,317.60500925655595,1.7475892306386684,2.6213792416140778,,False,cluster0000,26.059916548347463,16.620575539975885,100.0,2
65,2019-04-25T22:38:41.000000000,2019-04-25T22:38:41_cand002,34.774955352654416,35.39272299877402,201.11200604816162,1.1065983396943264,1.7347597954547112,,False,cluster0000,26.059916548347463,16.620575539975885,100.0,3
65,2019-04-25T22:38:41.000000000,2019-04-25T22:38:41_cand003,34.759955352654416,35.37772299877402,198.82523621909843,1.0940156215074353,1.708274882300716,,False,cluster0000,26.059916548347463,16.620575539975885,100.0,4
65,2019-04-25T22:38:41.000000000,2019-04-25T22:38:41_cand004,34.774955352654416,35.37472299877402,190.30625236549338,1.0471407801017731,1.6228526223716937,,False,cluster0000,26.059916548347463,16.620575539975885,100.0,5
65,2019-04-25T22:38:41.000000000,2019-04-25T22:38:41_cand005,34.85595535265442,35.45872299877402,179.46413146611945,0.9874831136015487,1.5464113353415758,,False,cluster0000,26.059916548347463,16.620575539975885,100.0,6
65,2019-04-25T22:38:41.000000000,2019-04-25T22:38:41_cand006,34.765955352654416,35.34772299877402,157.29416470268654,0.8654951284306479,1.1885244290415362,0.4403965706884361,True,cluster0000,26.059916548347463,16.620575539975885,100.0,7
65,2019-04-25T22:38:41.000000000,2019-04-25T22:38:41_cand007,34.79595535265442,35.41672299877402,126.46743964330878,0.6958742120108111,1.0992262643815665,,False,cluster0000,26.059916548347463,16.620575539975885,100.0,8
65,2019-04-25T22:38:41.000000000,2019-04-25T22:38:41_cand008,34.80795535265442,35.44972299877402,36.87073419299544,0.2028774613859139,0.5723450876806431,,False,cluster0000,26.059916548347463,16.620575539975885,100.0,9
65,2019-04-25T22:38:41.000000000,2019-04-25T22:38:41_cand009,34.63095535265441,35.14372299877401,35.91883542340332,0.19763973531134302,0.5651861529592764,,False,cluster0000,26.059916548347463,16.620575539975885,100.0,10
65,2019-04-25T22:38:41.000000000,2019-04-25T22:38:41_cand011,34.55595535265441,35.08372299877401,31.232475969982147,0.171853519499221,0.5512552030004316,,False,cluster0000,26.059916548347463,16.620575539975885,100.0,11
65,2019-04-25T22:38:41.000000000,2019-04-25T22:38:41_cand010,34.738955352654415,35.293722998774015,33.9076621844052,0.18657345930502633,0.5484231971517174,0.603542405851,True,cluster0000,26.059916548347463,16.620575539975885,100.0,12
65,2019-04-25T22:38:41.000000000,2019-04-25T22:38:41_cand012,34.53795535265441,35.07772299877401,25.232994696219848,0.13884198454897703,0.4923912176782556,,False,cluster0000,26.059916548347463,16.620575539975885,100.0,13
65,2019-04-25T22:38:41.000000000,2019-04-25T22:38:41_cand013,34.60095535265441,35.08372299877401,23.81947233658785,0.1310642216643734,0.4850351710993363,,False,cluster0000,26.059916548347463,16.620575539975885,100.0,14
65,2019-04-25T22:38:41.000000000,2019-04-25T22:38:41_cand014,34.52595535265441,35.08672299877401,22.43873356723109,0.12346684714782723,0.46715429840669287,,False,cluster0000,26.059916548347463,16.620575539975885,100.0,15
65,2019-04-25T22:38:41.000000000,2019-04-25T22:38:41_cand015,34.61595535265441,35.08972299877401,22.079236496977792,0.12148875111624569,0.45033165233305594,,False,cluster0000,26.059916548347463,16.620575539975885,100.0,16
65,2019-04-25T22:38:41.000000000,2019-04-25T22:38:41_cand018,34.58295535265441,35.08672299877401,19.983558598776618,0.10995749682539965,0.44691962862651186,,False,cluster0000,26.059916548347463,16.620575539975885,100.0,17
65,2019-04-25T22:38:41.000000000,2019-04-25T22:38:41_cand016,34.735955352654415,35.275722998774015,21.627790076869562,0.1190047131477065,0.43306929478733325,0.7005429284065539,True,cluster0000,26.059916548347463,16.620575539975885,100.0,18
65,2019-04-25T22:38:41.000000000,2019-04-25T22:38:41_cand017,34.513955352654406,35.07472299877401,20.733523918251528,0.11408410464791084,0.43092859203333983,,False,cluster0000,26.059916548347463,16.620575539975885,100.0,19
65,2019-04-25T22:38:41.000000000,2019-04-25T22:38:41_cand023,34.459955352654404,35.047722998774006,12.06802503391847,0.06640307920117741,0.4240335336623772,0.6052356726841716,True,cluster0000,26.059916548347463,16.620575539975885,100.0,20
65,2019-04-25T22:38:41.000000000,2019-04-25T22:38:41_cand025,34.720955352654414,35.275722998774015,9.340163531080197,0.051393298983312116,0.4239535186797815,0.6803339478730557,True,cluster0000,26.059916548347463,16.620575539975885,100.0,21
65,2019-04-25T22:38:41.000000000,2019-04-25T22:38:41_cand019,34.498955352654406,35.050722998774006,17.431898888113473,0.09591724903129958,0.42080556513889844,,False,cluster0000,26.059916548347463,16.620575539975885,100.0,22
65,2019-04-25T22:38:41.000000000,2019-04-25T22:38:41_cand027,34.726955352654414,35.260722998774014,9.146367380021655,0.05032695539093018,0.41822995620946374,0.669445670325395,True,cluster0000,26.059916548347463,16.620575539975885,100.0,23
65,2019-04-25T22:38:41.000000000,2019-04-25T22:38:41_cand026,34.4329553526544,35.047722998774006,9.19119566509752,0.050573618465955233,0.4160259222877357,0.6527647050970851,True,cluster0000,26.059916548347463,16.620575539975885,100.0,24
65,2019-04-25T22:38:41.000000000,2019-04-25T22:38:41_cand033,34.447955352654404,35.08072299877401,5.910332026630322,0.03252100029346361,0.40475803004829064,0.6923343550987151,True,cluster0000,26.059916548347463,16.620575539975885,100.0,25
65,2019-04-25T22:38:41.000000000,2019-04-25T22:38:41_cand020,34.492955352654405,35.08672299877401,16.116428674830004,0.08867900810008326,0.40117284857641416,,False,cluster0000,26.059916548347463,16.620575539975885,100.0,26
65,2019-04-25T22:38:41.000000000,2019-04-25T22:38:41_cand021,34.486955352654405,35.059722998774006,14.66876537289131,0.08071338815605003,0.40021951787932303,,False,cluster0000,26.059916548347463,16.620575539975885,100.0,27
65,2019-04-25T22:38:41.000000000,2019-04-25T22:38:41_cand031,34.708955352654414,35.311722998774016,6.141040589880962,0.03379045067617861,0.3959666923937752,0.6465149978621597,True,cluster0000,26.059916548347463,16.620575539975885,100.0,28
65,2019-04-25T22:38:41.000000000,2019-04-25T22:38:41_cand045,34.4359553526544,35.08972299877401,2.9290814299762657,0.01611697238236985,0.3921919689586459,0.7111141174250448,True,cluster0000,26.059916548347463,16.620575539975885,100.0,29
65,2019-04-25T22:38:41.000000000,2019-04-25T22:38:41_cand030,34.705955352654414,35.278722998774015,6.224783934644918,0.03425123990551011,0.3912658637970471,0.6651737815510441,True,cluster0000,26.059916548347463,16.620575539975885,100.0,30
65,2019-04-25T22:38:41.000000000,2019-04-25T22:38:41_cand034,34.53795535265441,35.041722998774006,5.71894400797928,0.03146790720450147,0.3879859011666898,0.6024533130832042,True,cluster0000,26.059916548347463,16.620575539975885,100.0,31
65,2019-04-25T22:38:41.000000000,2019-04-25T22:38:41_cand051,34.66695535265441,35.20372299877401,2.845293651848067,0.015655938662975013,0.38509401364266566,0.6844898994318533,True,cluster0000,26.059916548347463,16.620575539975885,100.0,32
65,2019-04-25T22:38:41.000000000,2019-04-25T22:38:41_cand022,34.85295535265442,35.41372299877402,12.959306027719869,0.07130726213546501,0.3808292706666164,,False,cluster0000,26.059916548347463,16.620575539975885,100.0,33
65,2019-04-25T22:38:41.000000000,2019-04-25T22:38:41_cand024,34.57395535265441,35.06572299877401,11.031463718398765,0.060699506086448606,0.37847496739761155,,False,cluster0000,26.059916548347463,16.620575539975885,100.0,34
65,2019-04-25T22:38:41.000000000,2019-04-25T22:38:41_cand047,34.516955352654406,35.020722998774005,2.9269015075963933,0.01610497758139486,0.37619554358291024,0.6747535732849661,True,cluster0000,26.059916548347463,16.620575539975885,100.0,35
65,2019-04-25T22:38:41.000000000,2019-04-25T22:38:41_cand052,34.66695535265441,35.22172299877401,2.845293651848067,0.015655938662975013,0.3724448870138217,0.6166720135463786,True,cluster0000,26.059916548347463,16.620575539975885,100.0,36
65,2019-04-25T22:38:41.000000000,2019-04-25T22:38:41_cand046,34.504955352654406,35.029722998774005,2.9269015075963933,0.01610497758139486,0.37235309303983655,0.6207789804770631,True,cluster0000,26.059916548347463,16.620575539975885,100.0,37
65,2019-04-25T22:38:41.000000000,2019-04-25T22:38:41_cand048,34.465955352654404,35.08972299877401,2.9225235159627583,0.016080888128118677,0.3702311431337834,0.6104066720824517,True,cluster0000,26.059916548347463,16.620575539975885,100.0,38
65,2019-04-25T22:38:41.000000000,2019-04-25T22:38:41_cand050,34.65495535265441,35.21272299877401,2.845293651848067,0.015655938662975013,0.366791568637923,0.5925963694752641,True,cluster0000,26.059916548347463,16.620575539975885,100.0,39
65,2019-04-25T22:38:41.000000000,2019-04-25T22:38:41_cand032,34.720955352654414,35.24572299877401,6.056647901851688,0.03332608850163409,0.35546214039617796,0.6077152817347584,True,cluster0000,26.059916548347463,16.620575539975885,100.0,40
65,2019-04-25T22:38:41.000000000,2019-04-25T22:38:41_cand028,34.60395535265441,35.06572299877401,8.314489480014252,0.045749631932895836,0.3535601589586608,,False,cluster0000,26.059916548347463,16.620575539975885,100.0,41
65,2019-04-25T22:38:41.000000000,2019-04-25T22:38:41_cand043,34.4389553526544,35.06272299877401,3.044117624573849,0.016749947332239102,0.3528077935406248,0.7029851682419161,True,cluster0000,26.059916548347463,16.620575539975885,100.0,42
65,2019-04-25T22:38:41.000000000,2019-04-25T22:38:41_cand053,34.64895535265441,35.19172299877401,2.7573756327757417,0.01517217871325152,0.3420885705035428,0.5806504266596006,True,cluster0000,26.059916548347463,16.620575539975885,100.0,43
65,2019-04-25T22:38:41.000000000,2019-04-25T22:38:41_cand029,34.89795535265442,35.49172299877402,6.736582963182617,0.037067361957921825,0.33500784902688835,,False,cluster0000,26.059916548347463,16.620575539975885,100.0,44
65,2019-04-25T22:38:41.000000000,2019-04-25T22:38:41_cand036,34.58895535265441,35.06272299877401,5.522147216141382,0.030385052891702083,0.33376550537509947,,False,cluster0000,26.059916548347463,16.620575539975885,100.0,45
65,2019-04-25T22:38:41.000000000,2019-04-25T22:38:41_cand038,34.90995535265442,35.47972299877402,3.4442461882077673,0.01895161401978402,0.3140372267038939,,False,cluster0000,26.059916548347463,16.620575539975885,100.0,46
65,2019-04-25T22:38:41.000000000,2019-04-25T22:38:41_cand037,34.90695535265442,35.46172299877402,3.4442461882077673,0.01895161401978402,0.31169242212664383,,False,cluster0000,26.059916548347463,16.620575539975885,100.0,47
65,2019-04-25T22:38:41.000000000,2019-04-25T22:38:41_cand049,34.78395535265442,35.536722998774025,2.914908815100982,0.01603898901181782,0.3110800571239942,,False,cluster0000,26.059916548347463,16.620575539975885,100.0,48
65,2019-04-25T22:38:41.000000000,2019-04-25T22:38:41_cand056,34.57395535265441,35.11672299877401,2.752111923682488,0.015143215689821514,0.3104657166079916,,False,cluster0000,26.059916548347463,16.620575539975885,100.0,49
65,2019-04-25T22:38:41.000000000,2019-04-25T22:38:41_cand055,34.60095535265441,35.15572299877401,2.7551348669341493,0.015159849127322393,0.31015776122760536,,False,cluster0000,26.059916548347463,16.620575539975885,100.0,50
65,2019-04-25T22:38:41.000000000,2019-04-25T22:38:41_cand035,34.64595535265441,35.17372299877401,5.532880909166939,0.030444113944864796,0.30953242930232283,,False,cluster0000,26.059916548347463,16.620575539975885,100.0,51
65,2019-04-25T22:38:41.000000000,2019-04-25T22:38:41_cand042,34.474955352654405,35.029722998774005,3.0536392760816993,0.016802339250338767,0.29010595923683524,,False,cluster0000,26.059916548347463,16.620575539975885,100.0,52
65,2019-04-25T22:38:41.000000000,2019-04-25T22:38:41_cand044,34.456955352654404,35.029722998774005,3.0299364618317375,0.016671916927920038,0.28804204309695647,,False,cluster0000,26.059916548347463,16.620575539975885,100.0,53
65,2019-04-25T22:38:41.000000000,2019-04-25T22:38:41_cand040,34.89195535265442,35.43772299877402,3.302859177093694,0.01817364638459615,0.2651956842891472,,False,cluster0000,26.059916548347463,16.620575539975885,100.0,54
65,2019-04-25T22:38:41.000000000,2019-04-25T22:38:41_cand039,34.90695535265442,35.50672299877402,3.367477573460065,0.018529202532326143,0.2508780780160636,,False,cluster0000,26.059916548347463,16.620575539975885,100.0,55
65,2019-04-25T22:38:41.000000000,2019-04-25T22:38:41_cand041,34.82595535265442,35.36872299877402,3.2318864041739577,0.01778312592676891,0.2421291093726157,,False,cluster0000,26.059916548347463,16.620575539975885,100.0,56
65,2019-04-25T22:38:41.000000000,2019-04-25T22:38:41_cand054,34.59495535265441,35.14072299877401,2.7551348669341493,0.015159849127322393,0.24203544323371398,,False,cluster0000,26.059916548347463,16.620575539975885,100.0,57
66,2019-04-25T21:38:41.000000000,2019-04-25T21:38:41_cand000,34.86495535265442,35.533722998774024,343.22597899768994,1.9196826003278005,2.884890408428821,,False,cluster0000,26.059916548347463,16.620575539975885,100.0,1
66,2019-04-25T21:38:41.000000000,2019-04-25T21:38:41_cand001,34.82295535265442,35.521722998774024,322.2970528035414,1.8026259148875585,2.7742959309925017,,False,cluster0000,26.059916548347463,16.620575539975885,100.0,2
66,2019-04-25T21:38:41.000000000,2019-04-25T21:38:41_cand002,34.84695535265442,35.524722998774024,300.6397799295986,1.6814955446630508,2.572068669639085,,False,cluster0000,26.059916548347463,16.620575539975885,100.0,3
66,2019-04-25T21:38:41.000000000,2019-04-25T21:38:41_cand003,34.780955352654416,35.39872299877402,202.35686072831376,1.1317935365251428,1.775282765003753,,False,cluster0000,26.059916548347463,16.620575539975885,100.0,4
66,2019-04-25T21:38:41.000000000,2019-04-25T21:38:41_cand004,34.762955352654416,35.38972299877402,197.09999978022296,1.10239161151975,1.7270326594700272,,False,cluster0000,26.059916548347463,16.620575539975885,100.0,5
66,2019-04-25T21:38:41.000000000,2019-04-25T21:38:41_cand005,34.86495535265442,35.47372299877402,184.7424039560101,1.033274868798522,1.6091768846142291,,False,cluster0000,26.059916548347463,16.620575539975885,100.0,6
66,2019-04-25T21:38:41.000000000,2019-04-25T21:38:41_cand006,34.768955352654416,35.36272299877402,152.95562475645633,0.8554895883018622,1.3751455510362267,,False,cluster0000,26.059916548347463,16.620575539975885,100.0,7
66,2019-04-25T21:38:41.000000000,2019-04-25T21:38:41_cand007,34.84695535265442,35.45572299877402,138.38298025388366,0.7739839511876634,1.2863253950732412,,False,cluster0000,26.059916548347463,16.620575539975885,100.0,8
66,2019-04-25T21:38:41.000000000,2019-04-25T21:38:41_cand008,34.753955352654415,35.33872299877402,86.79632285729646,0.48545681550145015,0.817873670439253,0.518206232401975,True,cluster0000,26.059916548347463,16.620575539975885,100.0,9
66,2019-04-25T21:38:41.000000000,2019-04-25T21:38:41_cand012,34.81395535265442,35.46472299877402,33.522700995182575,0.18749439073455612,0.5529421985394339,,False,cluster0000,26.059916548347463,16.620575539975885,100.0,10
66,2019-04-25T21:38:41.000000000,2019-04-25T21:38:41_cand009,34.63095535265441,35.15272299877401,34.179730786249976,0.19116919606686922,0.55159459863761,,False,cluster0000,26.059916548347463,16.620575539975885,100.0,11
66,2019-04-25T21:38:41.000000000,2019-04-25T21:38:41_cand010,34.741955352654415,35.314722998774016,33.918904319312716,0.18971037866689672,0.5348519411574525,0.647189553010294,True,cluster0000,26.059916548347463,16.620575539975885,100.0,12
66,2019-04-25T21:38:41.000000000,2019-04-25T21:38:41_cand013,34.55295535265441,35.08672299877401,27.425792586002306,0.15339403206393698,0.5154509609899005,,False,cluster0000,26.059916548347463,16.620575539975885,100.0,13
66,2019-04-25T21:38:41.000000000,2019-04-25T21:38:41_cand014,34.53795535265441,35.08072299877401,24.898948846272624,0.13926124999693926,0.49469804634660847,,False,cluster0000,26.059916548347463,16.620575539975885,100.0,14
66,2019-04-25T21:38:41.000000000,2019-04-25T21:38:41_cand016,34.738955352654415,35.293722998774015,21.74532047157163,0.12162282549162438,0.4868521518753372,0.6420039443125385,True,cluster0000,26.059916548347463,16.620575539975885,100.0,15
66,2019-04-25T21:38:41.000000000,2019-04-25T21:38:41_cand015,34.60995535265441,35.08372299877401,21.983585231228783,0.12295545396782781,0.4485158273477178,,False,cluster0000,26.059916548347463,16.620575539975885,100.0,16
66,2019-04-25T21:38:41.000000000,2019-04-25T21:38:41_cand017,34.510955352654406,35.059722998774006,19.91878580310393,0.11140691225512502,0.4474970991349797,,False,cluster0000,26.059916548347463,16.620575539975885,100.0,17
66,2019-04-25T21:38:41.000000000,2019-04-25T21:38:41_cand011,34.82295535265442,35.47972299877402,33.6065768992689,0.1879635134802512,0.43496748893759823,,False,cluster0000,26.059916548347463,16.620575539975885,100.0,18
66,2019-04-25T21:38:41.000000000,2019-04-25T21:38:41_cand024,34.462955352654404,35.056722998774006,11.947976287269224,0.06682571714058468,0.4265006324131247,0.6122855400679947,True,cluster0000,26.059916548347463,16.620575539975885,100.0,19
66,2019-04-25T21:38:41.000000000,2019-04-25T21:38:41_cand018,34.58595535265441,35.09272299877401,18.045887917456454,0.10093168688387658,0.42573722877329917,,False,cluster0000,26.059916548347463,16.620575539975885,100.0,20
66,2019-04-25T21:38:41.000000000,2019-04-25T21:38:41_cand019,34.62495535265441,35.10172299877401,16.607908774320777,0.09288898700208698,0.42161651139411294,,False,cluster0000,26.059916548347463,16.620575539975885,100.0,21
66,2019-04-25T21:38:41.000000000,2019-04-25T21:38:41_cand025,34.4389553526544,35.050722998774006,9.144958184380041,0.051148276009135754,0.4186717242361525,0.6602907998498335,True,cluster0000,26.059916548347463,16.620575539975885,100.0,22
66,2019-04-25T21:38:41.000000000,2019-04-25T21:38:41_cand029,34.714955352654414,35.323722998774016,6.111712159982359,0.03418315689853109,0.4103296986582338,0.7106141471880193,True,cluster0000,26.059916548347463,16.620575539975885,100.0,23
66,2019-04-25T21:38:41.000000000,2019-04-25T21:38:41_cand023,34.57995535265441,35.07772299877401,13.645352587637346,0.07631924021113111,0.40985655573476665,,False,cluster0000,26.059916548347463,16.620575539975885,100.0,24
66,2019-04-25T21:38:41.000000000,2019-04-25T21:38:41_cand030,34.723955352654414,35.257722998774014,6.109126745272603,0.034168696525666994,0.40623976763872255,0.691646488334495,True,cluster0000,26.059916548347463,16.620575539975885,100.0,25
66,2019-04-25T21:38:41.000000000,2019-04-25T21:38:41_cand020,34.495955352654406,35.08672299877401,15.858223532130367,0.08869595441359185,0.40301116812166865,,False,cluster0000,26.059916548347463,16.620575539975885,100.0,26
66,2019-04-25T21:38:41.000000000,2019-04-25T21:38:41_cand021,34.489955352654405,35.059722998774006,14.488492158381067,0.08103496822312832,0.4012546785886923,,False,cluster0000,26.059916548347463,16.620575539975885,100.0,27
66,2019-04-25T21:38:41.000000000,2019-04-25T21:38:41_cand028,34.711955352654414,35.290722998774015,6.234539856805173,0.034870139256677944,0.39400085889914455,0.6762899615866093,True,cluster0000,26.059916548347463,16.620575539975885,100.0,28
66,2019-04-25T21:38:41.000000000,2019-04-25T21:38:41_cand045,34.4359553526544,35.09272299877401,2.8957199600104198,0.016195927939042547,0.38948595882796344,0.6993986899467797,True,cluster0000,26.059916548347463,16.620575539975885,100.0,29
66,2019-04-25T21:38:41.000000000,2019-04-25T21:38:41_cand044,34.447955352654404,35.08372299877401,2.947649359725123,0.01648637205218602,0.38678673047854256,0.688862110610085,True,cluster0000,26.059916548347463,16.620575539975885,100.0,30
66,2019-04-25T21:38:41.000000000,2019-04-25T21:38:41_cand055,34.66395535265441,35.19172299877401,2.7542427353176624,0.01540463770111105,0.38314413953697246,0.6754125555819612,True,cluster0000,26.059916548347463,16.620575539975885,100.0,31
66,2019-04-25T21:38:41.000000000,2019-04-25T21:38:41_cand033,34.53795535265441,35.044722998774006,5.642585290925485,0.03155930339389647,0.37802163196277955,0.5554828521721665,True,cluster0000,26.059916548347463,16.620575539975885,100.0,32
66,2019-04-25T21:38:41.000000000,2019-04-25T21:38:41_cand031,34.468955352654405,35.07172299877401,5.9506900108749194,0.033282550776548056,0.37418597316341184,0.604797778939373,True,cluster0000,26.059916548347463,16.620575539975885,100.0,33
66,2019-04-25T21:38:41.000000000,2019-04-25T21:38:41_cand049,34.468955352654405,35.09272299877401,2.8788680092829586,0.016101674011389518,0.3705158467589113,0.5968331481012874,True,cluster0000,26.059916548347463,16.620575539975885,100.0,34
66,2019-04-25T21:38:41.000000000,2019-04-25T21:38:41_cand051,34.66995535265441,35.23372299877401,2.838511306326943,0.015875956655443734,0.3694476336353965,0.5961495267544004,True,cluster0000,26.059916548347463,16.620575539975885,100.0,35
66,2019-04-25T21:38:41.000000000,2019-04-25T21:38:41_cand047,34.507955352654406,35.029722998774005,2.8956544724066746,0.016195561663116073,0.3673149796437554,0.589555400477703,True,cluster0000,26.059916548347463,16.620575539975885,100.0,36
66,2019-04-25T21:38:41.000000000,2019-04-25T21:38:41_cand050,34.65795535265441,35.22472299877401,2.838511306326943,0.015875956655443734,0.365921020213472,0.5850716537132147,True,cluster0000,26.059916548347463,16.620575539975885,100.0,37
66,2019-04-25T21:38:41.000000000,2019-04-25T21:38:41_cand048,34.52295535265441,35.029722998774005,2.8956544724066746,0.016195561663116073,0.36381690986977977,0.6118142395719952,True,cluster0000,26.059916548347463,16.620575539975885,100.0,38
66,2019-04-25T21:38:41.000000000,2019-04-25T21:38:41_cand042,34.4389553526544,35.06872299877401,3.0242146931218876,0.016914606356416978,0.3575038860395722,0.7235272032168136,True,cluster0000,26.059916548347463,16.620575539975885,100.0,39
66,2019-04-25T21:38:41.000000000,2019-04-25T21:38:41_cand054,34.64895535265441,35.19172299877401,2.7542427353176624,0.01540463770111105,0.34498655928651034,0.5806504266596006,True,cluster0000,26.059916548347463,16.620575539975885,100.0,40
66,2019-04-25T21:38:41.000000000,2019-04-25T21:38:41_cand043,34.459955352654404,35.032722998774005,3.008645187839683,0.016827525219746488,0.34491449437554433,0.5725447643533208,True,cluster0000,26.059916548347463,16.620575539975885,100.0,41
66,2019-04-25T21:38:41.000000000,2019-04-25T21:38:41_cand027,34.79295535265442,35.34172299877402,6.520412208562787,0.03646903972798397,0.33475455518585506,,False,cluster0000,26.059916548347463,16.620575539975885,100.0,42
66,2019-04-25T21:38:41.000000000,2019-04-25T21:38:41_cand032,34.90395535265442,35.569722998774026,5.827634566857554,0.03259429461527031,0.3336305827726174,,False,cluster0000,26.059916548347463,16.620575539975885,100.0,43
66,2019-04-25T21:38:41.000000000,2019-04-25T21:38:41_cand034,34.54395535265441,35.059722998774006,5.642585290925485,0.03155930339389647,0.33355169501511417,,False,cluster0000,26.059916548347463,16.620575539975885,100.0,44
66,2019-04-25T21:38:41.000000000,2019-04-25T21:38:41_cand046,34.447955352654404,35.10172299877401,2.8957199600104198,0.016195927939042547,0.3301271447885766,0.6464406592987013,True,cluster0000,26.059916548347463,16.620575539975885,100.0,45
66,2019-04-25T21:38:41.000000000,2019-04-25T21:38:41_cand038,34.91595535265442,35.48872299877402,3.4655726273743497,0.019383146614865114,0.3128509838407141,,False,cluster0000,26.059916548347463,16.620575539975885,100.0,46
66,2019-04-25T21:38:41.000000000,2019-04-25T21:38:41_cand053,34.59495535265441,35.15272299877401,2.7568622062806862,0.015419288552554363,0.3124851779015318,,False,cluster0000,26.059916548347463,16.620575539975885,100.0,47
66,2019-04-25T21:38:41.000000000,2019-04-25T21:38:41_cand039,34.92795535265442,35.47972299877402,3.4655726273743497,0.019383146614865114,0.3124671444790843,,False,cluster0000,26.059916548347463,16.620575539975885,100.0,48
66,2019-04-25T21:38:41.000000000,2019-04-25T21:38:41_cand056,34.57395535265441,35.11672299877401,2.7361089731419765,0.015303214528457267,0.31231451259107307,,False,cluster0000,26.059916548347463,16.620575539975885,100.0,49
66,2019-04-25T21:38:41.000000000,2019-04-25T21:38:41_cand037,34.91595535265442,35.47072299877402,3.4655726273743497,0.019383146614865114,0.312268081167654,,False,cluster0000,26.059916548347463,16.620575539975885,100.0,50
66,2019-04-25T21:38:41.000000000,2019-04-25T21:38:41_cand036,34.64895535265441,35.16472299877401,5.534878026011816,0.03095689047926957,0.3097630375378404,,False,cluster0000,26.059916548347463,16.620575539975885,100.0,51
66,2019-04-25T21:38:41.000000000,2019-04-25T21:38:41_cand022,34.60095535265441,35.10772299877401,13.717527027784897,0.07672291599739957,0.2933726404287479,,False,cluster0000,26.059916548347463,16.620575539975885,100.0,52
66,2019-04-25T21:38:41.000000000,2019-04-25T21:38:41_cand041,34.477955352654405,35.032722998774005,3.0246563921539793,0.016917076804455217,0.29087813431486526,,False,cluster0000,26.059916548347463,16.620575539975885,100.0,53
66,2019-04-25T21:38:41.000000000,2019-04-25T21:38:41_cand052,34.59795535265441,35.13472299877401,2.7841189487715745,0.01557173707773353,0.2839391651750038,,False,cluster0000,26.059916548347463,16.620575539975885,100.0,54
66,2019-04-25T21:38:41.000000000,2019-04-25T21:38:41_cand035,34.504955352654406,35.10172299877401,5.557366301901018,0.03108266869705466,0.282036207388687,,False,cluster0000,26.059916548347463,16.620575539975885,100.0,55
66,2019-04-25T21:38:41.000000000,2019-04-25T21:38:41_cand026,34.477955352654405,35.050722998774006,8.886439941341965,0.04970236863791416,0.2660770231226557,,False,cluster0000,26.059916548347463,16.620575539975885,100.0,56
66,2019-04-25T21:38:41.000000000,2019-04-25T21:38:41_cand040,34.91295535265442,35.515722998774024,3.36223382856115,0.01880516678187057,0.2529288113134815,,False,cluster0000,26.059916548347463,16.620575539975885,100.0,57
67,2019-04-25T20:38:41.000000000,2019-04-25T20:38:41_cand000,34.87395535265442,35.542722998774025,340.7951573099605,1.8773756152616565,2.9059163961413472,,False,cluster0000,26.059916548347463,16.620575539975885,100.0,1
67,2019-04-25T20:38:41.000000000,2019-04-25T20:38:41_cand001,34.83495535265442,35.530722998774024,326.9792984549482,1.8012666801375987,2.846992714747032,,False,cluster0000,26.059916548347463,16.620575539975885,100.0,2
67,2019-04-25T20:38:41.000000000,2019-04-25T20:38:41_cand002,34.85595535265442,35.530722998774024,298.0524406650873,1.641914129856394,2.579769579475598,,False,cluster0000,26.059916548347463,16.620575539975885,100.0,3
67,2019-04-25T20:38:41.000000000,2019-04-25T20:38:41_cand003,34.78995535265442,35.41672299877402,215.87949974317166,1.1892390486174027,1.8046043418537467,,False,cluster0000,26.059916548347463,16.620575539975885,100.0,4
67,2019-04-25T20:38:41.000000000,2019-04-25T20:38:41_cand004,34.768955352654416,35.40172299877402,189.34730062892194,1.0430782169038955,1.6824502339904062,,False,cluster0000,26.059916548347463,16.620575539975885,100.0,5
67,2019-04-25T20:38:41.000000000,2019-04-25T20:38:41_cand005,34.87395535265442,35.47972299877402,178.26906846069332,0.9820503458008932,1.5706094885831792,,False,cluster0000,26.059916548347463,16.620575539975885,100.0,6
67,2019-04-25T20:38:41.000000000,2019-04-25T20:38:41_cand006,34.78395535265442,35.38672299877402,158.78015460222397,0.8746896311280972,1.4514812721255932,,False,cluster0000,26.059916548347463,16.620575539975885,100.0,7
67,2019-04-25T20:38:41.000000000,2019-04-25T20:38:41_cand007,34.85595535265442,35.47072299877402,150.13467907007376,0.8270633530010348,1.3811600230536887,,False,cluster0000,26.059916548347463,16.620575539975885,100.0,8
67,2019-04-25T20:38:41.000000000,2019-04-25T20:38:41_cand008,34.87395535265442,35.50672299877402,92.25550070329973,0.5082179827942861,0.9261981087737489,,False,cluster0000,26.059916548347463,16.620575539975885,100.0,9
67,2019-04-25T20:38:41.000000000,2019-04-25T20:38:41_cand009,34.765955352654416,35.35972299877402,90.11597401706257,0.4964317377647244,0.922456109407086,,False,cluster0000,26.059916548347463,16.620575539975885,100.0,10
67,2019-04-25T20:38:41.000000000,2019-04-25T20:38:41_cand010,34.63395535265441,35.15872299877401,34.42356675153362,0.1896328730718507,0.5540383855407297,,False,cluster0000,26.059916548347463,16.620575539975885,100.0,11
67,2019-04-25T20:38:41.000000000,2019-04-25T20:38:41_cand012,34.55895535265441,35.09572299877401,28.765261477818974,0.15846234697509437,0.5350757669531548,,False,cluster0000,26.059916548347463,16.620575539975885,100.0,12
67,2019-04-25T20:38:41.000000000,2019-04-25T20:38:41_cand011,34.747955352654415,35.32972299877402,33.920541581704256,0.1868618032152401,0.5341202218827765,0.6259850083023584,True,cluster0000,26.059916548347463,16.620575539975885,100.0,13
67,2019-04-25T20:38:41.000000000,2019-04-25T20:38:41_cand013,34.54095535265441,35.08072299877401,27.32064234712464,0.15050421531995664,0.5161097583711941,,False,cluster0000,26.059916548347463,16.620575539975885,100.0,14
67,2019-04-25T20:38:41.000000000,2019-04-25T20:38:41_cand019,34.741955352654415,35.308722998774016,18.745921831989826,0.10326771310594038,0.45482549413198636,0.6971703558879676,True,cluster0000,26.059916548347463,16.620575539975885,100.0,15
67,2019-04-25T20:38:41.000000000,2019-04-25T20:38:41_cand014,34.61295535265441,35.09572299877401,21.9251154965796,0.12078128550880957,0.4538174127691423,,False,cluster0000,26.059916548347463,16.620575539975885,100.0,16
67,2019-04-25T20:38:41.000000000,2019-04-25T20:38:41_cand017,34.61895535265441,35.14072299877401,19.605461111098986,0.10800275129045145,0.4489587681997066,,False,cluster0000,26.059916548347463,16.620575539975885,100.0,17
67,2019-04-25T20:38:41.000000000,2019-04-25T20:38:41_cand016,34.507955352654406,35.059722998774006,19.850886036286674,0.10935475046074986,0.4454933530769667,,False,cluster0000,26.059916548347463,16.620575539975885,100.0,18
67,2019-04-25T20:38:41.000000000,2019-04-25T20:38:41_cand015,34.513955352654406,35.08072299877401,21.141828729188518,0.11646630788863266,0.43656946888912823,,False,cluster0000,26.059916548347463,16.620575539975885,100.0,19
67,2019-04-25T20:38:41.000000000,2019-04-25T20:38:41_cand028,34.735955352654415,35.287722998774015,9.29715090992045,0.051216233667949,0.4358667801529154,0.7439810253211601,True,cluster0000,26.059916548347463,16.620575539975885,100.0,20
67,2019-04-25T20:38:41.000000000,2019-04-25T20:38:41_cand022,34.465955352654404,35.056722998774006,14.818617288497052,0.08163294035312886,0.4348735059613893,0.5638519129070125,True,cluster0000,26.059916548347463,16.620575539975885,100.0,21
67,2019-04-25T20:38:41.000000000,2019-04-25T20:38:41_cand027,34.726955352654414,35.305722998774016,9.415883003098594,0.05187030615607091,0.4326874941062927,0.7148830394523964,True,cluster0000,26.059916548347463,16.620575539975885,100.0,22
67,2019-04-25T20:38:41.000000000,2019-04-25T20:38:41_cand018,34.58895535265441,35.09572299877401,18.931804782409372,0.10429170687734585,0.42920357946502785,,False,cluster0000,26.059916548347463,16.620575539975885,100.0,23
67,2019-04-25T20:38:41.000000000,2019-04-25T20:38:41_cand030,34.729955352654414,35.272722998774015,6.164079454642199,0.03395673973194222,0.42779800048044864,0.7996373359463282,True,cluster0000,26.059916548347463,16.620575539975885,100.0,24
67,2019-04-25T20:38:41.000000000,2019-04-25T20:38:41_cand020,34.777955352654416,35.48572299877402,17.265858506185715,0.09511432613048967,0.4238488824125653,,False,cluster0000,26.059916548347463,16.620575539975885,100.0,25
67,2019-04-25T20:38:41.000000000,2019-04-25T20:38:41_cand029,34.4389553526544,35.056722998774006,9.085323733528082,0.050049318096883344,0.4155947568760287,0.642989466968027,True,cluster0000,26.059916548347463,16.620575539975885,100.0,26
67,2019-04-25T20:38:41.000000000,2019-04-25T20:38:41_cand021,34.498955352654406,35.08972299877401,15.640323209899009,0.08615956177560721,0.40359840256765567,,False,cluster0000,26.059916548347463,16.620575539975885,100.0,27
67,2019-04-25T20:38:41.000000000,2019-04-25T20:38:41_cand031,34.720955352654414,35.34172299877402,6.076189959735209,0.03347257324354939,0.40326832752751496,0.6654749111721703,True,cluster0000,26.059916548347463,16.620575539975885,100.0,28
67,2019-04-25T20:38:41.000000000,2019-04-25T20:38:41_cand023,34.492955352654405,35.06272299877401,14.323362175669452,0.07890467426068981,0.40180463339827316,,False,cluster0000,26.059916548347463,16.620575539975885,100.0,29
67,2019-04-25T20:38:41.000000000,2019-04-25T20:38:41_cand025,34.58295535265441,35.07772299877401,12.57722979857756,0.0692855635560455,0.4006281929601471,,False,cluster0000,26.059916548347463,16.620575539975885,100.0,30
67,2019-04-25T20:38:41.000000000,2019-04-25T20:38:41_cand032,34.450955352654404,35.08972299877401,5.779298408945084,0.03183705423491614,0.39260318570045694,0.6280737720475368,True,cluster0000,26.059916548347463,16.620575539975885,100.0,31
67,2019-04-25T20:38:41.000000000,2019-04-25T20:38:41_cand040,34.705955352654414,35.296722998774015,3.082366238466423,0.01698016855368481,0.38401724826081607,0.7284853273631482,True,cluster0000,26.059916548347463,16.620575539975885,100.0,32
67,2019-04-25T20:38:41.000000000,2019-04-25T20:38:41_cand046,34.4389553526544,35.09872299877401,2.8647406366472588,0.015781310561285747,0.3767209882471562,0.6352343951610941,True,cluster0000,26.059916548347463,16.620575539975885,100.0,33
67,2019-04-25T20:38:41.000000000,2019-04-25T20:38:41_cand054,34.66095535265441,35.21272299877401,2.758946401750776,0.015198510270349467,0.3720446473073657,0.6130389770268103,True,cluster0000,26.059916548347463,16.620575539975885,100.0,34
67,2019-04-25T20:38:41.000000000,2019-04-25T20:38:41_cand048,34.66995535265441,35.23072299877401,2.842168329373515,0.015656964019537863,0.3693331128412986,0.6035527058233626,True,cluster0000,26.059916548347463,16.620575539975885,100.0,35
67,2019-04-25T20:38:41.000000000,2019-04-25T20:38:41_cand049,34.66995535265441,35.248722998774014,2.842168329373515,0.015656964019537863,0.3690089336188855,0.5966717155863832,True,cluster0000,26.059916548347463,16.620575539975885,100.0,36
67,2019-04-25T20:38:41.000000000,2019-04-25T20:38:41_cand033,34.54395535265441,35.047722998774006,5.579740659855053,0.030737728602077467,0.3680542731280168,0.5009282978757864,True,cluster0000,26.059916548347463,16.620575539975885,100.0,37
67,2019-04-25T20:38:41.000000000,2019-04-25T20:38:41_cand050,34.471955352654405,35.10172299877401,2.8410213478963313,0.015650645517029146,0.3653618340585605,0.5763690674738517,True,cluster0000,26.059916548347463,16.620575539975885,100.0,38
67,2019-04-25T20:38:41.000000000,2019-04-25T20:38:41_cand053,34.64895535265441,35.20372299877401,2.758946401750776,0.015198510270349467,0.3650835509082068,0.5790577724918096,True,cluster0000,26.059916548347463,16.620575539975885,100.0,39
67,2019-04-25T20:38:41.000000000,2019-04-25T20:38:41_cand034,34.65195535265441,35.18272299877401,5.556376067961024,0.0306090175152515,0.3620903175267144,0.5868423039959778,True,cluster0000,26.059916548347463,16.620575539975885,100.0,40
67,2019-04-25T20:38:41.000000000,2019-04-25T20:38:41_cand026,34.60095535265441,35.12572299877401,11.045623615470811,0.06084823679634229,0.359468471071455,,False,cluster0000,26.059916548347463,16.620575539975885,100.0,41
67,2019-04-25T20:38:41.000000000,2019-04-25T20:38:41_cand045,34.51995535265441,35.026722998774005,2.8671922188102394,0.015794815860503963,0.35823150792180253,0.5816947990792728,True,cluster0000,26.059916548347463,16.620575539975885,100.0,42
67,2019-04-25T20:38:41.000000000,2019-04-25T20:38:41_cand044,34.507955352654406,35.035722998774006,2.8671922188102394,0.015794815860503963,0.3555583247021416,0.5349114828540544,True,cluster0000,26.059916548347463,16.620575539975885,100.0,43
67,2019-04-25T20:38:41.000000000,2019-04-25T20:38:41_cand043,34.465955352654404,35.08372299877401,2.914557772297825,0.016055743673630392,0.35092604391520704,0.5766018039318316,True,cluster0000,26.059916548347463,16.620575539975885,100.0,44
67,2019-04-25T20:38:41.000000000,2019-04-25T20:38:41_cand041,34.444955352654404,35.07172299877401,3.000188183405071,0.01652746529962568,0.34745262562846463,0.6667616657121578,True,cluster0000,26.059916548347463,16.620575539975885,100.0,45
67,2019-04-25T20:38:41.000000000,2019-04-25T20:38:41_cand024,34.90995535265442,35.512722998774024,13.178903653366085,0.07260007022989794,0.3220702336141361,,False,cluster0000,26.059916548347463,16.620575539975885,100.0,46
67,2019-04-25T20:38:41.000000000,2019-04-25T20:38:41_cand035,34.92495535265442,35.47972299877402,3.4827881013546804,0.019186016333735085,0.3128172613773216,,False,cluster0000,26.059916548347463,16.620575539975885,100.0,47
67,2019-04-25T20:38:41.000000000,2019-04-25T20:38:41_cand036,34.93095535265442,35.49472299877402,3.4827881013546804,0.019186016333735085,0.31259819727794347,,False,cluster0000,26.059916548347463,16.620575539975885,100.0,48
67,2019-04-25T20:38:41.000000000,2019-04-25T20:38:41_cand038,34.92195535265442,35.524722998774024,3.358364150202979,0.01850058848408329,0.3123958927914598,,False,cluster0000,26.059916548347463,16.620575539975885,100.0,49
67,2019-04-25T20:38:41.000000000,2019-04-25T20:38:41_cand037,34.93995535265442,35.47972299877402,3.4827881013546804,0.019186016333735085,0.31205201827541135,,False,cluster0000,26.059916548347463,16.620575539975885,100.0,50
67,2019-04-25T20:38:41.000000000,2019-04-25T20:38:41_cand052,34.59495535265441,35.16172299877401,2.765175320623447,0.015232824198086296,0.3105666575846793,,False,cluster0000,26.059916548347463,16.620575539975885,100.0,51
67,2019-04-25T20:38:41.000000000,2019-04-25T20:38:41_cand056,34.56195535265441,35.059722998774006,2.7194790203652675,0.014981091983081979,0.31051713007245074,,False,cluster0000,26.059916548347463,16.620575539975885,100.0,52
67,2019-04-25T20:38:41.000000000,2019-04-25T20:38:41_cand047,34.65795535265441,35.23972299877401,2.842168329373515,0.015656964019537863,0.3105054202456864,,False,cluster0000,26.059916548347463,16.620575539975885,100.0,53
67,2019-04-25T20:38:41.000000000,2019-04-25T20:38:41_cand055,34.57695535265441,35.12272299877401,2.72761187195646,0.015025894313550425,0.3101113001667743,,False,cluster0000,26.059916548347463,16.620575539975885,100.0,54
67,2019-04-25T20:38:41.000000000,2019-04-25T20:38:41_cand042,34.477955352654405,35.038722998774006,2.9958106190977247,0.01650335013158831,0.2908197942187325,,False,cluster0000,26.059916548347463,16.620575539975885,100.0,55
67,2019-04-25T20:38:41.000000000,2019-04-25T20:38:41_cand039,34.81095535265442,35.36272299877402,3.257777204926576,0.017946474159906363,0.243097499398972,,False,cluster0000,26.059916548347463,16.620575539975885,100.0,56
67,2019-04-25T20:38:41.000000000,2019-04-25T20:38:41_cand051,34.59495535265441,35.14372299877401,2.794925356087516,0.015396711477395885,0.24229347626234052,,False,cluster0000,26.059916548347463,16.620575539975885,100.0,57
68,2019-04-25T19:38:41.000000000,2019-04-25T19:38:41_cand000,34.87995535265442,35.548722998774025,347.7385786784503,1.9235191010225603,3.0011136281295228,,False,cluster0000,26.059916548347463,16.620575539975885,100.0,1
68,2019-04-25T19:38:41.000000000,2019-04-25T19:38:41_cand001,34.83495535265442,35.539722998774025,313.9025396268157,1.736354744205691,2.800668515366663,,False,cluster0000,26.059916548347463,16.620575539975885,100.0,2
68,2019-04-25T19:38:41.000000000,2019-04-25T19:38:41_cand002,34.85295535265442,35.539722998774025,312.5095056681829,1.7286491642324058,2.796235279499968,,False,cluster0000,26.059916548347463,16.620575539975885,100.0,3
68,2019-04-25T19:38:41.000000000,2019-04-25T19:38:41_cand003,34.79895535265442,35.43172299877402,218.01450769012007,1.2059492260988056,1.9323911254521609,,False,cluster0000,26.059916548347463,16.620575539975885,100.0,4
68,2019-04-25T19:38:41.000000000,2019-04-25T19:38:41_cand004,34.777955352654416,35.41672299877402,188.98746858566489,1.04538589609458,1.6985702451499176,,False,cluster0000,26.059916548347463,16.620575539975885,100.0,5
68,2019-04-25T19:38:41.000000000,2019-04-25T19:38:41_cand005,34.88295535265442,35.49172299877402,180.53318621762534,0.9986209565179462,1.5606851169933873,,False,cluster0000,26.059916548347463,16.620575539975885,100.0,6
68,2019-04-25T19:38:41.000000000,2019-04-25T19:38:41_cand006,34.78395535265442,35.39572299877402,150.39892584226047,0.831933022014136,1.4147283917464577,,False,cluster0000,26.059916548347463,16.620575539975885,100.0,7
68,2019-04-25T19:38:41.000000000,2019-04-25T19:38:41_cand007,34.87095535265442,35.47972299877402,144.68955569983348,0.8003515893025207,1.3502022456079665,,False,cluster0000,26.059916548347463,16.620575539975885,100.0,8
68,2019-04-25T19:38:41.000000000,2019-04-25T19:38:41_cand008,34.83195535265442,35.47072299877402,51.60722383850275,0.2854658266027431,0.5718148225705207,,False,cluster0000,26.059916548347463,16.620575539975885,100.0,9
68,2019-04-25T19:38:41.000000000,2019-04-25T19:38:41_cand010,34.63095535265441,35.16172299877401,31.994217706701658,0.1769763053469587,0.5362918722445765,,False,cluster0000,26.059916548347463,16.620575539975885,100.0,10
68,2019-04-25T19:38:41.000000000,2019-04-25T19:38:41_cand009,34.756955352654415,35.34172299877402,33.991318281208464,0.18802328528322607,0.5290045778429129,0.5806774938427793,True,cluster0000,26.059916548347463,16.620575539975885,100.0,11
68,2019-04-25T19:38:41.000000000,2019-04-25T19:38:41_cand011,34.54695535265441,35.08972299877401,26.062220436855696,0.14416340866139032,0.5161982553942582,,False,cluster0000,26.059916548347463,16.620575539975885,100.0,12
68,2019-04-25T19:38:41.000000000,2019-04-25T19:38:41_cand013,34.58595535265441,35.10472299877401,20.608957982898012,0.11399863795075761,0.4500054232538159,,False,cluster0000,26.059916548347463,16.620575539975885,100.0,13
68,2019-04-25T19:38:41.000000000,2019-04-25T19:38:41_cand014,34.510955352654406,35.06272299877401,19.67025164726784,0.10880617534365308,0.44634688733175454,,False,cluster0000,26.059916548347463,16.620575539975885,100.0,14
68,2019-04-25T19:38:41.000000000,2019-04-25T19:38:41_cand025,34.732955352654415,35.32672299877402,9.438210515379831,0.052207547045254384,0.4454730225437007,0.7742269501649619,True,cluster0000,26.059916548347463,16.620575539975885,100.0,15
68,2019-04-25T19:38:41.000000000,2019-04-25T19:38:41_cand012,34.513955352654406,35.08372299877401,20.925391728678626,0.11574899408475434,0.4377473272514726,,False,cluster0000,26.059916548347463,16.620575539975885,100.0,16
68,2019-04-25T19:38:41.000000000,2019-04-25T19:38:41_cand017,34.80795535265442,35.48572299877402,17.4792922182096,0.096686863395651,0.4330707610306452,,False,cluster0000,26.059916548347463,16.620575539975885,100.0,17
68,2019-04-25T19:38:41.000000000,2019-04-25T19:38:41_cand015,34.61595535265441,35.10172299877401,19.27839122964764,0.10663859589045667,0.43299973132915015,,False,cluster0000,26.059916548347463,16.620575539975885,100.0,18
68,2019-04-25T19:38:41.000000000,2019-04-25T19:38:41_cand021,34.468955352654405,35.059722998774006,14.697054396354055,0.08129688965657045,0.42734737682676804,0.5190305117462929,True,cluster0000,26.059916548347463,16.620575539975885,100.0,19
68,2019-04-25T19:38:41.000000000,2019-04-25T19:38:41_cand030,34.735955352654415,35.287722998774015,6.212998973355261,0.034367260156467086,0.4265134326044426,0.7824425637826985,True,cluster0000,26.059916548347463,16.620575539975885,100.0,20
68,2019-04-25T19:38:41.000000000,2019-04-25T19:38:41_cand018,34.78395535265442,35.49772299877402,17.070605750823958,0.09442621049560959,0.42514651166417844,,False,cluster0000,26.059916548347463,16.620575539975885,100.0,21
68,2019-04-25T19:38:41.000000000,2019-04-25T19:38:41_cand019,34.61295535265441,35.12272299877401,16.516938316255256,0.09136359406100386,0.4216870496093547,,False,cluster0000,26.059916548347463,16.620575539975885,100.0,22
68,2019-04-25T19:38:41.000000000,2019-04-25T19:38:41_cand026,34.4389553526544,35.059722998774006,9.02680621855569,0.04993186044703044,0.41097069970217676,0.6152952570371936,True,cluster0000,26.059916548347463,16.620575539975885,100.0,23
68,2019-04-25T19:38:41.000000000,2019-04-25T19:38:41_cand020,34.498955352654406,35.09572299877401,15.475701292196938,0.08560398202117879,0.4048751097463935,,False,cluster0000,26.059916548347463,16.620575539975885,100.0,24
68,2019-04-25T19:38:41.000000000,2019-04-25T19:38:41_cand022,34.495955352654406,35.06872299877401,14.18926828336627,0.07848806616831096,0.40306547733584613,,False,cluster0000,26.059916548347463,16.620575539975885,100.0,25
68,2019-04-25T19:38:41.000000000,2019-04-25T19:38:41_cand023,34.58895535265441,35.08072299877401,12.555309788108978,0.06944980993614372,0.40163110071292735,,False,cluster0000,26.059916548347463,16.620575539975885,100.0,26
68,2019-04-25T19:38:41.000000000,2019-04-25T19:38:41_cand031,34.726955352654414,35.35672299877402,6.043252730637919,0.033428307275729804,0.4015336459394302,0.6544629656458241,True,cluster0000,26.059916548347463,16.620575539975885,100.0,27
68,2019-04-25T19:38:41.000000000,2019-04-25T19:38:41_cand029,34.741955352654415,35.302722998774016,6.264605477411266,0.034652722001586415,0.392171650577168,0.7402526999930623,True,cluster0000,26.059916548347463,16.620575539975885,100.0,28
68,2019-04-25T19:38:41.000000000,2019-04-25T19:38:41_cand042,34.708955352654414,35.311722998774016,3.0874961567817842,0.017078512986605083,0.39178258249573583,0.761899613246775,True,cluster0000,26.059916548347463,16.620575539975885,100.0,29
68,2019-04-25T19:38:41.000000000,2019-04-25T19:38:41_cand034,34.64895535265441,35.20072299877401,5.589038181371873,0.0309158153779485,0.3848122289585133,0.5801900707761896,True,cluster0000,26.059916548347463,16.620575539975885,100.0,30
68,2019-04-25T19:38:41.000000000,2019-04-25T19:38:41_cand024,34.57395535265441,35.07772299877401,10.789562492388796,0.0596825627592426,0.37815237113926786,,False,cluster0000,26.059916548347463,16.620575539975885,100.0,31
68,2019-04-25T19:38:41.000000000,2019-04-25T19:38:41_cand056,34.66995535265441,35.21872299877401,2.7686624357063008,0.015314881367503405,0.3749621829666855,0.6319947163532289,True,cluster0000,26.059916548347463,16.620575539975885,100.0,32
68,2019-04-25T19:38:41.000000000,2019-04-25T19:38:41_cand033,34.471955352654405,35.09572299877401,5.697269808305762,0.03151449960370589,0.3712789665187197,0.5067266524680268,True,cluster0000,26.059916548347463,16.620575539975885,100.0,33
68,2019-04-25T19:38:41.000000000,2019-04-25T19:38:41_cand055,34.65495535265441,35.21872299877401,2.7686624357063008,0.015314881367503405,0.3680750388221388,0.5852689487630851,True,cluster0000,26.059916548347463,16.620575539975885,100.0,34
68,2019-04-25T19:38:41.000000000,2019-04-25T19:38:41_cand049,34.441955352654404,35.09872299877401,2.838778418705176,0.015702728563226895,0.36689303525485106,0.5918964009023514,True,cluster0000,26.059916548347463,16.620575539975885,100.0,35
68,2019-04-25T19:38:41.000000000,2019-04-25T19:38:41_cand045,34.66395535265441,35.248722998774014,2.8530322720703434,0.015781573882360806,0.3652104417285779,0.5821582741837825,True,cluster0000,26.059916548347463,16.620575539975885,100.0,36
68,2019-04-25T19:38:41.000000000,2019-04-25T19:38:41_cand044,34.456955352654404,35.08672299877401,2.8864542285882946,0.015966447737887978,0.36369259047179914,0.5707249302125218,True,cluster0000,26.059916548347463,16.620575539975885,100.0,37
68,2019-04-25T19:38:41.000000000,2019-04-25T19:38:41_cand051,34.477955352654405,35.11072299877401,2.8108155797174676,0.015548051865817916,0.362247045251143,0.5552780488319521,True,cluster0000,26.059916548347463,16.620575539975885,100.0,38
68,2019-04-25T19:38:41.000000000,2019-04-25T19:38:41_cand028,34.53795535265441,35.056722998774006,8.308606066382499,0.04595912979312197,0.35650607376249405,,False,cluster0000,26.059916548347463,16.620575539975885,100.0,39
68,2019-04-25T19:38:41.000000000,2019-04-25T19:38:41_cand047,34.513955352654406,35.032722998774005,2.8440036891145692,0.01573163219387574,0.35191893787769807,0.5157025313540651,True,cluster0000,26.059916548347463,16.620575539975885,100.0,40
68,2019-04-25T19:38:41.000000000,2019-04-25T19:38:41_cand043,34.444955352654404,35.07472299877401,2.978251922478382,0.01647422751400158,0.340374416346925,0.6311141226318792,True,cluster0000,26.059916548347463,16.620575539975885,100.0,41
68,2019-04-25T19:38:41.000000000,2019-04-25T19:38:41_cand027,34.60395535265441,35.13772299877401,8.372146327534974,0.04631060332382782,0.33708051978930914,,False,cluster0000,26.059916548347463,16.620575539975885,100.0,42
68,2019-04-25T19:38:41.000000000,2019-04-25T19:38:41_cand016,34.60095535265441,35.10172299877401,18.153297697885755,0.10041513081791414,0.336149785308162,,False,cluster0000,26.059916548347463,16.620575539975885,100.0,43
68,2019-04-25T19:38:41.000000000,2019-04-25T19:38:41_cand035,34.56195535265441,35.06872299877401,5.40908486400553,0.029920401971239293,0.3332051993658011,,False,cluster0000,26.059916548347463,16.620575539975885,100.0,44
68,2019-04-25T19:38:41.000000000,2019-04-25T19:38:41_cand046,34.66995535265441,35.263722998774014,2.8530322720703434,0.015781573882360806,0.32113747330482045,0.6289203276917604,True,cluster0000,26.059916548347463,16.620575539975885,100.0,45
68,2019-04-25T19:38:41.000000000,2019-04-25T19:38:41_cand032,34.483955352654405,35.047722998774006,5.860039864420408,0.03241486364499493,0.31640229058533287,,False,cluster0000,26.059916548347463,16.620575539975885,100.0,46
68,2019-04-25T19:38:41.000000000,2019-04-25T19:38:41_cand050,34.447955352654404,35.11372299877401,2.838778418705176,0.015702728563226895,0.31519295909658274,0.5737123350115811,True,cluster0000,26.059916548347463,16.620575539975885,100.0,47
68,2019-04-25T19:38:41.000000000,2019-04-25T19:38:41_cand037,34.94295535265442,35.50072299877402,3.4988421216681,0.019353876921186026,0.3130692848776174,,False,cluster0000,26.059916548347463,16.620575539975885,100.0,48
68,2019-04-25T19:38:41.000000000,2019-04-25T19:38:41_cand036,34.93695535265442,35.48572299877402,3.4988421216681,0.019353876921186026,0.3130413904337559,,False,cluster0000,26.059916548347463,16.620575539975885,100.0,49
68,2019-04-25T19:38:41.000000000,2019-04-25T19:38:41_cand038,34.95195535265442,35.48572299877402,3.4988421216681,0.019353876921186026,0.31230598341962384,,False,cluster0000,26.059916548347463,16.620575539975885,100.0,50
68,2019-04-25T19:38:41.000000000,2019-04-25T19:38:41_cand039,34.92795535265442,35.533722998774024,3.3608911922950986,0.01859080010451177,0.3121779635435713,,False,cluster0000,26.059916548347463,16.620575539975885,100.0,51
68,2019-04-25T19:38:41.000000000,2019-04-25T19:38:41_cand053,34.59795535265441,35.16172299877401,2.7810048783184524,0.015383153700725603,0.3115056826001841,,False,cluster0000,26.059916548347463,16.620575539975885,100.0,52
68,2019-04-25T19:38:41.000000000,2019-04-25T19:38:41_cand058,34.57395535265441,35.12872299877401,2.725493125090531,0.015076089934401607,0.3114115577640331,,False,cluster0000,26.059916548347463,16.620575539975885,100.0,53
68,2019-04-25T19:38:41.000000000,2019-04-25T19:38:41_cand057,34.61295535265441,35.07172299877401,2.7550997182453276,0.015239859072890308,0.31101327387083444,,False,cluster0000,26.059916548347463,16.620575539975885,100.0,54
68,2019-04-25T19:38:41.000000000,2019-04-25T19:38:41_cand048,34.90995535265442,35.59672299877403,2.8434977952950606,0.015728833837626018,0.31097534671048715,,False,cluster0000,26.059916548347463,16.620575539975885,100.0,55
68,2019-04-25T19:38:41.000000000,2019-04-25T19:38:41_cand054,34.60995535265441,35.17072299877401,2.7810048783184524,0.015383153700725603,0.2587396472683216,,False,cluster0000,26.059916548347463,16.620575539975885,100.0,56
68,2019-04-25T19:38:41.000000000,2019-04-25T19:38:41_cand040,34.93395535265442,35.515722998774024,3.3608911922950986,0.01859080010451177,0.25808626023730036,,False,cluster0000,26.059916548347463,16.620575539975885,100.0,57
68,2019-04-25T19:38:41.000000000,2019-04-25T19:38:41_cand041,34.93695535265442,35.548722998774025,3.2148055856950006,0.017782726246995974,0.2568527422456479,,False,cluster0000,26.059916548347463,16.620575539975885,100.0,58
68,2019-04-25T19:38:41.000000000,2019-04-25T19:38:41_cand052,34.58895535265441,35.14372299877401,2.8093470554627955,0.015539928710587594,0.2418226863557097,,False,cluster0000,26.059916548347463,16.620575539975885,100.0,59
69,2019-04-25T18:38:41.000000000,2019-04-25T18:38:41_cand000,34.89195535265442,35.560722998774025,347.7633044024054,1.9921285717728032,3.0923863240495133,,False,cluster0000,26.059916548347463,16.620575539975885,100.0,1
69,2019-04-25T18:38:41.000000000,2019-04-25T18:38:41_cand001,34.84395535265442,35.545722998774025,319.62235019622216,1.8309258278334402,2.9172469079556445,,False,cluster0000,26.059916548347463,16.620575539975885,100.0,2
69,2019-04-25T18:38:41.000000000,2019-04-25T18:38:41_cand002,34.86495535265442,35.551722998774025,300.33383989308766,1.7204334555923897,2.7430430295592565,,False,cluster0000,26.059916548347463,16.620575539975885,100.0,3
69,2019-04-25T18:38:41.000000000,2019-04-25T18:38:41_cand003,34.80495535265442,35.43472299877402,212.04538781667128,1.214681567131192,1.9225450444630348,,False,cluster0000,26.059916548347463,16.620575539975885,100.0,4
69,2019-04-25T18:38:41.000000000,2019-04-25T18:38:41_cand004,34.78695535265442,35.42872299877402,192.5854530687118,1.1032072064798835,1.6732808182727754,,False,cluster0000,26.059916548347463,16.620575539975885,100.0,5
69,2019-04-25T18:38:41.000000000,2019-04-25T18:38:41_cand006,34.81995535265442,35.44372299877402,169.120370354765,0.9687897417223735,1.611157976829215,,False,cluster0000,26.059916548347463,16.620575539975885,100.0,6
69,2019-04-25T18:38:41.000000000,2019-04-25T18:38:41_cand005,34.89495535265442,35.50072299877402,178.33105148725434,1.021552240862561,1.5539479495616717,,False,cluster0000,26.059916548347463,16.620575539975885,100.0,7
69,2019-04-25T18:38:41.000000000,2019-04-25T18:38:41_cand008,34.78995535265442,35.41072299877402,153.25235731842983,0.8778913584059769,1.4416434760455825,,False,cluster0000,26.059916548347463,16.620575539975885,100.0,8
69,2019-04-25T18:38:41.000000000,2019-04-25T18:38:41_cand007,34.87995535265442,35.49172299877402,156.9393323370753,0.8990118394489026,1.4217520067205696,,False,cluster0000,26.059916548347463,16.620575539975885,100.0,9
69,2019-04-25T18:38:41.000000000,2019-04-25T18:38:41_cand010,34.54995535265441,35.09272299877401,25.964623975826036,0.1487358459699017,0.520976229573945,,False,cluster0000,26.059916548347463,16.620575539975885,100.0,10
69,2019-04-25T18:38:41.000000000,2019-04-25T18:38:41_cand009,34.63995535265441,35.17672299877401,30.386074220685444,0.1740636975573257,0.5165588912253657,,False,cluster0000,26.059916548347463,16.620575539975885,100.0,11
69,2019-04-25T18:38:41.000000000,2019-04-25T18:38:41_cand012,34.759955352654416,35.34472299877402,21.812110929965026,0.12494857520671931,0.46530817888327103,0.607874721951426,True,cluster0000,26.059916548347463,16.620575539975885,100.0,12
69,2019-04-25T18:38:41.000000000,2019-04-25T18:38:41_cand011,34.60995535265441,35.11072299877401,22.0789912237881,0.12647737324790906,0.4612103069701433,,False,cluster0000,26.059916548347463,16.620575539975885,100.0,13
69,2019-04-25T18:38:41.000000000,2019-04-25T18:38:41_cand015,34.62495535265441,35.11672299877401,19.642982622056554,0.11252293275588295,0.4537174878958,,False,cluster0000,26.059916548347463,16.620575539975885,100.0,14
69,2019-04-25T18:38:41.000000000,2019-04-25T18:38:41_cand014,34.59195535265441,35.11072299877401,20.680822237151922,0.11846809696376845,0.4532340196265123,,False,cluster0000,26.059916548347463,16.620575539975885,100.0,15
69,2019-04-25T18:38:41.000000000,2019-04-25T18:38:41_cand016,34.507955352654406,35.06872299877401,19.6052768417396,0.11230693882742786,0.4497406868118835,,False,cluster0000,26.059916548347463,16.620575539975885,100.0,16
69,2019-04-25T18:38:41.000000000,2019-04-25T18:38:41_cand013,34.516955352654406,35.08672299877401,20.79093723408372,0.11909888011078697,0.44170461041267206,,False,cluster0000,26.059916548347463,16.620575539975885,100.0,17
69,2019-04-25T18:38:41.000000000,2019-04-25T18:38:41_cand018,34.78995535265442,35.50972299877402,16.93674231075248,0.09702049596055647,0.42762124551450326,,False,cluster0000,26.059916548347463,16.620575539975885,100.0,18
69,2019-04-25T18:38:41.000000000,2019-04-25T18:38:41_cand019,34.471955352654405,35.06572299877401,14.593621660853735,0.0835981551480453,0.4197994174302357,0.4755136633384419,True,cluster0000,26.059916548347463,16.620575539975885,100.0,19
69,2019-04-25T18:38:41.000000000,2019-04-25T18:38:41_cand042,34.726955352654414,35.323722998774016,3.0957552057076176,0.01773373532639426,0.4150740623815677,0.8261440642500919,True,cluster0000,26.059916548347463,16.620575539975885,100.0,20
69,2019-04-25T18:38:41.000000000,2019-04-25T18:38:41_cand024,34.741955352654415,35.33572299877402,9.462418505999043,0.054204552421839795,0.4144544881260949,0.7246620919226675,True,cluster0000,26.059916548347463,16.620575539975885,100.0,21
69,2019-04-25T18:38:41.000000000,2019-04-25T18:38:41_cand017,34.62495535265441,35.15872299877401,17.134544448446757,0.0981535864421288,0.41179150720314084,,False,cluster0000,26.059916548347463,16.620575539975885,100.0,22
69,2019-04-25T18:38:41.000000000,2019-04-25T18:38:41_cand041,34.711955352654414,35.32672299877402,3.0957552057076176,0.01773373532639426,0.40813796927313806,0.8453827060796735,True,cluster0000,26.059916548347463,16.620575539975885,100.0,23
69,2019-04-25T18:38:41.000000000,2019-04-25T18:38:41_cand025,34.441955352654404,35.06272299877401,8.97329985709501,0.05140268338294562,0.4060504778827221,0.5800607857034585,True,cluster0000,26.059916548347463,16.620575539975885,100.0,24
69,2019-04-25T18:38:41.000000000,2019-04-25T18:38:41_cand029,34.747955352654415,35.317722998774016,6.303589718709952,0.03610950616240039,0.3992015949571153,0.77242749735544,True,cluster0000,26.059916548347463,16.620575539975885,100.0,25
69,2019-04-25T18:38:41.000000000,2019-04-25T18:38:41_cand040,34.729955352654414,35.34472299877402,3.17082206291877,0.018163748582969732,0.39720134877769864,0.7358987203695145,True,cluster0000,26.059916548347463,16.620575539975885,100.0,26
69,2019-04-25T18:38:41.000000000,2019-04-25T18:38:41_cand032,34.65795535265441,35.21272299877401,5.627785276792182,0.03223822555104084,0.38915123046349503,0.6027323984140884,True,cluster0000,26.059916548347463,16.620575539975885,100.0,27
69,2019-04-25T18:38:41.000000000,2019-04-25T18:38:41_cand021,34.52295535265441,35.053722998774006,11.144617984274586,0.0638408700024213,0.38852467355429005,0.42138423229257904,True,cluster0000,26.059916548347463,16.620575539975885,100.0,28
69,2019-04-25T18:38:41.000000000,2019-04-25T18:38:41_cand030,34.735955352654415,35.37472299877402,6.0275020369194205,0.034527964486648965,0.3881148270250532,0.5921712158036678,True,cluster0000,26.059916548347463,16.620575539975885,100.0,29
69,2019-04-25T18:38:41.000000000,2019-04-25T18:38:41_cand046,34.67595535265441,35.278722998774015,2.8699818699383677,0.01644041453251907,0.38463250705070284,0.6747367954340033,True,cluster0000,26.059916548347463,16.620575539975885,100.0,30
69,2019-04-25T18:38:41.000000000,2019-04-25T18:38:41_cand020,34.501955352654406,35.09572299877401,13.69723035972778,0.07846326397391698,0.38352852031999735,,False,cluster0000,26.059916548347463,16.620575539975885,100.0,31
69,2019-04-25T18:38:41.000000000,2019-04-25T18:38:41_cand022,34.59195535265441,35.08672299877401,10.815280640868021,0.06195429277231538,0.37946147838862454,,False,cluster0000,26.059916548347463,16.620575539975885,100.0,32
69,2019-04-25T18:38:41.000000000,2019-04-25T18:38:41_cand023,34.57695535265441,35.08072299877401,10.773242866213216,0.0617134834318144,0.3791962591021471,,False,cluster0000,26.059916548347463,16.620575539975885,100.0,33
69,2019-04-25T18:38:41.000000000,2019-04-25T18:38:41_cand057,34.66995535265441,35.23972299877401,2.7851233734380956,0.015954310813996016,0.37351252771724774,0.6197928229249083,True,cluster0000,26.059916548347463,16.620575539975885,100.0,34
69,2019-04-25T18:38:41.000000000,2019-04-25T18:38:41_cand056,34.65795535265441,35.23072299877401,2.7851233734380956,0.015954310813996016,0.3655744682813769,0.5744665477243929,True,cluster0000,26.059916548347463,16.620575539975885,100.0,35
69,2019-04-25T18:38:41.000000000,2019-04-25T18:38:41_cand026,34.489955352654405,35.06272299877401,8.654848425701022,0.04957846505061738,0.358452700863802,,False,cluster0000,26.059916548347463,16.620575539975885,100.0,36
69,2019-04-25T18:38:41.000000000,2019-04-25T18:38:41_cand055,34.480955352654405,35.11372299877401,2.788718561540654,0.015974905502536576,0.35578493746470274,0.5204251963933544,True,cluster0000,26.059916548347463,16.620575539975885,100.0,37
69,2019-04-25T18:38:41.000000000,2019-04-25T18:38:41_cand047,34.459955352654404,35.09272299877401,2.8647137914861474,0.016410236852843974,0.35237293051474033,0.5129945091854395,True,cluster0000,26.059916548347463,16.620575539975885,100.0,38
69,2019-04-25T18:38:41.000000000,2019-04-25T18:38:41_cand049,34.513955352654406,35.038722998774006,2.826630852534257,0.016192082407499295,0.34106104614662724,0.45915742162971296,True,cluster0000,26.059916548347463,16.620575539975885,100.0,39
69,2019-04-25T18:38:41.000000000,2019-04-25T18:38:41_cand031,34.474955352654405,35.09872299877401,5.653432353026801,0.03238514235538055,0.33882316552175856,,False,cluster0000,26.059916548347463,16.620575539975885,100.0,40
69,2019-04-25T18:38:41.000000000,2019-04-25T18:38:41_cand027,34.60695535265441,35.14672299877401,8.438189645018976,0.048337356107096614,0.33859235514963015,,False,cluster0000,26.059916548347463,16.620575539975885,100.0,41
69,2019-04-25T18:38:41.000000000,2019-04-25T18:38:41_cand033,34.53795535265441,35.06872299877401,5.52082392132861,0.031625507735224455,0.3381519850058102,,False,cluster0000,26.059916548347463,16.620575539975885,100.0,42
69,2019-04-25T18:38:41.000000000,2019-04-25T18:38:41_cand050,34.52895535265441,35.038722998774006,2.826630852534257,0.016192082407499295,0.33534600607157994,0.46585418139949253,True,cluster0000,26.059916548347463,16.620575539975885,100.0,43
69,2019-04-25T18:38:41.000000000,2019-04-25T18:38:41_cand035,34.55295535265441,35.06872299877401,5.511981904062224,0.03157485709150935,0.3351346722281848,,False,cluster0000,26.059916548347463,16.620575539975885,100.0,44
69,2019-04-25T18:38:41.000000000,2019-04-25T18:38:41_cand034,34.54695535265441,35.053722998774006,5.511981904062224,0.03157485709150935,0.33425170375531615,,False,cluster0000,26.059916548347463,16.620575539975885,100.0,45
69,2019-04-25T18:38:41.000000000,2019-04-25T18:38:41_cand045,34.66995535265441,35.263722998774014,2.8699818699383677,0.01644041453251907,0.32053285121770875,0.6289203276917604,True,cluster0000,26.059916548347463,16.620575539975885,100.0,46
69,2019-04-25T18:38:41.000000000,2019-04-25T18:38:41_cand048,34.59495535265441,35.15572299877401,2.829372749310391,0.01620778909891682,0.31448968587363607,,False,cluster0000,26.059916548347463,16.620575539975885,100.0,47
69,2019-04-25T18:38:41.000000000,2019-04-25T18:38:41_cand036,34.94895535265442,35.48872299877402,3.4984102632715715,0.020040306015674914,0.3140480346529655,,False,cluster0000,26.059916548347463,16.620575539975885,100.0,48
69,2019-04-25T18:38:41.000000000,2019-04-25T18:38:41_cand059,34.57095535265441,35.13472299877401,2.73267000342057,0.015653836739316845,0.313906251738781,,False,cluster0000,26.059916548347463,16.620575539975885,100.0,49
69,2019-04-25T18:38:41.000000000,2019-04-25T18:38:41_cand037,34.95495535265442,35.50372299877402,3.4984102632715715,0.020040306015674914,0.31374862730801495,,False,cluster0000,26.059916548347463,16.620575539975885,100.0,50
69,2019-04-25T18:38:41.000000000,2019-04-25T18:38:41_cand060,34.56795535265441,35.06572299877401,2.6968994983938623,0.015448928848839732,0.31299433493761614,,False,cluster0000,26.059916548347463,16.620575539975885,100.0,51
69,2019-04-25T18:38:41.000000000,2019-04-25T18:38:41_cand058,34.62195535265441,35.07772299877401,2.761068060217732,0.01581651227066903,0.3127361428639856,,False,cluster0000,26.059916548347463,16.620575539975885,100.0,52
69,2019-04-25T18:38:41.000000000,2019-04-25T18:38:41_cand054,34.61295535265441,35.18272299877401,2.803200513080509,0.01605786396615927,0.3124603261483643,,False,cluster0000,26.059916548347463,16.620575539975885,100.0,53
69,2019-04-25T18:38:41.000000000,2019-04-25T18:38:41_cand051,34.444955352654404,35.10772299877401,2.818704051830755,0.01614667449365591,0.31209170225787647,0.5579028956050083,True,cluster0000,26.059916548347463,16.620575539975885,100.0,54
69,2019-04-25T18:38:41.000000000,2019-04-25T18:38:41_cand044,34.64595535265441,35.14672299877401,2.871614605108248,0.01644976749857639,0.3120519304737582,,False,cluster0000,26.059916548347463,16.620575539975885,100.0,55
69,2019-04-25T18:38:41.000000000,2019-04-25T18:38:41_cand053,34.60095535265441,35.17372299877401,2.803200513080509,0.01605786396615927,0.31185998044511165,,False,cluster0000,26.059916548347463,16.620575539975885,100.0,56
69,2019-04-25T18:38:41.000000000,2019-04-25T18:38:41_cand052,34.456955352654404,35.11672299877401,2.818704051830755,0.01614667449365591,0.30408648231566787,0.5433855520515266,True,cluster0000,26.059916548347463,16.620575539975885,100.0,57
69,2019-04-25T18:38:41.000000000,2019-04-25T18:38:41_cand043,34.486955352654405,35.041722998774006,2.948262217826044,0.016888835960718142,0.29108041621444747,,False,cluster0000,26.059916548347463,16.620575539975885,100.0,58
69,2019-04-25T18:38:41.000000000,2019-04-25T18:38:41_cand028,34.93695535265442,35.524722998774024,6.735874609155659,0.038585808493614995,0.28509607333804815,,False,cluster0000,26.059916548347463,16.620575539975885,100.0,59
69,2019-04-25T18:38:41.000000000,2019-04-25T18:38:41_cand039,34.94595535265442,35.551722998774025,3.2202744018870586,0.018447031540523316,0.25731130227269433,,False,cluster0000,26.059916548347463,16.620575539975885,100.0,60
69,2019-04-25T18:38:41.000000000,2019-04-25T18:38:41_cand038,34.94895535265442,35.533722998774024,3.368875941285369,0.019298281136720642,0.24480469511791775,,False,cluster0000,26.059916548347463,16.620575539975885,100.0,61
70,2019-04-25T17:38:41.000000000,2019-04-25T17:38:41_cand000,34.89795535265442,35.563722998774026,335.477236343475,1.9610286468119902,3.017152375799327,,False,cluster0000,26.059916548347463,16.620575539975885,100.0,1
70,2019-04-25T17:38:41.000000000,2019-04-25T17:38:41_cand001,34.84995535265442,35.554722998774025,309.6484255428711,1.8100466056900926,2.907702702326052,,False,cluster0000,26.059916548347463,16.620575539975885,100.0,2
70,2019-04-25T17:38:41.000000000,2019-04-25T17:38:41_cand002,34.86495535265442,35.557722998774025,297.16510660377764,1.7370754964915263,2.779898654357166,,False,cluster0000,26.059916548347463,16.620575539975885,100.0,3
70,2019-04-25T17:38:41.000000000,2019-04-25T17:38:41_cand003,34.79595535265442,35.44072299877402,203.15568234577876,1.187544398496288,1.8785645311994807,,False,cluster0000,26.059916548347463,16.620575539975885,100.0,4
70,2019-04-25T17:38:41.000000000,2019-04-25T17:38:41_cand004,34.82295535265442,35.44372299877402,183.04922667388735,1.0700123239263606,1.7195065085901262,,False,cluster0000,26.059916548347463,16.620575539975885,100.0,5
70,2019-04-25T17:38:41.000000000,2019-04-25T17:38:41_cand005,34.91295535265442,35.50672299877402,176.81691259099728,1.0335813976862143,1.6203071249975778,,False,cluster0000,26.059916548347463,16.620575539975885,100.0,6
70,2019-04-25T17:38:41.000000000,2019-04-25T17:38:41_cand006,34.88895535265442,35.49772299877402,170.01646310633643,0.9938294419470656,1.5251314733781995,,False,cluster0000,26.059916548347463,16.620575539975885,100.0,7
70,2019-04-25T17:38:41.000000000,2019-04-25T17:38:41_cand007,34.80195535265442,35.41672299877402,146.9660255083768,0.8590883520780921,1.399495314730034,,False,cluster0000,26.059916548347463,16.620575539975885,100.0,8
70,2019-04-25T17:38:41.000000000,2019-04-25T17:38:41_cand008,34.87695535265442,35.47372299877402,63.088858386754794,0.3687852563099766,0.7334062092682623,,False,cluster0000,26.059916548347463,16.620575539975885,100.0,9
70,2019-04-25T17:38:41.000000000,2019-04-25T17:38:41_cand009,34.64295535265441,35.19172299877401,29.663151335086198,0.17339563827593446,0.5186598657436544,,False,cluster0000,26.059916548347463,16.620575539975885,100.0,10
70,2019-04-25T17:38:41.000000000,2019-04-25T17:38:41_cand010,34.60995535265441,35.11972299877401,26.661555106373317,0.15584983917842954,0.5065936677258831,,False,cluster0000,26.059916548347463,16.620575539975885,100.0,11
70,2019-04-25T17:38:41.000000000,2019-04-25T17:38:41_cand013,34.53795535265441,35.09872299877401,24.21083546915741,0.141524183386498,0.501514771142289,,False,cluster0000,26.059916548347463,16.620575539975885,100.0,12
70,2019-04-25T17:38:41.000000000,2019-04-25T17:38:41_cand012,34.85295535265442,35.50672299877402,24.382399533492144,0.14252705931510334,0.48864398923497326,,False,cluster0000,26.059916548347463,16.620575539975885,100.0,13
70,2019-04-25T17:38:41.000000000,2019-04-25T17:38:41_cand014,34.55295535265441,35.09872299877401,21.613570052647482,0.12634189578730215,0.481053264599368,,False,cluster0000,26.059916548347463,16.620575539975885,100.0,14
70,2019-04-25T17:38:41.000000000,2019-04-25T17:38:41_cand015,34.56195535265441,35.11372299877401,21.590904523920884,0.12620940467818112,0.4772884202244311,,False,cluster0000,26.059916548347463,16.620575539975885,100.0,15
70,2019-04-25T17:38:41.000000000,2019-04-25T17:38:41_cand019,34.57995535265441,35.11672299877401,17.889485283492206,0.10457279754663173,0.45558594577870526,,False,cluster0000,26.059916548347463,16.620575539975885,100.0,16
70,2019-04-25T17:38:41.000000000,2019-04-25T17:38:41_cand016,34.510955352654406,35.07172299877401,19.538850239323544,0.11421414300031099,0.45357686147133375,,False,cluster0000,26.059916548347463,16.620575539975885,100.0,17
70,2019-04-25T17:38:41.000000000,2019-04-25T17:38:41_cand020,34.63095535265441,35.12572299877401,17.041712597623516,0.09961715125273206,0.4345944266976122,,False,cluster0000,26.059916548347463,16.620575539975885,100.0,18
70,2019-04-25T17:38:41.000000000,2019-04-25T17:38:41_cand018,34.59495535265441,35.11972299877401,18.077276024844707,0.1056705263446038,0.4333953498472136,,False,cluster0000,26.059916548347463,16.620575539975885,100.0,19
70,2019-04-25T17:38:41.000000000,2019-04-25T17:38:41_cand021,34.59195535265441,35.09272299877401,15.28750309520504,0.08936293810775917,0.4287119613056032,,False,cluster0000,26.059916548347463,16.620575539975885,100.0,20
70,2019-04-25T17:38:41.000000000,2019-04-25T17:38:41_cand017,34.51995535265441,35.09272299877401,19.008574398040913,0.11111442116284215,0.425036665098822,,False,cluster0000,26.059916548347463,16.620575539975885,100.0,21
70,2019-04-25T17:38:41.000000000,2019-04-25T17:38:41_cand022,34.474955352654405,35.06872299877401,14.514592697475695,0.08484489852961545,0.4126196398043814,0.4283233024904237,True,cluster0000,26.059916548347463,16.620575539975885,100.0,22
70,2019-04-25T17:38:41.000000000,2019-04-25T17:38:41_cand054,34.68195535265441,35.293722998774015,2.8916356320564987,0.01690302558948984,0.4057710958549283,0.7719592097679225,True,cluster0000,26.059916548347463,16.620575539975885,100.0,23
70,2019-04-25T17:38:41.000000000,2019-04-25T17:38:41_cand027,34.444955352654404,35.06572299877401,8.926640477803419,0.05218058276491002,0.3986040662108179,0.5399473077383568,True,cluster0000,26.059916548347463,16.620575539975885,100.0,24
70,2019-04-25T17:38:41.000000000,2019-04-25T17:38:41_cand026,34.753955352654415,35.34772299877402,9.508775662820877,0.055583447849227204,0.3930353346384537,0.6214527540119512,True,cluster0000,26.059916548347463,16.620575539975885,100.0,25
70,2019-04-25T17:38:41.000000000,2019-04-25T17:38:41_cand035,34.66395535265441,35.21872299877401,5.673858368500678,0.03316647925164113,0.3928522507828073,0.6134978013676242,True,cluster0000,26.059916548347463,16.620575539975885,100.0,26
70,2019-04-25T17:38:41.000000000,2019-04-25T17:38:41_cand049,34.720955352654414,35.33872299877402,3.1098388442622538,0.018178530165078324,0.390381082573018,0.7527449397383239,True,cluster0000,26.059916548347463,16.620575539975885,100.0,27
70,2019-04-25T17:38:41.000000000,2019-04-25T17:38:41_cand011,34.765955352654416,35.35672299877402,25.10215726095278,0.14673439551978545,0.3902323787601518,,False,cluster0000,26.059916548347463,16.620575539975885,100.0,28
70,2019-04-25T17:38:41.000000000,2019-04-25T17:38:41_cand023,34.62795535265441,35.17072299877401,14.424685950071268,0.08431934958589739,0.3897190245952124,,False,cluster0000,26.059916548347463,16.620575539975885,100.0,29
70,2019-04-25T17:38:41.000000000,2019-04-25T17:38:41_cand047,34.738955352654415,35.35072299877402,3.1852535470581165,0.0186193660148827,0.3897175751726494,0.698635288070669,True,cluster0000,26.059916548347463,16.620575539975885,100.0,30
70,2019-04-25T17:38:41.000000000,2019-04-25T17:38:41_cand024,34.63695535265441,35.15572299877401,11.508174783295614,0.06727091432056567,0.3862742853664259,,False,cluster0000,26.059916548347463,16.620575539975885,100.0,31
70,2019-04-25T17:38:41.000000000,2019-04-25T17:38:41_cand053,34.67595535265441,35.278722998774015,2.8916356320564987,0.01690302558948984,0.38477327803169314,0.6747367954340033,True,cluster0000,26.059916548347463,16.620575539975885,100.0,32
70,2019-04-25T17:38:41.000000000,2019-04-25T17:38:41_cand048,34.744955352654415,35.311722998774016,3.1497996849964442,0.018412120838128362,0.38145444626784425,0.7809352876535485,True,cluster0000,26.059916548347463,16.620575539975885,100.0,33
70,2019-04-25T17:38:41.000000000,2019-04-25T17:38:41_cand033,34.756955352654415,35.32972299877402,6.344482000585346,0.03708660262001381,0.3802975060956123,0.6587657244906053,True,cluster0000,26.059916548347463,16.620575539975885,100.0,34
70,2019-04-25T17:38:41.000000000,2019-04-25T17:38:41_cand061,34.67595535265441,35.257722998774014,2.8063306000408597,0.016404375924543253,0.3767839809968893,0.6332655285103215,True,cluster0000,26.059916548347463,16.620575539975885,100.0,35
70,2019-04-25T17:38:41.000000000,2019-04-25T17:38:41_cand050,34.735955352654415,35.37472299877402,3.0300636385278206,0.017712205041336183,0.3686404759055013,0.5921712158036678,True,cluster0000,26.059916548347463,16.620575539975885,100.0,36
70,2019-04-25T17:38:41.000000000,2019-04-25T17:38:41_cand060,34.66395535265441,35.248722998774014,2.8063306000408597,0.016404375924543253,0.3666218571171803,0.5821582741837825,True,cluster0000,26.059916548347463,16.620575539975885,100.0,37
70,2019-04-25T17:38:41.000000000,2019-04-25T17:38:41_cand037,34.477955352654405,35.10472299877401,5.626615737159543,0.032890322948398276,0.3644904727205594,0.4620756141726817,True,cluster0000,26.059916548347463,16.620575539975885,100.0,38
70,2019-04-25T17:38:41.000000000,2019-04-25T17:38:41_cand052,34.65195535265441,35.15572299877401,2.906133655305016,0.016987773631480328,0.3644825504242987,0.572789626276142,True,cluster0000,26.059916548347463,16.620575539975885,100.0,39
70,2019-04-25T17:38:41.000000000,2019-04-25T17:38:41_cand038,34.489955352654405,35.11372299877401,5.514225573081095,0.03223334742964182,0.36429454133107425,0.4645383891864492,True,cluster0000,26.059916548347463,16.620575539975885,100.0,40
70,2019-04-25T17:38:41.000000000,2019-04-25T17:38:41_cand036,34.462955352654404,35.10772299877401,5.656058135338693,0.03306242817642944,0.363996831566659,0.4795328500961184,True,cluster0000,26.059916548347463,16.620575539975885,100.0,41
70,2019-04-25T17:38:41.000000000,2019-04-25T17:38:41_cand030,34.516955352654406,35.053722998774006,8.359789652869232,0.04886706224625749,0.3638720693325341,0.38050065794791443,True,cluster0000,26.059916548347463,16.620575539975885,100.0,42
70,2019-04-25T17:38:41.000000000,2019-04-25T17:38:41_cand025,34.498955352654406,35.09572299877401,10.930207653162103,0.06389241355711268,0.3633997925200243,,False,cluster0000,26.059916548347463,16.620575539975885,100.0,43
70,2019-04-25T17:38:41.000000000,2019-04-25T17:38:41_cand028,34.492955352654405,35.06572299877401,8.611656639265753,0.050339348058830745,0.35992468314446,,False,cluster0000,26.059916548347463,16.620575539975885,100.0,44
70,2019-04-25T17:38:41.000000000,2019-04-25T17:38:41_cand031,34.57995535265441,35.08372299877401,8.100376587688336,0.04735066590973766,0.358046738179761,,False,cluster0000,26.059916548347463,16.620575539975885,100.0,45
70,2019-04-25T17:38:41.000000000,2019-04-25T17:38:41_cand039,34.54095535265441,35.06872299877401,5.514145621705436,0.03223288007471864,0.3391528153613161,,False,cluster0000,26.059916548347463,16.620575539975885,100.0,46
70,2019-04-25T17:38:41.000000000,2019-04-25T17:38:41_cand029,34.60995535265441,35.14372299877401,8.438617008913171,0.0493278467246307,0.3372243477484957,,False,cluster0000,26.059916548347463,16.620575539975885,100.0,47
70,2019-04-25T17:38:41.000000000,2019-04-25T17:38:41_cand040,34.55295535265441,35.059722998774006,5.509076956212021,0.032203251244035426,0.3369815186797494,,False,cluster0000,26.059916548347463,16.620575539975885,100.0,48
70,2019-04-25T17:38:41.000000000,2019-04-25T17:38:41_cand059,34.52295535265441,35.038722998774006,2.8168270391855206,0.01646573274885882,0.3293608228546712,0.4279086996916391,True,cluster0000,26.059916548347463,16.620575539975885,100.0,49
70,2019-04-25T17:38:41.000000000,2019-04-25T17:38:41_cand051,34.447955352654404,35.08372299877401,2.944077476425638,0.017209573837652488,0.3198008824530747,0.5350159567639311,True,cluster0000,26.059916548347463,16.620575539975885,100.0,50
70,2019-04-25T17:38:41.000000000,2019-04-25T17:38:41_cand042,34.975955352654424,35.50372299877402,3.4773002309929772,0.0203265218256464,0.3165000444589856,,False,cluster0000,26.059916548347463,16.620575539975885,100.0,51
70,2019-04-25T17:38:41.000000000,2019-04-25T17:38:41_cand058,34.61595535265441,35.19172299877401,2.827419648936596,0.016527651737439884,0.3150845264161621,,False,cluster0000,26.059916548347463,16.620575539975885,100.0,52
70,2019-04-25T17:38:41.000000000,2019-04-25T17:38:41_cand041,34.96395535265442,35.49472299877402,3.4773002309929772,0.0203265218256464,0.31416147451512655,,False,cluster0000,26.059916548347463,16.620575539975885,100.0,53
70,2019-04-25T17:38:41.000000000,2019-04-25T17:38:41_cand043,34.96095535265442,35.542722998774025,3.376181292845929,0.01973543213919582,0.3139791603794809,,False,cluster0000,26.059916548347463,16.620575539975885,100.0,54
70,2019-04-25T17:38:41.000000000,2019-04-25T17:38:41_cand056,34.65495535265441,35.23372299877401,2.8424714441310126,0.016615636847499563,0.3135468215307763,,False,cluster0000,26.059916548347463,16.620575539975885,100.0,55
70,2019-04-25T17:38:41.000000000,2019-04-25T17:38:41_cand046,34.81395535265442,35.37472299877402,3.2299622248609627,0.01888071011944276,0.31316344968015225,,False,cluster0000,26.059916548347463,16.620575539975885,100.0,56
70,2019-04-25T17:38:41.000000000,2019-04-25T17:38:41_cand066,34.56795535265441,35.07172299877401,2.701096144769406,0.015789229026147773,0.31297510011007695,,False,cluster0000,26.059916548347463,16.620575539975885,100.0,57
70,2019-04-25T17:38:41.000000000,2019-04-25T17:38:41_cand063,34.62495535265441,35.08372299877401,2.7746084179224573,0.016218944243539767,0.31238690556833687,,False,cluster0000,26.059916548347463,16.620575539975885,100.0,58
70,2019-04-25T17:38:41.000000000,2019-04-25T17:38:41_cand064,34.57395535265441,35.14672299877401,2.7468244121344605,0.016056533130740246,0.3122482028160257,,False,cluster0000,26.059916548347463,16.620575539975885,100.0,59
70,2019-04-25T17:38:41.000000000,2019-04-25T17:38:41_cand055,34.59495535265441,35.16172299877401,2.8544598233201404,0.01668571479160977,0.3119277244894679,,False,cluster0000,26.059916548347463,16.620575539975885,100.0,60
70,2019-04-25T17:38:41.000000000,2019-04-25T17:38:41_cand057,34.60395535265441,35.18272299877401,2.827419648936596,0.016527651737439884,0.31176022515103863,,False,cluster0000,26.059916548347463,16.620575539975885,100.0,61
70,2019-04-25T17:38:41.000000000,2019-04-25T17:38:41_cand065,34.771955352654416,35.530722998774024,2.7397205923410337,0.01601500782706081,0.31175240683700245,,False,cluster0000,26.059916548347463,16.620575539975885,100.0,62
70,2019-04-25T17:38:41.000000000,2019-04-25T17:38:41_cand062,34.447955352654404,35.10772299877401,2.8054375859982503,0.01639915582037568,0.3037527128676166,0.5139306077353807,True,cluster0000,26.059916548347463,16.620575539975885,100.0,63
70,2019-04-25T17:38:41.000000000,2019-04-25T17:38:41_cand034,34.60995535265441,35.16172299877401,5.682139070500591,0.03321488400784616,0.28508187761929554,,False,cluster0000,26.059916548347463,16.620575539975885,100.0,64
70,2019-04-25T17:38:41.000000000,2019-04-25T17:38:41_cand032,34.94895535265442,35.533722998774024,6.753087935074348,0.03947510430055681,0.2716831731421219,,False,cluster0000,26.059916548347463,16.620575539975885,100.0,65
70,2019-04-25T17:38:41.000000000,2019-04-25T17:38:41_cand045,34.95795535265442,35.560722998774025,3.236558305924402,0.018919267441731103,0.25834800378808087,,False,cluster0000,26.059916548347463,16.620575539975885,100.0,66
70,2019-04-25T17:38:41.000000000,2019-04-25T17:38:41_cand044,34.83495535265442,35.39572299877402,3.25500459495711,0.01902709502972124,0.22214534910366102,,False,cluster0000,26.059916548347463,16.620575539975885,100.0,67
71,2019-04-25T16:38:41.000000000,2019-04-25T16:38:41_cand000,34.90695535265442,35.575722998774026,338.38105953716115,2.0428581969016997,3.082067993997098,,False,cluster0000,26.059916548347463,16.620575539975885,100.0,1
71,2019-04-25T16:38:41.000000000,2019-04-25T16:38:41_cand001,34.85595535265442,35.560722998774025,306.4396714360567,1.8500231529071829,2.93697485283394,,False,cluster0000,26.059916548347463,16.620575539975885,100.0,2
71,2019-04-25T16:38:41.000000000,2019-04-25T16:38:41_cand002,34.88595535265442,35.566722998774026,300.68920069157406,1.8153066817415748,2.8083366486269967,,False,cluster0000,26.059916548347463,16.620575539975885,100.0,3
71,2019-04-25T16:38:41.000000000,2019-04-25T16:38:41_cand003,34.82895535265442,35.45872299877402,198.53584875028133,1.198591276217123,1.8546712880086547,,False,cluster0000,26.059916548347463,16.620575539975885,100.0,4
71,2019-04-25T16:38:41.000000000,2019-04-25T16:38:41_cand004,34.80495535265442,35.45272299877402,193.39069800244687,1.1675292144283063,1.821375726728233,,False,cluster0000,26.059916548347463,16.620575539975885,100.0,5
71,2019-04-25T16:38:41.000000000,2019-04-25T16:38:41_cand005,34.92795535265442,35.512722998774024,177.47497077027256,1.071443535518349,1.5953395899604697,,False,cluster0000,26.059916548347463,16.620575539975885,100.0,6
71,2019-04-25T16:38:41.000000000,2019-04-25T16:38:41_cand006,34.90395535265442,35.50972299877402,154.99135064833894,0.9357064829630419,1.4932805129292488,,False,cluster0000,26.059916548347463,16.620575539975885,100.0,7
71,2019-04-25T16:38:41.000000000,2019-04-25T16:38:41_cand007,34.84695535265442,35.47672299877402,133.8387821859758,0.8080051928022745,1.3483880884858137,,False,cluster0000,26.059916548347463,16.620575539975885,100.0,8
71,2019-04-25T16:38:41.000000000,2019-04-25T16:38:41_cand008,34.80195535265442,35.41072299877402,91.24041071448673,0.5508323106846271,0.9856212554151694,,False,cluster0000,26.059916548347463,16.620575539975885,100.0,9
71,2019-04-25T16:38:41.000000000,2019-04-25T16:38:41_cand009,34.91895535265442,35.542722998774025,77.99480316124394,0.47086655255355336,0.9096820278742448,,False,cluster0000,26.059916548347463,16.620575539975885,100.0,10
71,2019-04-25T16:38:41.000000000,2019-04-25T16:38:41_cand010,34.64595535265441,35.20372299877401,29.98955032207947,0.18105150087494176,0.5508143372597646,,False,cluster0000,26.059916548347463,16.620575539975885,100.0,11
71,2019-04-25T16:38:41.000000000,2019-04-25T16:38:41_cand011,34.78995535265442,35.38072299877402,28.271055180937527,0.1706766829397434,0.5107594489223215,,False,cluster0000,26.059916548347463,16.620575539975885,100.0,12
71,2019-04-25T16:38:41.000000000,2019-04-25T16:38:41_cand013,34.54395535265441,35.10172299877401,21.62632579718734,0.1305614356314143,0.4826511221188622,,False,cluster0000,26.059916548347463,16.620575539975885,100.0,13
71,2019-04-25T16:38:41.000000000,2019-04-25T16:38:41_cand012,34.56495535265441,35.12272299877401,21.718649782033722,0.13111880964481812,0.48144820136488314,,False,cluster0000,26.059916548347463,16.620575539975885,100.0,14
71,2019-04-25T16:38:41.000000000,2019-04-25T16:38:41_cand014,34.61295535265441,35.12572299877401,21.287661544069728,0.12851686775156546,0.46588411068061636,,False,cluster0000,26.059916548347463,16.620575539975885,100.0,15
71,2019-04-25T16:38:41.000000000,2019-04-25T16:38:41_cand015,34.63095535265441,35.13172299877401,19.952640030582536,0.12045713874191645,0.4608218864219663,,False,cluster0000,26.059916548347463,16.620575539975885,100.0,16
71,2019-04-25T16:38:41.000000000,2019-04-25T16:38:41_cand018,34.56495535265441,35.09572299877401,17.970894858530567,0.10849304011761939,0.4590667581960371,,False,cluster0000,26.059916548347463,16.620575539975885,100.0,17
71,2019-04-25T16:38:41.000000000,2019-04-25T16:38:41_cand016,34.513955352654406,35.07472299877401,19.547052497217226,0.1180085447862448,0.4561421000370556,,False,cluster0000,26.059916548347463,16.620575539975885,100.0,18
71,2019-04-25T16:38:41.000000000,2019-04-25T16:38:41_cand017,34.86195535265442,35.524722998774024,18.3680113627812,0.11089049317525503,0.4450136954736664,,False,cluster0000,26.059916548347463,16.620575539975885,100.0,19
71,2019-04-25T16:38:41.000000000,2019-04-25T16:38:41_cand020,34.58295535265441,35.12572299877401,16.2902198676743,0.0983465482126215,0.4384238104444222,,False,cluster0000,26.059916548347463,16.620575539975885,100.0,20
71,2019-04-25T16:38:41.000000000,2019-04-25T16:38:41_cand022,34.59795535265441,35.12272299877401,14.471914077502136,0.08736915812758604,0.41567645429197536,,False,cluster0000,26.059916548347463,16.620575539975885,100.0,21
71,2019-04-25T16:38:41.000000000,2019-04-25T16:38:41_cand023,34.63395535265441,35.14972299877401,14.416987168608413,0.08703755597994368,0.41300691482046853,,False,cluster0000,26.059916548347463,16.620575539975885,100.0,22
71,2019-04-25T16:38:41.000000000,2019-04-25T16:38:41_cand024,34.59495535265441,35.09572299877401,13.625613154670095,0.0822599100520062,0.40826569378401606,,False,cluster0000,26.059916548347463,16.620575539975885,100.0,23
71,2019-04-25T16:38:41.000000000,2019-04-25T16:38:41_cand056,34.68795535265441,35.308722998774016,2.918571516911313,0.017619862514530984,0.4082054161075385,0.7807336811488879,True,cluster0000,26.059916548347463,16.620575539975885,100.0,24
71,2019-04-25T16:38:41.000000000,2019-04-25T16:38:41_cand055,34.68195535265441,35.293722998774015,2.918571516911313,0.017619862514530984,0.4047620691586405,0.7719592097679225,True,cluster0000,26.059916548347463,16.620575539975885,100.0,25
71,2019-04-25T16:38:41.000000000,2019-04-25T16:38:41_cand019,34.51995535265441,35.09572299877401,16.327509564985746,0.09857167181710712,0.40386528061042826,,False,cluster0000,26.059916548347463,16.620575539975885,100.0,26
71,2019-04-25T16:38:41.000000000,2019-04-25T16:38:41_cand048,34.729955352654414,35.35072299877402,3.133162261961819,0.018915379654601664,0.39403922475300385,0.7134670620200796,True,cluster0000,26.059916548347463,16.620575539975885,100.0,27
71,2019-04-25T16:38:41.000000000,2019-04-25T16:38:41_cand034,34.756955352654415,35.36272299877402,6.366963718635618,0.038438333516010774,0.3923377170288178,0.5848465236832356,True,cluster0000,26.059916548347463,16.620575539975885,100.0,28
71,2019-04-25T16:38:41.000000000,2019-04-25T16:38:41_cand028,34.447955352654404,35.07172299877401,8.896105079406276,0.05370714663173438,0.390984073617403,0.4992435762205715,True,cluster0000,26.059916548347463,16.620575539975885,100.0,29
71,2019-04-25T16:38:41.000000000,2019-04-25T16:38:41_cand025,34.471955352654405,35.06872299877401,11.612918576408159,0.07010896513007134,0.38973198237888945,0.40033696241932554,True,cluster0000,26.059916548347463,16.620575539975885,100.0,30
71,2019-04-25T16:38:41.000000000,2019-04-25T16:38:41_cand064,34.68195535265441,35.272722998774015,2.8324974759573034,0.01710022036805901,0.3879006561509605,0.6897518468127697,True,cluster0000,26.059916548347463,16.620575539975885,100.0,31
71,2019-04-25T16:38:41.000000000,2019-04-25T16:38:41_cand037,34.66695535265441,35.23972299877401,5.728712307345367,0.034585112153615996,0.3864208697368192,0.575838092100274,True,cluster0000,26.059916548347463,16.620575539975885,100.0,32
71,2019-04-25T16:38:41.000000000,2019-04-25T16:38:41_cand049,34.735955352654415,35.36572299877402,3.133162261961819,0.018915379654601664,0.38269190662558744,0.6573535470770565,True,cluster0000,26.059916548347463,16.620575539975885,100.0,33
71,2019-04-25T16:38:41.000000000,2019-04-25T16:38:41_cand021,34.63395535265441,35.18572299877401,14.633070668057783,0.08834208510657134,0.3817277411343393,,False,cluster0000,26.059916548347463,16.620575539975885,100.0,34
71,2019-04-25T16:38:41.000000000,2019-04-25T16:38:41_cand035,34.756955352654415,35.33272299877402,6.347981314150278,0.03832373383761027,0.37877816604965325,0.6482709020650389,True,cluster0000,26.059916548347463,16.620575539975885,100.0,35
71,2019-04-25T16:38:41.000000000,2019-04-25T16:38:41_cand063,34.68195535265441,35.254722998774014,2.8324974759573034,0.01710022036805901,0.37860896247696146,0.6382767700397693,True,cluster0000,26.059916548347463,16.620575539975885,100.0,36
71,2019-04-25T16:38:41.000000000,2019-04-25T16:38:41_cand058,34.66995535265441,35.21872299877401,2.8590791323933127,0.01726069789245651,0.3761461294984414,0.6319947163532289,True,cluster0000,26.059916548347463,16.620575539975885,100.0,37
71,2019-04-25T16:38:41.000000000,2019-04-25T16:38:41_cand033,34.762955352654416,35.34772299877402,6.380778854254232,0.03852173760215672,0.37075334294041673,0.5969277784113949,True,cluster0000,26.059916548347463,16.620575539975885,100.0,38
71,2019-04-25T16:38:41.000000000,2019-04-25T16:38:41_cand027,34.756955352654415,35.38972299877402,9.162679990203431,0.0553165001291056,0.3671734247531029,,False,cluster0000,26.059916548347463,16.620575539975885,100.0,39
71,2019-04-25T16:38:41.000000000,2019-04-25T16:38:41_cand026,34.501955352654406,35.10172299877401,10.933757712524919,0.06600876714707415,0.36472124445837817,,False,cluster0000,26.059916548347463,16.620575539975885,100.0,40
71,2019-04-25T16:38:41.000000000,2019-04-25T16:38:41_cand038,34.474955352654405,35.11372299877401,5.619819240091067,0.03392770805620438,0.3631257018381959,0.4522633771725224,True,cluster0000,26.059916548347463,16.620575539975885,100.0,41
71,2019-04-25T16:38:41.000000000,2019-04-25T16:38:41_cand029,34.495955352654406,35.06872299877401,8.596289354337587,0.051897113255887785,0.36119785609710864,,False,cluster0000,26.059916548347463,16.620575539975885,100.0,42
71,2019-04-25T16:38:41.000000000,2019-04-25T16:38:41_cand042,34.489955352654405,35.11672299877401,5.512397652564006,0.033279187506904104,0.3591495336547275,0.4327564648986424,True,cluster0000,26.059916548347463,16.620575539975885,100.0,43
71,2019-04-25T16:38:41.000000000,2019-04-25T16:38:41_cand031,34.52295535265441,35.053722998774006,8.359841134607665,0.050469639199039636,0.358592917679261,0.34446115536950206,True,cluster0000,26.059916548347463,16.620575539975885,100.0,44
71,2019-04-25T16:38:41.000000000,2019-04-25T16:38:41_cand051,34.65195535265441,35.16172299877401,2.939557378692306,0.01774655737096588,0.35736790199288826,0.5355143657328387,True,cluster0000,26.059916548347463,16.620575539975885,100.0,45
71,2019-04-25T16:38:41.000000000,2019-04-25T16:38:41_cand032,34.96395535265442,35.533722998774024,6.749800921969356,0.040749580250621115,0.3415446625863952,,False,cluster0000,26.059916548347463,16.620575539975885,100.0,46
71,2019-04-25T16:38:41.000000000,2019-04-25T16:38:41_cand041,34.55895535265441,35.07472299877401,5.528493717633346,0.03337636191291175,0.33894344135798377,,False,cluster0000,26.059916548347463,16.620575539975885,100.0,47
71,2019-04-25T16:38:41.000000000,2019-04-25T16:38:41_cand030,34.61895535265441,35.15572299877401,8.521536640185975,0.05144581969042006,0.3388994203870671,,False,cluster0000,26.059916548347463,16.620575539975885,100.0,48
71,2019-04-25T16:38:41.000000000,2019-04-25T16:38:41_cand039,34.61895535265441,35.09572299877401,5.568852229296961,0.033620012418881386,0.3364148087728051,,False,cluster0000,26.059916548347463,16.620575539975885,100.0,49
71,2019-04-25T16:38:41.000000000,2019-04-25T16:38:41_cand040,34.54695535265441,35.06572299877401,5.528493717633346,0.03337636191291175,0.3359482420353888,,False,cluster0000,26.059916548347463,16.620575539975885,100.0,50
71,2019-04-25T16:38:41.000000000,2019-04-25T16:38:41_cand061,34.468955352654405,35.09872299877401,2.8460821236186926,0.017182232963164214,0.32992939860286863,0.39733520779975484,True,cluster0000,26.059916548347463,16.620575539975885,100.0,51
71,2019-04-25T16:38:41.000000000,2019-04-25T16:38:41_cand062,34.66995535265441,35.263722998774014,2.8324974759573034,0.01710022036805901,0.32052879597668527,0.6289203276917604,True,cluster0000,26.059916548347463,16.620575539975885,100.0,52
71,2019-04-25T16:38:41.000000000,2019-04-25T16:38:41_cand044,34.990955352654424,35.50372299877402,3.4310461323742047,0.0207137501284961,0.3166552124409508,,False,cluster0000,26.059916548347463,16.620575539975885,100.0,53
71,2019-04-25T16:38:41.000000000,2019-04-25T16:38:41_cand046,34.84695535265442,35.40472299877402,3.2525845347919984,0.019636350176053,0.31526111458836026,,False,cluster0000,26.059916548347463,16.620575539975885,100.0,54
71,2019-04-25T16:38:41.000000000,2019-04-25T16:38:41_cand060,34.62195535265441,35.20372299877401,2.8525336073749252,0.01722118155707081,0.3149166667129625,,False,cluster0000,26.059916548347463,16.620575539975885,100.0,55
71,2019-04-25T16:38:41.000000000,2019-04-25T16:38:41_cand043,34.978955352654424,35.49472299877402,3.4310461323742047,0.0207137501284961,0.3144424503972974,,False,cluster0000,26.059916548347463,16.620575539975885,100.0,56
71,2019-04-25T16:38:41.000000000,2019-04-25T16:38:41_cand045,34.975955352654424,35.542722998774025,3.3716069073500714,0.0203549064384145,0.31406510363998846,,False,cluster0000,26.059916548347463,16.620575539975885,100.0,57
71,2019-04-25T16:38:41.000000000,2019-04-25T16:38:41_cand047,34.969955352654424,35.563722998774026,3.251673320257152,0.019630849034576014,0.3135937242130899,,False,cluster0000,26.059916548347463,16.620575539975885,100.0,58
71,2019-04-25T16:38:41.000000000,2019-04-25T16:38:41_cand059,34.60995535265441,35.19472299877401,2.8525336073749252,0.01722118155707081,0.3134474270473459,,False,cluster0000,26.059916548347463,16.620575539975885,100.0,59
71,2019-04-25T16:38:41.000000000,2019-04-25T16:38:41_cand057,34.60095535265441,35.17972299877401,2.8827010439436402,0.01740330698441656,0.3129230399632024,,False,cluster0000,26.059916548347463,16.620575539975885,100.0,60
71,2019-04-25T16:38:41.000000000,2019-04-25T16:38:41_cand050,34.741955352654415,35.38972299877402,3.0506392486893885,0.018417175605216628,0.31268115263000246,,False,cluster0000,26.059916548347463,16.620575539975885,100.0,61
71,2019-04-25T16:38:41.000000000,2019-04-25T16:38:41_cand070,34.57395535265441,35.07472299877401,2.7156102847758623,0.016394554522150162,0.3123766125058466,,False,cluster0000,26.059916548347463,16.620575539975885,100.0,62
71,2019-04-25T16:38:41.000000000,2019-04-25T16:38:41_cand068,34.57695535265441,35.15572299877401,2.7679052598669793,0.01671026728298785,0.3123447926194204,,False,cluster0000,26.059916548347463,16.620575539975885,100.0,63
71,2019-04-25T16:38:41.000000000,2019-04-25T16:38:41_cand065,34.91595535265442,35.61772299877403,2.810223495241881,0.016965748940655924,0.3120785022129628,,False,cluster0006,0.9869764626964839,0.0,0.0,64
71,2019-04-25T16:38:41.000000000,2019-04-25T16:38:41_cand069,34.774955352654416,35.536722998774025,2.732524968727462,0.016496671055521713,0.3119154217222443,,False,cluster0000,26.059916548347463,16.620575539975885,100.0,65
71,2019-04-25T16:38:41.000000000,2019-04-25T16:38:41_cand053,34.450955352654404,35.08972299877401,2.9350289654017963,0.017719218647509756,0.3087560629470183,0.47422761820138293,True,cluster0000,26.059916548347463,16.620575539975885,100.0,66
71,2019-04-25T16:38:41.000000000,2019-04-25T16:38:41_cand067,34.456955352654404,35.12572299877401,2.800643183001586,0.016907911130774562,0.2952120195092868,0.4957986217484551,True,cluster0000,26.059916548347463,16.620575539975885,100.0,67
71,2019-04-25T16:38:41.000000000,2019-04-25T16:38:41_cand066,34.450955352654404,35.11072299877401,2.800643183001586,0.016907911130774562,0.2934508741480695,0.4610929241696783,True,cluster0000,26.059916548347463,16.620575539975885,100.0,68
71,2019-04-25T16:38:41.000000000,2019-04-25T16:38:41_cand054,34.495955352654406,35.047722998774006,2.924665863080858,0.01765665501421829,0.2920068799581969,,False,cluster0000,26.059916548347463,16.620575539975885,100.0,69
71,2019-04-25T16:38:41.000000000,2019-04-25T16:38:41_cand052,34.61895535265441,35.17972299877401,2.9376869729256976,0.0177352654453567,0.2914397995522572,,False,cluster0000,26.059916548347463,16.620575539975885,100.0,70
71,2019-04-25T16:38:41.000000000,2019-04-25T16:38:41_cand036,34.60695535265441,35.16472299877401,5.738413687124668,0.034643680866742285,0.2859660403596821,,False,cluster0000,26.059916548347463,16.620575539975885,100.0,71
72,2019-04-25T15:38:41.000000000,2019-04-25T15:38:41_cand000,34.91595535265442,35.584722998774026,313.23925406654666,1.8978786293335896,2.8955183331797794,,False,cluster0000,26.059916548347463,16.620575539975885,100.0,1
72,2019-04-25T15:38:41.000000000,2019-04-25T15:38:41_cand001,34.86795535265442,35.569722998774026,293.2747208338998,1.776915945139446,2.830264776268734,,False,cluster0000,26.059916548347463,16.620575539975885,100.0,2
72,2019-04-25T15:38:41.000000000,2019-04-25T15:38:41_cand002,34.88595535265442,35.569722998774026,281.41750855626447,1.705074534801982,2.683899100072326,,False,cluster0000,26.059916548347463,16.620575539975885,100.0,3
72,2019-04-25T15:38:41.000000000,2019-04-25T15:38:41_cand003,34.84995535265442,35.46472299877402,183.92903199893067,1.1144036854034411,1.7498888503393362,,False,cluster0000,26.059916548347463,16.620575539975885,100.0,4
72,2019-04-25T15:38:41.000000000,2019-04-25T15:38:41_cand005,34.81695535265442,35.46472299877402,171.78541320497507,1.0408269727385409,1.6481230381677658,,False,cluster0000,26.059916548347463,16.620575539975885,100.0,5
72,2019-04-25T15:38:41.000000000,2019-04-25T15:38:41_cand004,34.93995535265442,35.515722998774024,177.15441432904373,1.073357099030034,1.593645435536081,,False,cluster0000,26.059916548347463,16.620575539975885,100.0,6
72,2019-04-25T15:38:41.000000000,2019-04-25T15:38:41_cand006,34.91895535265442,35.512722998774024,152.8148804215961,0.925886816646232,1.428402586382223,,False,cluster0000,26.059916548347463,16.620575539975885,100.0,7
72,2019-04-25T15:38:41.000000000,2019-04-25T15:38:41_cand007,34.86195535265442,35.48572299877402,131.85403681073743,0.7988876087710888,1.2913784839840003,,False,cluster0000,26.059916548347463,16.620575539975885,100.0,8
72,2019-04-25T15:38:41.000000000,2019-04-25T15:38:41_cand008,34.81395535265442,35.42272299877402,98.45439656346777,0.5965232415029416,1.0653425982948066,,False,cluster0000,26.059916548347463,16.620575539975885,100.0,9
72,2019-04-25T15:38:41.000000000,2019-04-25T15:38:41_cand010,34.95495535265442,35.572722998774026,52.991610174326354,0.3210697356036491,0.6602630599361434,,False,cluster0000,26.059916548347463,16.620575539975885,100.0,10
72,2019-04-25T15:38:41.000000000,2019-04-25T15:38:41_cand009,34.90395535265442,35.48572299877402,54.079927848555684,0.3276637203262888,0.6558325288756583,,False,cluster0000,26.059916548347463,16.620575539975885,100.0,11
72,2019-04-25T15:38:41.000000000,2019-04-25T15:38:41_cand012,34.65795535265441,35.21272299877401,27.481098956908646,0.16650464379486166,0.5388253415494523,0.56427085995255,True,cluster0000,26.059916548347463,16.620575539975885,100.0,12
72,2019-04-25T15:38:41.000000000,2019-04-25T15:38:41_cand013,34.54395535265441,35.11072299877401,24.48528881035314,0.14835339365339464,0.5077894871277989,,False,cluster0000,26.059916548347463,16.620575539975885,100.0,13
72,2019-04-25T15:38:41.000000000,2019-04-25T15:38:41_cand011,34.79595535265442,35.39572299877402,28.438176750777586,0.17230346200813612,0.49269759001770097,,False,cluster0000,26.059916548347463,16.620575539975885,100.0,14
72,2019-04-25T15:38:41.000000000,2019-04-25T15:38:41_cand014,34.61895535265441,35.13472299877401,24.229165941221098,0.14680157626940216,0.49175882502408624,,False,cluster0000,26.059916548347463,16.620575539975885,100.0,15
72,2019-04-25T15:38:41.000000000,2019-04-25T15:38:41_cand015,34.56795535265441,35.12872299877401,21.835890213579347,0.13230100905559725,0.4847463431541167,,False,cluster0000,26.059916548347463,16.620575539975885,100.0,16
72,2019-04-25T15:38:41.000000000,2019-04-25T15:38:41_cand016,34.63395535265441,35.14372299877401,20.079072246881456,0.12165666218227442,0.4620958947131175,,False,cluster0000,26.059916548347463,16.620575539975885,100.0,17
72,2019-04-25T15:38:41.000000000,2019-04-25T15:38:41_cand017,34.516955352654406,35.08072299877401,19.618247348002186,0.11886458004028982,0.45873195250156457,,False,cluster0000,26.059916548347463,16.620575539975885,100.0,18
72,2019-04-25T15:38:41.000000000,2019-04-25T15:38:41_cand019,34.55595535265441,35.10172299877401,16.351215309263715,0.0990700293664058,0.43614674014679455,,False,cluster0000,26.059916548347463,16.620575539975885,100.0,19
72,2019-04-25T15:38:41.000000000,2019-04-25T15:38:41_cand018,34.52595535265441,35.10172299877401,19.163567080569525,0.11610972747459956,0.42981533304304603,,False,cluster0000,26.059916548347463,16.620575539975885,100.0,20
72,2019-04-25T15:38:41.000000000,2019-04-25T15:38:41_cand058,34.69995535265441,35.32672299877402,2.946254663887026,0.017850999485452993,0.4226563841811616,0.8470475986027974,True,cluster0000,26.059916548347463,16.620575539975885,100.0,21
72,2019-04-25T15:38:41.000000000,2019-04-25T15:38:41_cand020,34.59495535265441,35.13172299877401,15.549610188624833,0.09421320121388535,0.4223276719358563,,False,cluster0000,26.059916548347463,16.620575539975885,100.0,22
72,2019-04-25T15:38:41.000000000,2019-04-25T15:38:41_cand021,34.87995535265442,35.527722998774024,15.509694790177122,0.09397135865835701,0.4207727186802202,,False,cluster0000,26.059916548347463,16.620575539975885,100.0,23
72,2019-04-25T15:38:41.000000000,2019-04-25T15:38:41_cand022,34.63995535265441,35.16172299877401,14.530750846068639,0.08804005609420162,0.41583226896957215,,False,cluster0000,26.059916548347463,16.620575539975885,100.0,24
72,2019-04-25T15:38:41.000000000,2019-04-25T15:38:41_cand064,34.68795535265441,35.284722998774015,2.8582321499613594,0.017317681754961112,0.41454897617045705,0.8125649321711055,True,cluster0000,26.059916548347463,16.620575539975885,100.0,25
72,2019-04-25T15:38:41.000000000,2019-04-25T15:38:41_cand023,34.80195535265442,35.542722998774025,13.776417521473011,0.08346964201755448,0.4109283438404339,,False,cluster0000,26.059916548347463,16.620575539975885,100.0,26
72,2019-04-25T15:38:41.000000000,2019-04-25T15:38:41_cand024,34.59795535265441,35.10172299877401,13.733125218416143,0.08320733920678093,0.40949905956855076,,False,cluster0000,26.059916548347463,16.620575539975885,100.0,27
72,2019-04-25T15:38:41.000000000,2019-04-25T15:38:41_cand057,34.68795535265441,35.317722998774016,2.946254663887026,0.017850999485452993,0.40614826049760666,0.7799724419618607,True,cluster0000,26.059916548347463,16.620575539975885,100.0,28
72,2019-04-25T15:38:41.000000000,2019-04-25T15:38:41_cand040,34.67595535265441,35.251722998774014,5.781761013868133,0.035030988376071284,0.3964544983027764,0.6176340684560493,True,cluster0000,26.059916548347463,16.620575539975885,100.0,29
72,2019-04-25T15:38:41.000000000,2019-04-25T15:38:41_cand038,34.66095535265441,35.18572299877401,5.9206577970831,0.0358725471306802,0.3884319531903811,0.5831066092373434,True,cluster0000,26.059916548347463,16.620575539975885,100.0,30
72,2019-04-25T15:38:41.000000000,2019-04-25T15:38:41_cand025,34.63995535265441,35.19772299877401,11.809167975796838,0.07155031574271974,0.3869192158520622,,False,cluster0000,26.059916548347463,16.620575539975885,100.0,31
72,2019-04-25T15:38:41.000000000,2019-04-25T15:38:41_cand027,34.53495535265441,35.06572299877401,11.150775177059993,0.06756119367002981,0.38510748670138667,,False,cluster0000,26.059916548347463,16.620575539975885,100.0,32
72,2019-04-25T15:38:41.000000000,2019-04-25T15:38:41_cand063,34.67595535265441,35.275722998774015,2.8582321499613594,0.017317681754961112,0.38478085979359167,0.6713305665294718,True,cluster0000,26.059916548347463,16.620575539975885,100.0,33
72,2019-04-25T15:38:41.000000000,2019-04-25T15:38:41_cand053,34.738955352654415,35.36572299877402,3.1620362536436764,0.019158393953056255,0.3822285477228015,0.653584917011157,True,cluster0000,26.059916548347463,16.620575539975885,100.0,34
72,2019-04-25T15:38:41.000000000,2019-04-25T15:38:41_cand029,34.450955352654404,35.07472299877401,8.88481951842967,0.05383204330428932,0.38074241696398625,0.4491116407503468,True,cluster0000,26.059916548347463,16.620575539975885,100.0,35
72,2019-04-25T15:38:41.000000000,2019-04-25T15:38:41_cand026,34.474955352654405,35.07772299877401,11.606020843436058,0.07031947191930794,0.3799971673875271,0.3531388025193004,True,cluster0000,26.059916548347463,16.620575539975885,100.0,36
72,2019-04-25T15:38:41.000000000,2019-04-25T15:38:41_cand052,34.777955352654416,35.33872299877402,3.186899378248561,0.019309036607938975,0.3703296689842094,0.5984140000547011,True,cluster0000,26.059916548347463,16.620575539975885,100.0,37
72,2019-04-25T15:38:41.000000000,2019-04-25T15:38:41_cand030,34.65795535265441,35.24272299877401,8.804195584143883,0.053343552670030304,0.36766320901805855,,False,cluster0000,26.059916548347463,16.620575539975885,100.0,38
72,2019-04-25T15:38:41.000000000,2019-04-25T15:38:41_cand028,34.504955352654406,35.11372299877401,10.97242447698613,0.06648058842083919,0.366155308534544,,False,cluster0000,26.059916548347463,16.620575539975885,100.0,39
72,2019-04-25T15:38:41.000000000,2019-04-25T15:38:41_cand031,34.498955352654406,35.07172299877401,8.60267566841235,0.05212256795471512,0.3632177791220937,,False,cluster0000,26.059916548347463,16.620575539975885,100.0,40
72,2019-04-25T15:38:41.000000000,2019-04-25T15:38:41_cand041,34.480955352654405,35.11972299877401,5.632143874459551,0.03412447628418243,0.3569079004515297,0.4211448371076377,True,cluster0000,26.059916548347463,16.620575539975885,100.0,41
72,2019-04-25T15:38:41.000000000,2019-04-25T15:38:41_cand051,34.762955352654416,35.33872299877402,3.186899378248561,0.019309036607938975,0.35554353383265525,0.6242042786746177,True,cluster0000,26.059916548347463,16.620575539975885,100.0,42
72,2019-04-25T15:38:41.000000000,2019-04-25T15:38:41_cand067,34.462955352654404,35.13172299877401,2.805175717877688,0.016996219271274773,0.3473510220644441,0.4827504323300527,True,cluster0000,26.059916548347463,16.620575539975885,100.0,43
72,2019-04-25T15:38:41.000000000,2019-04-25T15:38:41_cand033,34.765955352654416,35.37472299877402,6.4208399241418315,0.038903089942270826,0.3436460992921645,,False,cluster0000,26.059916548347463,16.620575539975885,100.0,44
72,2019-04-25T15:38:41.000000000,2019-04-25T15:38:41_cand035,34.79595535265442,35.36272299877402,6.372636973247398,0.03861103411214832,0.3416999996856424,,False,cluster0000,26.059916548347463,16.620575539975885,100.0,45
72,2019-04-25T15:38:41.000000000,2019-04-25T15:38:41_cand043,34.56195535265441,35.08072299877401,5.565023087318014,0.033717799579886264,0.34010080299786094,,False,cluster0000,26.059916548347463,16.620575539975885,100.0,46
72,2019-04-25T15:38:41.000000000,2019-04-25T15:38:41_cand070,34.486955352654405,35.13472299877401,2.781216290627759,0.01685105200900357,0.33987978360187143,0.4407504511596148,True,cluster0000,26.059916548347463,16.620575539975885,100.0,47
72,2019-04-25T15:38:41.000000000,2019-04-25T15:38:41_cand037,34.81095535265442,35.49472299877402,6.09188072587594,0.036909966078622146,0.3390539120319262,,False,cluster0000,26.059916548347463,16.620575539975885,100.0,48
72,2019-04-25T15:38:41.000000000,2019-04-25T15:38:41_cand036,34.765955352654416,35.41372299877402,6.1578727474505035,0.037309803729321814,0.3384966430779035,,False,cluster0000,26.059916548347463,16.620575539975885,100.0,49
72,2019-04-25T15:38:41.000000000,2019-04-25T15:38:41_cand056,34.444955352654404,35.056722998774006,2.9757372452894955,0.01802963086850899,0.33805601693477094,0.4382074958452,True,cluster0000,26.059916548347463,16.620575539975885,100.0,50
72,2019-04-25T15:38:41.000000000,2019-04-25T15:38:41_cand042,34.54995535265441,35.07172299877401,5.565023087318014,0.033717799579886264,0.33602490724483136,,False,cluster0000,26.059916548347463,16.620575539975885,100.0,51
72,2019-04-25T15:38:41.000000000,2019-04-25T15:38:41_cand065,34.468955352654405,35.10472299877401,2.8509275838317922,0.017273424275178854,0.32868748503031125,0.3924994336786293,True,cluster0000,26.059916548347463,16.620575539975885,100.0,52
72,2019-04-25T15:38:41.000000000,2019-04-25T15:38:41_cand039,34.61595535265441,35.17972299877401,5.786123547190526,0.0350574204360856,0.31988077798555853,,False,cluster0000,26.059916548347463,16.620575539975885,100.0,53
72,2019-04-25T15:38:41.000000000,2019-04-25T15:38:41_cand046,34.984955352654424,35.542722998774025,3.3490700302191776,0.020291608909093612,0.31739994530592186,,False,cluster0000,26.059916548347463,16.620575539975885,100.0,54
72,2019-04-25T15:38:41.000000000,2019-04-25T15:38:41_cand054,34.750955352654415,35.37472299877402,3.1620362536436764,0.019158393953056255,0.31597508104116784,,False,cluster0000,26.059916548347463,16.620575539975885,100.0,55
72,2019-04-25T15:38:41.000000000,2019-04-25T15:38:41_cand048,34.978955352654424,35.578722998774026,3.264349973541931,0.019778300366322284,0.3151486404511646,,False,cluster0000,26.059916548347463,16.620575539975885,100.0,56
72,2019-04-25T15:38:41.000000000,2019-04-25T15:38:41_cand044,34.993955352654424,35.49172299877402,3.3656125354498254,0.020391837940880977,0.31485508075253743,,False,cluster0000,26.059916548347463,16.620575539975885,100.0,57
72,2019-04-25T15:38:41.000000000,2019-04-25T15:38:41_cand045,34.999955352654425,35.50672299877402,3.3656125354498254,0.020391837940880977,0.3148071889266882,,False,cluster0000,26.059916548347463,16.620575539975885,100.0,58
72,2019-04-25T15:38:41.000000000,2019-04-25T15:38:41_cand055,34.753955352654415,35.40172299877402,3.086027381696387,0.01869786542147615,0.31460972481386756,,False,cluster0000,26.059916548347463,16.620575539975885,100.0,59
72,2019-04-25T15:38:41.000000000,2019-04-25T15:38:41_cand061,34.61595535265441,35.20672299877401,2.876167227645353,0.017426348214256975,0.31452246649802396,,False,cluster0000,26.059916548347463,16.620575539975885,100.0,60
72,2019-04-25T15:38:41.000000000,2019-04-25T15:38:41_cand062,34.62795535265441,35.21572299877401,2.876167227645353,0.017426348214256975,0.3144618170833359,,False,cluster0000,26.059916548347463,16.620575539975885,100.0,61
72,2019-04-25T15:38:41.000000000,2019-04-25T15:38:41_cand047,34.978955352654424,35.560722998774025,3.264349973541931,0.019778300366322284,0.3143335810505333,,False,cluster0000,26.059916548347463,16.620575539975885,100.0,62
72,2019-04-25T15:38:41.000000000,2019-04-25T15:38:41_cand060,34.60395535265441,35.18872299877401,2.906899729499516,0.01761255271365404,0.31422806280557225,,False,cluster0000,26.059916548347463,16.620575539975885,100.0,63
72,2019-04-25T15:38:41.000000000,2019-04-25T15:38:41_cand049,34.85895535265442,35.40772299877402,3.2387099551437153,0.019622950606220522,0.31347757541831556,,False,cluster0000,26.059916548347463,16.620575539975885,100.0,64
72,2019-04-25T15:38:41.000000000,2019-04-25T15:38:41_cand071,34.57695535265441,35.08072299877401,2.7367207328685255,0.016581458824001326,0.31341748036893896,,False,cluster0000,26.059916548347463,16.620575539975885,100.0,65
72,2019-04-25T15:38:41.000000000,2019-04-25T15:38:41_cand068,34.57995535265441,35.16472299877401,2.789614969249356,0.01690193858360633,0.3126241010535513,,False,cluster0000,26.059916548347463,16.620575539975885,100.0,66
72,2019-04-25T15:38:41.000000000,2019-04-25T15:38:41_cand072,34.780955352654416,35.542722998774025,2.736167166360144,0.016578104831701405,0.3124036144258075,,False,cluster0000,26.059916548347463,16.620575539975885,100.0,67
72,2019-04-25T15:38:41.000000000,2019-04-25T15:38:41_cand069,34.59495535265441,35.16772299877401,2.789614969249356,0.01690193858360633,0.3122980945843485,,False,cluster0000,26.059916548347463,16.620575539975885,100.0,68
72,2019-04-25T15:38:41.000000000,2019-04-25T15:38:41_cand032,34.59795535265441,35.14972299877401,8.288825774628592,0.05022098953343504,0.31185284854204004,,False,cluster0000,26.059916548347463,16.620575539975885,100.0,69
72,2019-04-25T15:38:41.000000000,2019-04-25T15:38:41_cand059,34.456955352654404,35.09272299877401,2.9333562193360976,0.01777284937512343,0.2952123222686874,0.4083589880239411,True,cluster0000,26.059916548347463,16.620575539975885,100.0,70
72,2019-04-25T15:38:41.000000000,2019-04-25T15:38:41_cand066,34.450955352654404,35.12272299877401,2.805175717877688,0.016996219271274773,0.2827455751505878,0.4390514458455726,True,cluster0000,26.059916548347463,16.620575539975885,100.0,71
72,2019-04-25T15:38:41.000000000,2019-04-25T15:38:41_cand034,34.771955352654416,35.35972299877402,6.416011009742406,0.03887383213590533,0.24915227314962712,,False,cluster0000,26.059916548347463,16.620575539975885,100.0,72
72,2019-04-25T15:38:41.000000000,2019-04-25T15:38:41_cand050,34.83495535265442,35.39272299877402,3.2179618399899867,0.01949724029425289,0.22307766276702806,,False,cluster0000,26.059916548347463,16.620575539975885,100.0,73
