particle_id,forcing_member_id,timestamp,backtrack_hours,lat,lon,valid
113,0,2019-04-28 15:38:41,0,34.626909,34.884256,True
113,0,2019-04-28 14:38:41,1,34.62299540260681,34.89063024526801,True
113,0,2019-04-28 13:38:41,2,34.61977529407185,34.89392520417649,True
113,0,2019-04-28 12:38:41,3,34.61723842051627,34.903242087568,True
113,0,2019-04-28 11:38:41,4,34.616929404687035,34.91413089692393,True
113,0,2019-04-28 10:38:41,5,34.620050097793246,34.91947098382429,True
113,0,2019-04-28 09:38:41,6,34.622702730519826,34.9269712556594,True
113,0,2019-04-28 08:38:41,7,34.62692133426565,34.93179705307907,True
113,0,2019-04-28 07:38:41,8,34.63082664886801,34.9399228373357,True
113,0,2019-04-28 06:38:41,9,34.63459875880532,34.94647316982187,True
113,0,2019-04-28 05:38:41,10,34.63690738937079,34.95309195485436,True
113,0,2019-04-28 04:38:41,11,34.642045733200334,34.95633860368592,True
113,0,2019-04-28 03:38:41,12,34.64739075338992,34.961651447059445,True
113,0,2019-04-28 02:38:41,13,34.652000335843184,34.964500676708155,True
113,0,2019-04-28 01:38:41,14,34.655425605658294,34.965531599606585,True
113,0,2019-04-28 00:38:41,15,34.658866202486315,34.97069981302291,True
113,0,2019-04-27 23:38:41,16,34.66049953441265,34.97461880571788,True
113,0,2019-04-27 22:38:41,17,34.66358212229707,34.976782226849096,True
113,0,2019-04-27 21:38:41,18,34.66324882430694,34.98380902271583,True
113,0,2019-04-27 20:38:41,19,34.661625270235355,34.98699695965269,True
113,0,2019-04-27 19:38:41,20,34.660737192372906,34.988293764436484,True
113,0,2019-04-27 18:38:41,21,34.66282244870985,34.99389179057934,True
113,0,2019-04-27 17:38:41,22,34.661428279246785,35.00017636807085,True
113,0,2019-04-27 16:38:41,23,34.66096205090463,35.00756030238379,True
113,0,2019-04-27 15:38:41,24,34.660661728608694,35.01840003802992,True
113,0,2019-04-27 14:38:41,25,34.6575056769263,35.03056555001381,True
113,0,2019-04-27 13:38:41,26,34.65849149470267,35.04579794990578,True
113,0,2019-04-27 12:38:41,27,34.65826625270742,35.05900207884331,True
113,0,2019-04-27 11:38:41,28,34.65938488612445,35.0750502245874,True
113,0,2019-04-27 10:38:41,29,34.661821887251364,35.09104142198479,True
113,0,2019-04-27 09:38:41,30,34.666820674593005,35.106252735097975,True
113,0,2019-04-27 08:38:41,31,34.67079623266387,35.11932764284204,True
113,0,2019-04-27 07:38:41,32,34.67739637893425,35.13238611649093,True
113,0,2019-04-27 06:38:41,33,34.682650485837996,35.144332958653884,True
113,0,2019-04-27 05:38:41,34,34.685980882408934,35.154493936227574,True
113,0,2019-04-27 04:38:41,35,34.689024883792904,35.163220895169985,True
113,0,2019-04-27 03:38:41,36,34.69464276432881,35.170373494836646,True
113,0,2019-04-27 02:38:41,37,34.6985242073419,35.17891428662023,True
113,0,2019-04-27 01:38:41,38,34.70011493497388,35.188960968001155,True
113,0,2019-04-27 00:38:41,39,34.69993830071183,35.198556637177305,True
113,0,2019-04-26 23:38:41,40,34.70026050806385,35.211087729508066,True
113,0,2019-04-26 22:38:41,41,34.69974391206595,35.22410088393085,True
113,0,2019-04-26 21:38:41,42,34.70070624799306,35.240815684068565,True
113,0,2019-04-26 20:38:41,43,34.702315378921426,35.25727810617396,True
113,0,2019-04-26 19:38:41,44,34.704253391770905,35.27616645394407,True
113,0,2019-04-26 18:38:41,45,34.707331820326665,35.29686285632415,True
113,0,2019-04-26 17:38:41,46,34.71333854825291,35.31496137234062,True
113,0,2019-04-26 16:38:41,47,34.716534469164124,35.33135186844528,True
113,0,2019-04-26 15:38:41,48,34.72459249499185,35.34943690873247,True
113,0,2019-04-26 14:38:41,49,34.734856132381225,35.3697583048656,True
113,0,2019-04-26 13:38:41,50,34.74491163865719,35.38450504618027,True
113,0,2019-04-26 12:38:41,51,34.75505658075838,35.39786379249933,True
113,0,2019-04-26 11:38:41,52,34.76607687032726,35.4113364140732,True
113,0,2019-04-26 10:38:41,53,34.77845411652,35.41901897232672,True
113,0,2019-04-26 09:38:41,54,34.79011977481627,35.42799707760714,True
113,0,2019-04-26 08:38:41,55,34.79821134678174,35.4359828914072,True
113,0,2019-04-26 07:38:41,56,34.805745948669625,35.44338137459856,True
113,0,2019-04-26 06:38:41,57,34.813572559170325,35.4500825449953,True
113,0,2019-04-26 05:38:41,58,34.817663267295146,35.45777124041778,True
113,0,2019-04-26 04:38:41,59,34.823075300385,35.46472583519179,True
113,0,2019-04-26 03:38:41,60,34.82861892115676,35.468184808302105,True
113,0,2019-04-26 02:38:41,61,34.83488604977382,35.477949499705375,True
113,0,2019-04-26 01:38:41,62,34.84122174583515,35.48807929023402,True
113,0,2019-04-26 00:38:41,63,34.84816872769798,35.4979506764076,True
113,0,2019-04-25 23:38:41,64,34.854832251266814,35.50778588016426,True
113,0,2019-04-25 22:38:41,65,34.86183122736968,35.51578405872909,True
113,0,2019-04-25 21:38:41,66,34.86812893764611,35.52600909464083,True
113,0,2019-04-25 20:38:41,67,34.87557168622291,35.53507516994634,True
113,0,2019-04-25 19:38:41,68,34.88282598841636,35.54310381250135,True
113,0,2019-04-25 18:38:41,69,34.890243484307625,35.554533416146064,True
113,0,2019-04-25 17:38:41,70,34.89911357420397,35.56335341092343,True
113,0,2019-04-25 16:38:41,71,34.91028069884325,35.56953352606838,True
113,0,2019-04-25 15:38:41,72,34.919757554161556,35.57626469903,True
113,1,2019-04-28 15:38:41,0,34.626909,34.884256,True
113,1,2019-04-28 14:38:41,1,34.62398966754255,34.88698918413672,True
113,1,2019-04-28 13:38:41,2,34.62289444919693,34.89129088931865,True
113,1,2019-04-28 12:38:41,3,34.62002274545387,34.89536661241118,True
113,1,2019-04-28 11:38:41,4,34.61924616201429,34.90431678823473,True
113,1,2019-04-28 10:38:41,5,34.61893052077775,34.91369619514742,True
113,1,2019-04-28 09:38:41,6,34.619199730506274,34.91963465478401,True
113,1,2019-04-28 08:38:41,7,34.620095405127216,34.92772191888298,True
113,1,2019-04-28 07:38:41,8,34.621010715303974,34.93537735878772,True
113,1,2019-04-28 06:38:41,9,34.62474530911308,34.939247830573414,True
113,1,2019-04-28 05:38:41,10,34.6298104113791,34.94770577486087,True
113,1,2019-04-28 04:38:41,11,34.636122746757145,34.95292611482492,True
113,1,2019-04-28 03:38:41,12,34.64140253896795,34.957684865162676,True
113,1,2019-04-28 02:38:41,13,34.6459432076075,34.96007021135954,True
113,1,2019-04-28 01:38:41,14,34.65005694841718,34.9622258813837,True
113,1,2019-04-28 00:38:41,15,34.65193323937141,34.96701818504975,True
113,1,2019-04-27 23:38:41,16,34.65572875284503,34.96936674302648,True
113,1,2019-04-27 22:38:41,17,34.65559690591525,34.97178309431786,True
113,1,2019-04-27 21:38:41,18,34.65798596009939,34.97769115298033,True
113,1,2019-04-27 20:38:41,19,34.65837104102225,34.98009050638939,True
113,1,2019-04-27 19:38:41,20,34.658213342188,34.98727920170664,True
113,1,2019-04-27 18:38:41,21,34.656238944689555,34.99104150462421,True
113,1,2019-04-27 17:38:41,22,34.65510877412682,34.995593528923116,True
113,1,2019-04-27 16:38:41,23,34.656124187591146,35.0009900177575,True
113,1,2019-04-27 15:38:41,24,34.65319837560397,35.012628093721304,True
113,1,2019-04-27 14:38:41,25,34.6516415032027,35.02381747429288,True
113,1,2019-04-27 13:38:41,26,34.650890540893144,35.03949753034512,True
113,1,2019-04-27 12:38:41,27,34.650921438461474,35.051773798524714,True
113,1,2019-04-27 11:38:41,28,34.65536911022872,35.06523353200427,True
113,1,2019-04-27 10:38:41,29,34.65934871041539,35.07758231028592,True
113,1,2019-04-27 09:38:41,30,34.66337762948704,35.08993997264653,True
113,1,2019-04-27 08:38:41,31,34.664781223033586,35.10222325567966,True
113,1,2019-04-27 07:38:41,32,34.670448626182576,35.113814704113345,True
113,1,2019-04-27 06:38:41,33,34.67420046012838,35.12131953231127,True
113,1,2019-04-27 05:38:41,34,34.678590335229956,35.129188255874446,True
113,1,2019-04-27 04:38:41,35,34.682381840010116,35.13286031298661,True
113,1,2019-04-27 03:38:41,36,34.686490043558436,35.13675169278375,True
113,1,2019-04-27 02:38:41,37,34.68860562965527,35.14285781792455,True
113,1,2019-04-27 01:38:41,38,34.68875542335692,35.14963410688834,True
113,1,2019-04-27 00:38:41,39,34.68848292301794,35.1574293479767,True
113,1,2019-04-26 23:38:41,40,34.68515191235781,35.16700157597979,True
113,1,2019-04-26 22:38:41,41,34.685245132229745,35.17615602023509,True
113,1,2019-04-26 21:38:41,42,34.68291296103294,35.189293100251575,True
113,1,2019-04-26 20:38:41,43,34.683857080764575,35.203908840509804,True
113,1,2019-04-26 19:38:41,44,34.68343084893423,35.21983732474064,True
113,1,2019-04-26 18:38:41,45,34.689665217367384,35.23718530319188,True
113,1,2019-04-26 17:38:41,46,34.695239062778455,35.25278832338983,True
113,1,2019-04-26 16:38:41,47,34.699668010513356,35.26992117908539,True
113,1,2019-04-26 15:38:41,48,34.70571998924768,35.287417173850905,True
113,1,2019-04-26 14:38:41,49,34.71346076114044,35.30223105109888,True
113,1,2019-04-26 13:38:41,50,34.721432041639176,35.314692341495295,True
113,1,2019-04-26 12:38:41,51,34.730134699880864,35.327692324829606,True
113,1,2019-04-26 11:38:41,52,34.73751340022322,35.341555779789104,True
113,1,2019-04-26 10:38:41,53,34.74713009139103,35.35398699293694,True
113,1,2019-04-26 09:38:41,54,34.75534251055749,35.36735933354261,True
113,1,2019-04-26 08:38:41,55,34.764129244302,35.37796865582576,True
113,1,2019-04-26 07:38:41,56,34.77116289161696,35.38434520707763,True
113,1,2019-04-26 06:38:41,57,34.774077499862784,35.395642239869986,True
113,1,2019-04-26 05:38:41,58,34.77895544210007,35.403104941697656,True
113,1,2019-04-26 04:38:41,59,34.785508764486174,35.413420822502324,True
113,1,2019-04-26 03:38:41,60,34.789773025978896,35.42256421578046,True
113,1,2019-04-26 02:38:41,61,34.793334578257465,35.43264374078666,True
113,1,2019-04-26 01:38:41,62,34.79799989146088,35.4450223815327,True
113,1,2019-04-26 00:38:41,63,34.803678979838615,35.45785045414894,True
113,1,2019-04-25 23:38:41,64,34.80934643129803,35.468112737868715,True
113,1,2019-04-25 22:38:41,65,34.81532520702456,35.4804444989523,True
113,1,2019-04-25 21:38:41,66,34.82308856017028,35.49224921571012,True
113,1,2019-04-25 20:38:41,67,34.833786005287934,35.504144153947756,True
113,1,2019-04-25 19:38:41,68,34.84364832761081,35.51581802300182,True
113,1,2019-04-25 18:38:41,69,34.85648636868515,35.52775112046844,True
113,1,2019-04-25 17:38:41,70,34.865234551513964,35.53802266019784,True
113,1,2019-04-25 16:38:41,71,34.87535245602197,35.549439876429446,True
113,1,2019-04-25 15:38:41,72,34.88839915356601,35.556897467676336,True
113,2,2019-04-28 15:38:41,0,34.626909,34.884256,True
113,2,2019-04-28 14:38:41,1,34.62311059782626,34.890349070385795,True
113,2,2019-04-28 13:38:41,2,34.62158668248512,34.89593850646781,True
113,2,2019-04-28 12:38:41,3,34.62247355851077,34.90367551461641,True
113,2,2019-04-28 11:38:41,4,34.62192879850216,34.91216514435225,True
113,2,2019-04-28 10:38:41,5,34.62341054310534,34.919566723323165,True
113,2,2019-04-28 09:38:41,6,34.62619967561257,34.927414419076,True
113,2,2019-04-28 08:38:41,7,34.630551124083105,34.9332994476659,True
113,2,2019-04-28 07:38:41,8,34.633903370220516,34.9399806985711,True
113,2,2019-04-28 06:38:41,9,34.63740618257709,34.9491927277349,True
113,2,2019-04-28 05:38:41,10,34.642223773344234,34.95602609908736,True
113,2,2019-04-28 04:38:41,11,34.6437044270573,34.96158054163786,True
113,2,2019-04-28 03:38:41,12,34.648714410316146,34.964896758161274,True
113,2,2019-04-28 02:38:41,13,34.65209708502743,34.96913662102814,True
113,2,2019-04-28 01:38:41,14,34.653974104332924,34.972633923963976,True
113,2,2019-04-28 00:38:41,15,34.658584623128704,34.97577107431526,True
113,2,2019-04-27 23:38:41,16,34.660445758196396,34.98243696464948,True
113,2,2019-04-27 22:38:41,17,34.66060784778985,34.987189094184764,True
113,2,2019-04-27 21:38:41,18,34.66006961492405,34.99232183523716,True
113,2,2019-04-27 20:38:41,19,34.66003090376039,34.99594373171862,True
113,2,2019-04-27 19:38:41,20,34.65715731998056,35.00336318792901,True
113,2,2019-04-27 18:38:41,21,34.655888610378675,35.01063939537127,True
113,2,2019-04-27 17:38:41,22,34.654593207255864,35.01862940513889,True
113,2,2019-04-27 16:38:41,23,34.65570886970116,35.02805758192075,True
113,2,2019-04-27 15:38:41,24,34.65281811693677,35.039181762540174,True
113,2,2019-04-27 14:38:41,25,34.65096241082348,35.05293270565059,True
113,2,2019-04-27 13:38:41,26,34.6507227075819,35.066650622878555,True
113,2,2019-04-27 12:38:41,27,34.65025681403754,35.079629122999066,True
113,2,2019-04-27 11:38:41,28,34.653349044935354,35.09528731672404,True
113,2,2019-04-27 10:38:41,29,34.65639046663543,35.114690568825864,True
113,2,2019-04-27 09:38:41,30,34.66061014383696,35.12927118616582,True
113,2,2019-04-27 08:38:41,31,34.66456135720037,35.144408178055784,True
113,2,2019-04-27 07:38:41,32,34.67055250959175,35.15585013257933,True
113,2,2019-04-27 06:38:41,33,34.676736030905694,35.1656378504497,True
113,2,2019-04-27 05:38:41,34,34.68229574759698,35.173108864196344,True
113,2,2019-04-27 04:38:41,35,34.68615650868312,35.18227739258324,True
113,2,2019-04-27 03:38:41,36,34.68871520426673,35.192593071326044,True
113,2,2019-04-27 02:38:41,37,34.68852938925259,35.20260350556015,True
113,2,2019-04-27 01:38:41,38,34.688515305610906,35.212622644557236,True
113,2,2019-04-27 00:38:41,39,34.68816704290856,35.22043067601495,True
113,2,2019-04-26 23:38:41,40,34.68723009755737,35.23067945879354,True
113,2,2019-04-26 22:38:41,41,34.68788910965882,35.2436796370006,True
113,2,2019-04-26 21:38:41,42,34.6862120561081,35.25996703104796,True
113,2,2019-04-26 20:38:41,43,34.688990866030906,35.27253523454722,True
113,2,2019-04-26 19:38:41,44,34.68908134884736,35.28877073503388,True
113,2,2019-04-26 18:38:41,45,34.693018114005284,35.306986183927954,True
113,2,2019-04-26 17:38:41,46,34.69406838217766,35.32556684174117,True
113,2,2019-04-26 16:38:41,47,34.70020962826212,35.34204961670467,True
113,2,2019-04-26 15:38:41,48,34.70680127187554,35.359010265297464,True
113,2,2019-04-26 14:38:41,49,34.71347995182909,35.37364003524083,True
113,2,2019-04-26 13:38:41,50,34.72135121204932,35.38474266687691,True
113,2,2019-04-26 12:38:41,51,34.72926153867713,35.39751295562518,True
113,2,2019-04-26 11:38:41,52,34.74005440258131,35.40643835650572,True
113,2,2019-04-26 10:38:41,53,34.74973287488178,35.41675981234009,True
113,2,2019-04-26 09:38:41,54,34.75781491049508,35.42554421294214,True
113,2,2019-04-26 08:38:41,55,34.76466712977441,35.434112198178426,True
113,2,2019-04-26 07:38:41,56,34.768473693257015,35.44078736114236,True
113,2,2019-04-26 06:38:41,57,34.77260947861323,35.451486012463164,True
113,2,2019-04-26 05:38:41,58,34.77750735058085,35.46057243984976,True
113,2,2019-04-26 04:38:41,59,34.78098224839179,35.47106815740448,True
113,2,2019-04-26 03:38:41,60,34.78617987152877,35.476893699253864,True
113,2,2019-04-26 02:38:41,61,34.79080456087615,35.484301473149664,True
113,2,2019-04-26 01:38:41,62,34.79737268921603,35.492528704524894,True
113,2,2019-04-26 00:38:41,63,34.80422926748268,35.49977280163047,True
113,2,2019-04-25 23:38:41,64,34.810481780047226,35.50898485778273,True
113,2,2019-04-25 22:38:41,65,34.8165755650557,35.51933618413266,True
113,2,2019-04-25 21:38:41,66,34.82635937029269,35.52635125117229,True
113,2,2019-04-25 20:38:41,67,34.833685610242505,35.531274455136554,True
113,2,2019-04-25 19:38:41,68,34.84408576276294,35.539729700331144,True
113,2,2019-04-25 18:38:41,69,34.852161860818654,35.54823352508884,True
113,2,2019-04-25 17:38:41,70,34.86011576781842,35.55670107697573,True
113,2,2019-04-25 16:38:41,71,34.86793110119985,35.56087880138264,True
113,2,2019-04-25 15:38:41,72,34.87868019415663,35.568602801232835,True
113,3,2019-04-28 15:38:41,0,34.626909,34.884256,True
113,3,2019-04-28 14:38:41,1,34.62762777901827,34.88784350802092,True
113,3,2019-04-28 13:38:41,2,34.62529746952563,34.89324588037683,True
113,3,2019-04-28 12:38:41,3,34.623079433797436,34.89747956393836,True
113,3,2019-04-28 11:38:41,4,34.62051541198484,34.90514885270788,True
113,3,2019-04-28 10:38:41,5,34.62145433295552,34.912469918387586,True
113,3,2019-04-28 09:38:41,6,34.62609447213716,34.92071110896092,True
113,3,2019-04-28 08:38:41,7,34.628083602044576,34.92740421489579,True
113,3,2019-04-28 07:38:41,8,34.63150499299375,34.93452381296536,True
113,3,2019-04-28 06:38:41,9,34.633473899750996,34.939060435047104,True
113,3,2019-04-28 05:38:41,10,34.636876017475906,34.944137947634715,True
113,3,2019-04-28 04:38:41,11,34.64087987763588,34.95300325863803,True
113,3,2019-04-28 03:38:41,12,34.64357223787169,34.954477166952046,True
113,3,2019-04-28 02:38:41,13,34.647767110682075,34.959227457529465,True
113,3,2019-04-28 01:38:41,14,34.65054102881296,34.96216984880509,True
113,3,2019-04-28 00:38:41,15,34.64989545010093,34.964644034794,True
113,3,2019-04-27 23:38:41,16,34.650370028253974,34.96736716799571,True
113,3,2019-04-27 22:38:41,17,34.6532796269418,34.96635181414122,True
113,3,2019-04-27 21:38:41,18,34.65227488986686,34.970191134913975,True
113,3,2019-04-27 20:38:41,19,34.651331839274334,34.97466104993843,True
113,3,2019-04-27 19:38:41,20,34.65028205009257,34.98238795615541,True
113,3,2019-04-27 18:38:41,21,34.65045963195218,34.98687133543807,True
113,3,2019-04-27 17:38:41,22,34.65066856110931,34.99413433775005,True
113,3,2019-04-27 16:38:41,23,34.64926669207539,35.00002408632727,True
113,3,2019-04-27 15:38:41,24,34.64693036555204,35.01049463780422,True
113,3,2019-04-27 14:38:41,25,34.64733274826778,35.0217322490541,True
113,3,2019-04-27 13:38:41,26,34.64839733407204,35.03544720333969,True
113,3,2019-04-27 12:38:41,27,34.6474901847781,35.04855893101762,True
113,3,2019-04-27 11:38:41,28,34.649881114028574,35.065537499891235,True
113,3,2019-04-27 10:38:41,29,34.653718579759705,35.081019237233505,True
113,3,2019-04-27 09:38:41,30,34.658379126983476,35.0957771687827,True
113,3,2019-04-27 08:38:41,31,34.66236069642997,35.1085126863472,True
113,3,2019-04-27 07:38:41,32,34.667490500343,35.11596527207032,True
113,3,2019-04-27 06:38:41,33,34.67366358941162,35.12422432354311,True
113,3,2019-04-27 05:38:41,34,34.67744173251314,35.13125109081909,True
113,3,2019-04-27 04:38:41,35,34.68199186417904,35.14052838721642,True
113,3,2019-04-27 03:38:41,36,34.68320164530322,35.1460491270746,True
113,3,2019-04-27 02:38:41,37,34.684016599273434,35.15157880272628,True
113,3,2019-04-27 01:38:41,38,34.687316867669445,35.1583828761097,True
113,3,2019-04-27 00:38:41,39,34.68831981963041,35.16976161167195,True
113,3,2019-04-26 23:38:41,40,34.68780581316275,35.18191040906968,True
113,3,2019-04-26 22:38:41,41,34.684486887728696,35.192814395298754,True
113,3,2019-04-26 21:38:41,42,34.684551820334136,35.20588869728527,True
113,3,2019-04-26 20:38:41,43,34.68484795406669,35.22026947702973,True
113,3,2019-04-26 19:38:41,44,34.686080182422465,35.23629320003716,True
113,3,2019-04-26 18:38:41,45,34.688302255414435,35.25158775214578,True
113,3,2019-04-26 17:38:41,46,34.69328909689926,35.267496514896514,True
113,3,2019-04-26 16:38:41,47,34.69768279673966,35.28349595724888,True
113,3,2019-04-26 15:38:41,48,34.7039321892024,35.29783186406799,True
113,3,2019-04-26 14:38:41,49,34.712674543696586,35.312295178717434,True
113,3,2019-04-26 13:38:41,50,34.72025952574655,35.325547994878924,True
113,3,2019-04-26 12:38:41,51,34.731399006648815,35.340149389078874,True
113,3,2019-04-26 11:38:41,52,34.7418838495824,35.351562400635814,True
113,3,2019-04-26 10:38:41,53,34.751931424359945,35.3619382970502,True
113,3,2019-04-26 09:38:41,54,34.76419587382372,35.370506803700955,True
113,3,2019-04-26 08:38:41,55,34.77473343658109,35.378548561161416,True
113,3,2019-04-26 07:38:41,56,34.78400455193064,35.385112573067346,True
113,3,2019-04-26 06:38:41,57,34.791574099264935,35.39136057761722,True
113,3,2019-04-26 05:38:41,58,34.79831520828209,35.397893871901836,True
113,3,2019-04-26 04:38:41,59,34.8036967165266,35.40573150244039,True
113,3,2019-04-26 03:38:41,60,34.808976019488576,35.415330638770676,True
113,3,2019-04-26 02:38:41,61,34.815307017852014,35.42332660542091,True
113,3,2019-04-26 01:38:41,62,34.81990770628966,35.42988491712753,True
113,3,2019-04-26 00:38:41,63,34.82708882942924,35.4399942406275,True
113,3,2019-04-25 23:38:41,64,34.83227753436173,35.452799638640364,True
113,3,2019-04-25 22:38:41,65,34.839781971693874,35.46064684669,True
113,3,2019-04-25 21:38:41,66,34.84568515060562,35.470051949521476,True
113,3,2019-04-25 20:38:41,67,34.854184814517275,35.47945732348651,True
113,3,2019-04-25 19:38:41,68,34.862575813338694,35.489561556868765,True
113,3,2019-04-25 18:38:41,69,34.87181163490056,35.50159667598214,True
113,3,2019-04-25 17:38:41,70,34.88570300711807,35.50646997950258,True
113,3,2019-04-25 16:38:41,71,34.897549840569155,35.51516958412478,True
113,3,2019-04-25 15:38:41,72,34.91254931602763,35.52328442456631,True
113,4,2019-04-28 15:38:41,0,34.626909,34.884256,True
113,4,2019-04-28 14:38:41,1,34.62474598110924,34.890148575739225,True
113,4,2019-04-28 13:38:41,2,34.62148414806597,34.896424091892946,True
113,4,2019-04-28 12:38:41,3,34.618836195293596,34.90415514418196,True
113,4,2019-04-28 11:38:41,4,34.619243775683415,34.9093079723364,True
113,4,2019-04-28 10:38:41,5,34.62103653816168,34.917290881727325,True
113,4,2019-04-28 09:38:41,6,34.62309634795217,34.92456650933235,True
113,4,2019-04-28 08:38:41,7,34.62446243809816,34.9328765540203,True
113,4,2019-04-28 07:38:41,8,34.625859249296376,34.939995239345876,True
113,4,2019-04-28 06:38:41,9,34.626350654729094,34.94796150946331,True
113,4,2019-04-28 05:38:41,10,34.63181182911217,34.95483226979836,True
113,4,2019-04-28 04:38:41,11,34.636006795366676,34.959275115264894,True
113,4,2019-04-28 03:38:41,12,34.64120662030802,34.96236749817987,True
113,4,2019-04-28 02:38:41,13,34.64424374798624,34.96539125315501,True
113,4,2019-04-28 01:38:41,14,34.64734194995186,34.96773615762379,True
113,4,2019-04-28 00:38:41,15,34.649798456329734,34.9728404685665,True
113,4,2019-04-27 23:38:41,16,34.65187910005776,34.9739098250825,True
113,4,2019-04-27 22:38:41,17,34.65316015004339,34.97402080666059,True
113,4,2019-04-27 21:38:41,18,34.65432046877327,34.977233049536935,True
113,4,2019-04-27 20:38:41,19,34.65510777031891,34.98024929113303,True
113,4,2019-04-27 19:38:41,20,34.65467104286522,34.98489844871277,True
113,4,2019-04-27 18:38:41,21,34.653012775206335,34.98792857965075,True
113,4,2019-04-27 17:38:41,22,34.65216751781353,34.992230415839835,True
113,4,2019-04-27 16:38:41,23,34.651259970514936,34.99903477599983,True
113,4,2019-04-27 15:38:41,24,34.65138352740054,35.00686399544186,True
113,4,2019-04-27 14:38:41,25,34.6500880567684,35.014870208439504,True
113,4,2019-04-27 13:38:41,26,34.64788106989448,35.02368063496674,True
113,4,2019-04-27 12:38:41,27,34.64966735297051,35.03309237943695,True
113,4,2019-04-27 11:38:41,28,34.651445332201824,35.04837589625861,True
113,4,2019-04-27 10:38:41,29,34.653542099154095,35.06233839093188,True
113,4,2019-04-27 09:38:41,30,34.65791972105518,35.074485028678836,True
113,4,2019-04-27 08:38:41,31,34.662570789248996,35.08638541559824,True
113,4,2019-04-27 07:38:41,32,34.66862379355012,35.09567400752051,True
113,4,2019-04-27 06:38:41,33,34.67290684520797,35.10172469453249,True
113,4,2019-04-27 05:38:41,34,34.676029851454025,35.10546896942874,True
113,4,2019-04-27 04:38:41,35,34.68106194567335,35.10740054299782,True
113,4,2019-04-27 03:38:41,36,34.68363464830683,35.1131635530873,True
113,4,2019-04-27 02:38:41,37,34.68464787229287,35.1169177047881,True
113,4,2019-04-27 01:38:41,38,34.68520350988452,35.12363124416447,True
113,4,2019-04-27 00:38:41,39,34.68454944831973,35.13033938959594,True
113,4,2019-04-26 23:38:41,40,34.68377415358679,35.13769681046994,True
113,4,2019-04-26 22:38:41,41,34.68250794392964,35.1487824058954,True
113,4,2019-04-26 21:38:41,42,34.679799888935236,35.156488454818856,True
113,4,2019-04-26 20:38:41,43,34.682929007723224,35.171269083881896,True
113,4,2019-04-26 19:38:41,44,34.686585975233605,35.1828459492863,True
113,4,2019-04-26 18:38:41,45,34.6874605657369,35.19820828846018,True
113,4,2019-04-26 17:38:41,46,34.69272651809206,35.21343379303722,True
113,4,2019-04-26 16:38:41,47,34.69838315017246,35.22546400418214,True
113,4,2019-04-26 15:38:41,48,34.70435752533853,35.23822864604416,True
113,4,2019-04-26 14:38:41,49,34.71397546372498,35.24988909841729,True
113,4,2019-04-26 13:38:41,50,34.72241264819222,35.26140551469945,True
113,4,2019-04-26 12:38:41,51,34.7304263443857,35.27101461390272,True
113,4,2019-04-26 11:38:41,52,34.73778248208847,35.2826622726705,True
113,4,2019-04-26 10:38:41,53,34.747833754673714,35.28800434939443,True
113,4,2019-04-26 09:38:41,54,34.756088369920576,35.29328901295086,True
113,4,2019-04-26 08:38:41,55,34.76378901054002,35.302048796039585,True
113,4,2019-04-26 07:38:41,56,34.76867115674296,35.30663390799463,True
113,4,2019-04-26 06:38:41,57,34.77350089482673,35.31292117431686,True
113,4,2019-04-26 05:38:41,58,34.77802686504017,35.319074672685964,True
113,4,2019-04-26 04:38:41,59,34.783301405162916,35.327227613355156,True
113,4,2019-04-26 03:38:41,60,34.78713125708392,35.33463635381059,True
113,4,2019-04-26 02:38:41,61,34.79121851881443,35.343945151653145,True
113,4,2019-04-26 01:38:41,62,34.79438740044766,35.353759590704534,True
113,4,2019-04-26 00:38:41,63,34.7988583532867,35.36407575416739,True
113,4,2019-04-25 23:38:41,64,34.804103184778256,35.37355357562566,True
113,4,2019-04-25 22:38:41,65,34.81213620509129,35.38488327541466,True
113,4,2019-04-25 21:38:41,66,34.8193298248496,35.39842749638255,True
113,4,2019-04-25 20:38:41,67,34.826255370491396,35.4117507078327,True
113,4,2019-04-25 19:38:41,68,34.83369028721491,35.42171372752391,True
113,4,2019-04-25 18:38:41,69,34.84440858869065,35.43243689560522,True
113,4,2019-04-25 17:38:41,70,34.85587223394972,35.44246908883014,True
113,4,2019-04-25 16:38:41,71,34.86778447941534,35.44934968826571,True
113,4,2019-04-25 15:38:41,72,34.88049878510038,35.45393550480116,True
113,5,2019-04-28 15:38:41,0,34.626909,34.884256,True
113,5,2019-04-28 14:38:41,1,34.622536295029086,34.888025358373085,True
113,5,2019-04-28 13:38:41,2,34.620830376073755,34.892639768288014,True
113,5,2019-04-28 12:38:41,3,34.6194499034444,34.89716171199623,True
113,5,2019-04-28 11:38:41,4,34.620524810238486,34.90344235378232,True
113,5,2019-04-28 10:38:41,5,34.61914563960227,34.9112884719963,True
113,5,2019-04-28 09:38:41,6,34.62039450966992,34.91886812111047,True
113,5,2019-04-28 08:38:41,7,34.62398639512763,34.924398132931614,True
113,5,2019-04-28 07:38:41,8,34.62500293211265,34.93061591861581,True
113,5,2019-04-28 06:38:41,9,34.62977016534334,34.93655345341815,True
113,5,2019-04-28 05:38:41,10,34.632737963303654,34.940434143732865,True
113,5,2019-04-28 04:38:41,11,34.63562387248263,34.94387917152644,True
113,5,2019-04-28 03:38:41,12,34.63957302614063,34.947138050052175,True
113,5,2019-04-28 02:38:41,13,34.64368866967637,34.950337148634055,True
113,5,2019-04-28 01:38:41,14,34.645629840780124,34.95244250977231,True
113,5,2019-04-28 00:38:41,15,34.64986796357768,34.95445837777297,True
113,5,2019-04-27 23:38:41,16,34.653302049692975,34.95698128205306,True
113,5,2019-04-27 22:38:41,17,34.654424374285156,34.96073963229089,True
113,5,2019-04-27 21:38:41,18,34.652206211816384,34.9634937806601,True
113,5,2019-04-27 20:38:41,19,34.65384926693419,34.96599880784812,True
113,5,2019-04-27 19:38:41,20,34.651443220591624,34.970806559713054,True
113,5,2019-04-27 18:38:41,21,34.652215167622046,34.976076823857774,True
113,5,2019-04-27 17:38:41,22,34.649470213952696,34.98171411324445,True
113,5,2019-04-27 16:38:41,23,34.64854793859102,34.98618793156319,True
113,5,2019-04-27 15:38:41,24,34.64694159088195,34.99136188043664,True
113,5,2019-04-27 14:38:41,25,34.64757497535806,35.00017666803249,True
113,5,2019-04-27 13:38:41,26,34.648288271413584,35.01236361782912,True
113,5,2019-04-27 12:38:41,27,34.64995384800647,35.024384033894925,True
113,5,2019-04-27 11:38:41,28,34.65205519337208,35.035000098668334,True
113,5,2019-04-27 10:38:41,29,34.6557892505473,35.047831302434844,True
113,5,2019-04-27 09:38:41,30,34.6591102066744,35.058570147137395,True
113,5,2019-04-27 08:38:41,31,34.664512245106906,35.07306389480117,True
113,5,2019-04-27 07:38:41,32,34.668675705599256,35.080032822405876,True
113,5,2019-04-27 06:38:41,33,34.673173054384634,35.0864802805912,True
113,5,2019-04-27 05:38:41,34,34.67690571385623,35.09306367643234,True
113,5,2019-04-27 04:38:41,35,34.68443703497449,35.10121985463208,True
113,5,2019-04-27 03:38:41,36,34.68617991212112,35.10696763475395,True
113,5,2019-04-27 02:38:41,37,34.68918790268187,35.11221401750973,True
113,5,2019-04-27 01:38:41,38,34.689906455840465,35.11761116962616,True
113,5,2019-04-27 00:38:41,39,34.68878642179009,35.12314423922457,True
113,5,2019-04-26 23:38:41,40,34.688848250504655,35.13194619285118,True
113,5,2019-04-26 22:38:41,41,34.68893892669278,35.1413510419597,True
113,5,2019-04-26 21:38:41,42,34.687926187605676,35.150471141130275,True
113,5,2019-04-26 20:38:41,43,34.68657920458517,35.1626541335106,True
113,5,2019-04-26 19:38:41,44,34.68759000016923,35.17662479877585,True
113,5,2019-04-26 18:38:41,45,34.68855404859031,35.189727362334885,True
113,5,2019-04-26 17:38:41,46,34.690248096425684,35.2032854054825,True
113,5,2019-04-26 16:38:41,47,34.69344876238089,35.22019226844903,True
113,5,2019-04-26 15:38:41,48,34.69878582545489,35.23361372194361,True
113,5,2019-04-26 14:38:41,49,34.70359019380397,35.24746454721012,True
113,5,2019-04-26 13:38:41,50,34.711787087973036,35.2577134912308,True
113,5,2019-04-26 12:38:41,51,34.71904535534865,35.26927390167143,True
113,5,2019-04-26 11:38:41,52,34.72919383371201,35.278011122034314,True
113,5,2019-04-26 10:38:41,53,34.73762680877919,35.28544385192418,True
113,5,2019-04-26 09:38:41,54,34.744775480767004,35.293999457437934,True
113,5,2019-04-26 08:38:41,55,34.752519304963144,35.300908043334175,True
113,5,2019-04-26 07:38:41,56,34.75711854657017,35.30956088391242,True
113,5,2019-04-26 06:38:41,57,34.761792990370964,35.31308471779512,True
113,5,2019-04-26 05:38:41,58,34.76485267183593,35.32036309297583,True
113,5,2019-04-26 04:38:41,59,34.76563035094312,35.326624509890294,True
113,5,2019-04-26 03:38:41,60,34.76807738937938,35.333612283982255,True
113,5,2019-04-26 02:38:41,61,34.76968156983969,35.345667418560915,True
113,5,2019-04-26 01:38:41,62,34.771790075422864,35.35546695411259,True
113,5,2019-04-26 00:38:41,63,34.77598868735572,35.36490688140679,True
113,5,2019-04-25 23:38:41,64,34.7814526436058,35.37573578224002,True
113,5,2019-04-25 22:38:41,65,34.782912799101084,35.384982296152145,True
113,5,2019-04-25 21:38:41,66,34.787753393077224,35.39841859051014,True
113,5,2019-04-25 20:38:41,67,34.7941565663663,35.41056094396534,True
113,5,2019-04-25 19:38:41,68,34.80153988035119,35.42192342626009,True
113,5,2019-04-25 18:38:41,69,34.81047268014231,35.43140771665063,True
113,5,2019-04-25 17:38:41,70,34.82034598846251,35.443471523952354,True
113,5,2019-04-25 16:38:41,71,34.830288660960804,35.45382230776249,True
113,5,2019-04-25 15:38:41,72,34.843487984204856,35.46264503109633,True
116,0,2019-04-28 15:38:41,0,34.626539,34.886807,True
116,0,2019-04-28 14:38:41,1,34.6235625556128,34.89359514700471,True
116,0,2019-04-28 13:38:41,2,34.62053719872837,34.897731405078034,True
116,0,2019-04-28 12:38:41,3,34.618642078439585,34.903984188591345,True
116,0,2019-04-28 11:38:41,4,34.619959561067766,34.9110825057929,True
116,0,2019-04-28 10:38:41,5,34.621296102877345,34.91851602387139,True
116,0,2019-04-28 09:38:41,6,34.62452505133203,34.92892907026356,True
116,0,2019-04-28 08:38:41,7,34.6281775453921,34.935550155968684,True
116,0,2019-04-28 07:38:41,8,34.62856934491693,34.94035731055782,True
116,0,2019-04-28 06:38:41,9,34.62935285836868,34.947085288242654,True
116,0,2019-04-28 05:38:41,10,34.63442718849361,34.95520892870145,True
116,0,2019-04-28 04:38:41,11,34.63808355215458,34.96215859212829,True
116,0,2019-04-28 03:38:41,12,34.6438399984779,34.96666161779998,True
116,0,2019-04-28 02:38:41,13,34.647113473080765,34.97134559332006,True
116,0,2019-04-28 01:38:41,14,34.651429081128164,34.97644179408133,True
116,0,2019-04-28 00:38:41,15,34.655315377679266,34.97988268936937,True
116,0,2019-04-27 23:38:41,16,34.657439770016765,34.98038966177822,True
116,0,2019-04-27 22:38:41,17,34.662336788262195,34.98427824479878,True
116,0,2019-04-27 21:38:41,18,34.662616226229574,34.98789377437079,True
116,0,2019-04-27 20:38:41,19,34.66154847524709,34.991023334878584,True
116,0,2019-04-27 19:38:41,20,34.66073370391482,34.99620816020205,True
116,0,2019-04-27 18:38:41,21,34.65994950280355,34.99860022401598,True
116,0,2019-04-27 17:38:41,22,34.659683388519554,35.00508824735765,True
116,0,2019-04-27 16:38:41,23,34.66087162744638,35.0160808620372,True
116,0,2019-04-27 15:38:41,24,34.65939546114134,35.02738892112212,True
116,0,2019-04-27 14:38:41,25,34.65898239770985,35.03942023400906,True
116,0,2019-04-27 13:38:41,26,34.65915712682215,35.05406790739346,True
116,0,2019-04-27 12:38:41,27,34.65966436433445,35.06738949351845,True
116,0,2019-04-27 11:38:41,28,34.6593531533655,35.079477035770196,True
116,0,2019-04-27 10:38:41,29,34.664577156852424,35.0944568630078,True
116,0,2019-04-27 09:38:41,30,34.66600922102992,35.10898524821144,True
116,0,2019-04-27 08:38:41,31,34.67398403932914,35.12203086455148,True
116,0,2019-04-27 07:38:41,32,34.678203713199736,35.134097244723236,True
116,0,2019-04-27 06:38:41,33,34.68193280673751,35.14492624701742,True
116,0,2019-04-27 05:38:41,34,34.68534968807879,35.153572635131624,True
116,0,2019-04-27 04:38:41,35,34.69108614728768,35.16196665361597,True
116,0,2019-04-27 03:38:41,36,34.694737105285704,35.17476762428445,True
116,0,2019-04-27 02:38:41,37,34.69914723472346,35.18419901975986,True
116,0,2019-04-27 01:38:41,38,34.6999524038332,35.19455870763319,True
116,0,2019-04-27 00:38:41,39,34.70002555557446,35.20558150284664,True
116,0,2019-04-26 23:38:41,40,34.697814931763006,35.220924959760545,True
116,0,2019-04-26 22:38:41,41,34.69910911574353,35.23394876570383,True
116,0,2019-04-26 21:38:41,42,34.69825085310918,35.25030639310362,True
116,0,2019-04-26 20:38:41,43,34.702390684100926,35.26759214414515,True
116,0,2019-04-26 19:38:41,44,34.704093647940155,35.28518786260491,True
116,0,2019-04-26 18:38:41,45,34.70830819873998,35.30591660527654,True
116,0,2019-04-26 17:38:41,46,34.71399643614477,35.323380963574365,True
116,0,2019-04-26 16:38:41,47,34.72224348943056,35.340175061232785,True
116,0,2019-04-26 15:38:41,48,34.72989021655773,35.35841975715696,True
116,0,2019-04-26 14:38:41,49,34.73911525096382,35.375887917594945,True
116,0,2019-04-26 13:38:41,50,34.75086446319136,35.38843609723021,True
116,0,2019-04-26 12:38:41,51,34.76191398729834,35.40004157243447,True
116,0,2019-04-26 11:38:41,52,34.77480618724108,35.41151144617675,True
116,0,2019-04-26 10:38:41,53,34.787200644344516,35.42057003289517,True
116,0,2019-04-26 09:38:41,54,34.796139846770686,35.43068328097792,True
116,0,2019-04-26 08:38:41,55,34.80603532926645,35.43655790749188,True
116,0,2019-04-26 07:38:41,56,34.81488110302475,35.445969052853954,True
116,0,2019-04-26 06:38:41,57,34.82125057148281,35.45435221218442,True
116,0,2019-04-26 05:38:41,58,34.8256276353566,35.46286946292876,True
116,0,2019-04-26 04:38:41,59,34.82975469344982,35.47421775848074,True
116,0,2019-04-26 03:38:41,60,34.83541470567567,35.48175520841874,True
116,0,2019-04-26 02:38:41,61,34.8412238081656,35.4898889028798,True
116,0,2019-04-26 01:38:41,62,34.84578521484028,35.49979069798422,True
116,0,2019-04-26 00:38:41,63,34.85051669368106,35.51013235073111,True
116,0,2019-04-25 23:38:41,64,34.858231469079584,35.51595290347412,True
116,0,2019-04-25 22:38:41,65,34.867448150564044,35.52457384467003,True
116,0,2019-04-25 21:38:41,66,34.87457677088018,35.53342485706824,True
116,0,2019-04-25 20:38:41,67,34.88347975069296,35.54121151915238,True
116,0,2019-04-25 19:38:41,68,34.89376368054734,35.55050667011968,True
116,0,2019-04-25 18:38:41,69,34.9040736956773,35.55618116092626,True
116,0,2019-04-25 17:38:41,70,34.91597014936676,35.561957048812985,True
116,0,2019-04-25 16:38:41,71,34.9240966270058,35.56588489581391,True
116,0,2019-04-25 15:38:41,72,34.93812723820413,35.57571694315351,True
116,1,2019-04-28 15:38:41,0,34.626539,34.886807,True
116,1,2019-04-28 14:38:41,1,34.62371117736947,34.89419487100869,True
116,1,2019-04-28 13:38:41,2,34.62170921251508,34.90002745063135,True
116,1,2019-04-28 12:38:41,3,34.62126415283093,34.90575792794972,True
116,1,2019-04-28 11:38:41,4,34.62161322160267,34.91328969098973,True
116,1,2019-04-28 10:38:41,5,34.62304848008448,34.922673182071215,True
116,1,2019-04-28 09:38:41,6,34.624140449713124,34.92913909056531,True
116,1,2019-04-28 08:38:41,7,34.626211084763305,34.93723823745201,True
116,1,2019-04-28 07:38:41,8,34.630446545098174,34.944858508218815,True
116,1,2019-04-28 06:38:41,9,34.634397036375894,34.955164956622085,True
116,1,2019-04-28 05:38:41,10,34.63834604798907,34.96003605580363,True
116,1,2019-04-28 04:38:41,11,34.64117499179699,34.96578284401949,True
116,1,2019-04-28 03:38:41,12,34.644492720823,34.972641555796265,True
116,1,2019-04-28 02:38:41,13,34.65089823345659,34.980283478313225,True
116,1,2019-04-28 01:38:41,14,34.653226892600856,34.98573113680182,True
116,1,2019-04-28 00:38:41,15,34.65644414351613,34.990477737433615,True
116,1,2019-04-27 23:38:41,16,34.65782409037182,34.99544033874503,True
116,1,2019-04-27 22:38:41,17,34.66127221969306,34.99937397646328,True
116,1,2019-04-27 21:38:41,18,34.66244191311826,35.00238945496399,True
116,1,2019-04-27 20:38:41,19,34.66079419628175,35.00924624544899,True
116,1,2019-04-27 19:38:41,20,34.659572483091296,35.014632226208704,True
116,1,2019-04-27 18:38:41,21,34.65612213278932,35.02117470081395,True
116,1,2019-04-27 17:38:41,22,34.65669885807288,35.02950720208742,True
116,1,2019-04-27 16:38:41,23,34.653653752694666,35.04028710683245,True
116,1,2019-04-27 15:38:41,24,34.653366403829644,35.051558622953614,True
116,1,2019-04-27 14:38:41,25,34.65165660318079,35.06359983879194,True
116,1,2019-04-27 13:38:41,26,34.65193626888653,35.07994643357811,True
116,1,2019-04-27 12:38:41,27,34.65147913630065,35.09334182791121,True
116,1,2019-04-27 11:38:41,28,34.653856995640226,35.10669645161841,True
116,1,2019-04-27 10:38:41,29,34.656021349456,35.12225004609158,True
116,1,2019-04-27 09:38:41,30,34.661023651571405,35.136513969729016,True
116,1,2019-04-27 08:38:41,31,34.664575162520705,35.14917101438823,True
116,1,2019-04-27 07:38:41,32,34.67045676700145,35.16409830556719,True
116,1,2019-04-27 06:38:41,33,34.675043463246176,35.176409260507356,True
116,1,2019-04-27 05:38:41,34,34.67925044190282,35.18684853372082,True
116,1,2019-04-27 04:38:41,35,34.68267274673988,35.19747919791524,True
116,1,2019-04-27 03:38:41,36,34.68534048566914,35.2058992870376,True
116,1,2019-04-27 02:38:41,37,34.68868000892202,35.21324939813415,True
116,1,2019-04-27 01:38:41,38,34.6899413699587,35.223685701707,True
116,1,2019-04-27 00:38:41,39,34.68833550174699,35.23077038744249,True
116,1,2019-04-26 23:38:41,40,34.68806928605055,35.24301259774063,True
116,1,2019-04-26 22:38:41,41,34.68767861828717,35.258506861726424,True
116,1,2019-04-26 21:38:41,42,34.69122336437532,35.27108771723705,True
116,1,2019-04-26 20:38:41,43,34.69426734127088,35.28805859065003,True
116,1,2019-04-26 19:38:41,44,34.69798639218752,35.30469078279065,True
116,1,2019-04-26 18:38:41,45,34.70325562578978,35.31927048141983,True
116,1,2019-04-26 17:38:41,46,34.70707762138145,35.338803017392884,True
116,1,2019-04-26 16:38:41,47,34.71371730703619,35.35592323436637,True
116,1,2019-04-26 15:38:41,48,34.72072644991136,35.37227538592063,True
116,1,2019-04-26 14:38:41,49,34.73022060643623,35.38628575934517,True
116,1,2019-04-26 13:38:41,50,34.74057439846495,35.398348566030634,True
116,1,2019-04-26 12:38:41,51,34.750144414257534,35.408776911863264,True
116,1,2019-04-26 11:38:41,52,34.75869464928802,35.41726284380235,True
116,1,2019-04-26 10:38:41,53,34.767441065532076,35.42537336105154,True
116,1,2019-04-26 09:38:41,54,34.77919113310218,35.43327894774552,True
116,1,2019-04-26 08:38:41,55,34.78806146511154,35.4419429125727,True
116,1,2019-04-26 07:38:41,56,34.793866296398456,35.45242228925476,True
116,1,2019-04-26 06:38:41,57,34.799634691479895,35.459631122653896,True
116,1,2019-04-26 05:38:41,58,34.80612933562256,35.46860556152812,True
116,1,2019-04-26 04:38:41,59,34.812161494782664,35.47771004872117,True
116,1,2019-04-26 03:38:41,60,34.81815278414136,35.487186728135995,True
116,1,2019-04-26 02:38:41,61,34.823918494333014,35.49542856579318,True
116,1,2019-04-26 01:38:41,62,34.828927311336955,35.50436211774034,True
116,1,2019-04-26 00:38:41,63,34.83734925829996,35.51573764322604,True
116,1,2019-04-25 23:38:41,64,34.84239281809067,35.5258427596026,True
116,1,2019-04-25 22:38:41,65,34.85034136140337,35.533295251941894,True
116,1,2019-04-25 21:38:41,66,34.85399358087769,35.54143353130417,True
116,1,2019-04-25 20:38:41,67,34.864320307750155,35.548199385157666,True
116,1,2019-04-25 19:38:41,68,34.872728196709765,35.5533137344892,True
116,1,2019-04-25 18:38:41,69,34.88215055084732,35.56070590874436,True
116,1,2019-04-25 17:38:41,70,34.891577848726165,35.567009241645444,True
116,1,2019-04-25 16:38:41,71,34.902532476592285,35.57176847159534,True
116,1,2019-04-25 15:38:41,72,34.913231519536474,35.577160810641345,True
116,2,2019-04-28 15:38:41,0,34.626539,34.886807,True
116,2,2019-04-28 14:38:41,1,34.625650088822525,34.88898012313207,True
116,2,2019-04-28 13:38:41,2,34.626129548730354,34.89533717910138,True
116,2,2019-04-28 12:38:41,3,34.62095985387631,34.902739061351966,True
116,2,2019-04-28 11:38:41,4,34.62131506631008,34.909737201951614,True
116,2,2019-04-28 10:38:41,5,34.62156457722047,34.91465425980745,True
116,2,2019-04-28 09:38:41,6,34.624024677441014,34.92210073686145,True
116,2,2019-04-28 08:38:41,7,34.62591607626774,34.92891261266952,True
116,2,2019-04-28 07:38:41,8,34.628905559645496,34.93757053114092,True
116,2,2019-04-28 06:38:41,9,34.63263769211742,34.94548577329438,True
116,2,2019-04-28 05:38:41,10,34.63458964969581,34.95032181200244,True
116,2,2019-04-28 04:38:41,11,34.638279288319154,34.95611231660361,True
116,2,2019-04-28 03:38:41,12,34.64261374039948,34.95845084107865,True
116,2,2019-04-28 02:38:41,13,34.64395093016195,34.963804918212645,True
116,2,2019-04-28 01:38:41,14,34.64672520546734,34.96940031737476,True
116,2,2019-04-28 00:38:41,15,34.64997921754103,34.972118208994694,True
116,2,2019-04-27 23:38:41,16,34.65161449234857,34.97605611230916,True
116,2,2019-04-27 22:38:41,17,34.650673162460336,34.977904584051046,True
116,2,2019-04-27 21:38:41,18,34.651759680492354,34.98075941944439,True
116,2,2019-04-27 20:38:41,19,34.65242463324893,34.983960734797705,True
116,2,2019-04-27 19:38:41,20,34.652977746863414,34.991225285406074,True
116,2,2019-04-27 18:38:41,21,34.652643712697824,34.99842178372035,True
116,2,2019-04-27 17:38:41,22,34.6507847498404,35.00585258426812,True
116,2,2019-04-27 16:38:41,23,34.647572340715335,35.0145337358819,True
116,2,2019-04-27 15:38:41,24,34.646390498268104,35.0248552637436,True
116,2,2019-04-27 14:38:41,25,34.64755274338414,35.037094371695986,True
116,2,2019-04-27 13:38:41,26,34.64567717171108,35.051042712834516,True
116,2,2019-04-27 12:38:41,27,34.64660540858727,35.0663021952811,True
116,2,2019-04-27 11:38:41,28,34.64687743831845,35.08087981311036,True
116,2,2019-04-27 10:38:41,29,34.650003416234675,35.09790633362516,True
116,2,2019-04-27 09:38:41,30,34.65349617002071,35.11210995263455,True
116,2,2019-04-27 08:38:41,31,34.65852263411797,35.12722209482695,True
116,2,2019-04-27 07:38:41,32,34.66441765967877,35.137063605655996,True
116,2,2019-04-27 06:38:41,33,34.66849844229929,35.146539702272065,True
116,2,2019-04-27 05:38:41,34,34.671116089156854,35.15636307672956,True
116,2,2019-04-27 04:38:41,35,34.67312246649151,35.16618680539701,True
116,2,2019-04-27 03:38:41,36,34.675568847302216,35.17652039775457,True
116,2,2019-04-27 02:38:41,37,34.67410313864076,35.188198679123424,True
116,2,2019-04-27 01:38:41,38,34.675948455789175,35.19875137084525,True
116,2,2019-04-27 00:38:41,39,34.67626582579376,35.20987674404549,True
116,2,2019-04-26 23:38:41,40,34.67815815703573,35.22131791550962,True
116,2,2019-04-26 22:38:41,41,34.67945610281806,35.23204360399758,True
116,2,2019-04-26 21:38:41,42,34.677916827470895,35.24512073031836,True
116,2,2019-04-26 20:38:41,43,34.67751677280039,35.26017672418348,True
116,2,2019-04-26 19:38:41,44,34.67798413637301,35.27455624679996,True
116,2,2019-04-26 18:38:41,45,34.68118695779639,35.289981341626614,True
116,2,2019-04-26 17:38:41,46,34.686137500091405,35.30728922931113,True
116,2,2019-04-26 16:38:41,47,34.68842178460958,35.32222711440758,True
116,2,2019-04-26 15:38:41,48,34.69394679730005,35.33769350981643,True
116,2,2019-04-26 14:38:41,49,34.700100946004476,35.35191290503565,True
116,2,2019-04-26 13:38:41,50,34.707433053248096,35.36320330113278,True
116,2,2019-04-26 12:38:41,51,34.715120893199675,35.376378396552084,True
116,2,2019-04-26 11:38:41,52,34.72234684490253,35.386915303599935,True
116,2,2019-04-26 10:38:41,53,34.73306901026664,35.39748145967682,True
116,2,2019-04-26 09:38:41,54,34.73910803219286,35.40605322634262,True
116,2,2019-04-26 08:38:41,55,34.7453831732845,35.41698166664222,True
116,2,2019-04-26 07:38:41,56,34.750912423788094,35.425400964380486,True
116,2,2019-04-26 06:38:41,57,34.75537922201954,35.435638527428466,True
116,2,2019-04-26 05:38:41,58,34.760554259605804,35.443512878442284,True
116,2,2019-04-26 04:38:41,59,34.76550633427629,35.45073710572466,True
116,2,2019-04-26 03:38:41,60,34.769449190709075,35.45879277726818,True
116,2,2019-04-26 02:38:41,61,34.776449310711556,35.46925927649189,True
116,2,2019-04-26 01:38:41,62,34.78354654761524,35.479122773164676,True
116,2,2019-04-26 00:38:41,63,34.78922320244772,35.48936370630238,True
116,2,2019-04-25 23:38:41,64,34.79468933959183,35.49763213490972,True
116,2,2019-04-25 22:38:41,65,34.8037559637062,35.506775175876804,True
116,2,2019-04-25 21:38:41,66,34.811010275831734,35.51581128024413,True
116,2,2019-04-25 20:38:41,67,34.81960331898925,35.524763638077594,True
116,2,2019-04-25 19:38:41,68,34.82599456006156,35.531019114101596,True
116,2,2019-04-25 18:38:41,69,34.832262615152345,35.54046125490197,True
116,2,2019-04-25 17:38:41,70,34.84147536050668,35.55313105946101,True
116,2,2019-04-25 16:38:41,71,34.85099335276432,35.56090515869689,True
116,2,2019-04-25 15:38:41,72,34.85960480030188,35.56896538672048,True
116,3,2019-04-28 15:38:41,0,34.626539,34.886807,True
116,3,2019-04-28 14:38:41,1,34.62203777308913,34.89129141528853,True
116,3,2019-04-28 13:38:41,2,34.62192838555184,34.89634954091147,True
116,3,2019-04-28 12:38:41,3,34.61903011112997,34.90005649804873,True
116,3,2019-04-28 11:38:41,4,34.61725867352544,34.907393640711604,True
116,3,2019-04-28 10:38:41,5,34.62135335669001,34.91248982892435,True
116,3,2019-04-28 09:38:41,6,34.62406207970309,34.9188005073514,True
116,3,2019-04-28 08:38:41,7,34.62742024845536,34.9253609317379,True
116,3,2019-04-28 07:38:41,8,34.62999137917197,34.93231540144501,True
116,3,2019-04-28 06:38:41,9,34.633652144301436,34.93936697431053,True
116,3,2019-04-28 05:38:41,10,34.63789542482303,34.94556459639799,True
116,3,2019-04-28 04:38:41,11,34.64474368775681,34.94892719874377,True
116,3,2019-04-28 03:38:41,12,34.64933420479486,34.951118421709126,True
116,3,2019-04-28 02:38:41,13,34.65347241099341,34.956775844883175,True
116,3,2019-04-28 01:38:41,14,34.658228952575755,34.959801846455946,True
116,3,2019-04-28 00:38:41,15,34.659515490802356,34.96444983509211,True
116,3,2019-04-27 23:38:41,16,34.6607877911888,34.96735483723814,True
116,3,2019-04-27 22:38:41,17,34.66150294400426,34.970125413817705,True
116,3,2019-04-27 21:38:41,18,34.66102805751482,34.97201923653761,True
116,3,2019-04-27 20:38:41,19,34.65956140832544,34.975173952406124,True
116,3,2019-04-27 19:38:41,20,34.656530875310594,34.98043372141654,True
116,3,2019-04-27 18:38:41,21,34.65708992590189,34.9852405386736,True
116,3,2019-04-27 17:38:41,22,34.65535234695999,34.9929895824619,True
116,3,2019-04-27 16:38:41,23,34.65316124670764,35.00276266728082,True
116,3,2019-04-27 15:38:41,24,34.6539740829829,35.01076330256509,True
116,3,2019-04-27 14:38:41,25,34.65132620690324,35.025119545703525,True
116,3,2019-04-27 13:38:41,26,34.650280595125146,35.03833797481281,True
116,3,2019-04-27 12:38:41,27,34.64998728664416,35.051841203577276,True
116,3,2019-04-27 11:38:41,28,34.65223115535396,35.0667711069083,True
116,3,2019-04-27 10:38:41,29,34.65534032238453,35.08054765758458,True
116,3,2019-04-27 09:38:41,30,34.65801799817502,35.094304120374254,True
116,3,2019-04-27 08:38:41,31,34.66033867309531,35.105896479284766,True
116,3,2019-04-27 07:38:41,32,34.66357790041783,35.11996217743346,True
116,3,2019-04-27 06:38:41,33,34.666991475446665,35.12676054247787,True
116,3,2019-04-27 05:38:41,34,34.67290016777223,35.135482740104514,True
116,3,2019-04-27 04:38:41,35,34.679473197216566,35.14359807624676,True
116,3,2019-04-27 03:38:41,36,34.68015051164193,35.150155439741916,True
116,3,2019-04-27 02:38:41,37,34.684232951156396,35.15811690238521,True
116,3,2019-04-27 01:38:41,38,34.688886643609194,35.164080426188356,True
116,3,2019-04-27 00:38:41,39,34.68767892141102,35.17312012320718,True
116,3,2019-04-26 23:38:41,40,34.69049663109745,35.182817989595186,True
116,3,2019-04-26 22:38:41,41,34.688755797194624,35.1925355139167,True
116,3,2019-04-26 21:38:41,42,34.68901259605451,35.202942656101186,True
116,3,2019-04-26 20:38:41,43,34.68806624183965,35.21667900332374,True
116,3,2019-04-26 19:38:41,44,34.69007881618403,35.23325874421418,True
116,3,2019-04-26 18:38:41,45,34.69237847267426,35.246357052036025,True
116,3,2019-04-26 17:38:41,46,34.696838263613294,35.26313085650974,True
116,3,2019-04-26 16:38:41,47,34.70324340507381,35.27788615607515,True
116,3,2019-04-26 15:38:41,48,34.710535328741884,35.29289615361951,True
116,3,2019-04-26 14:38:41,49,34.71775654786164,35.30757668905932,True
116,3,2019-04-26 13:38:41,50,34.72946181564325,35.31974571318164,True
116,3,2019-04-26 12:38:41,51,34.74113970729567,35.33268649954613,True
116,3,2019-04-26 11:38:41,52,34.7523376351581,35.342204325299406,True
116,3,2019-04-26 10:38:41,53,34.76378809463004,35.352371333707346,True
116,3,2019-04-26 09:38:41,54,34.77352430740182,35.36077009568787,True
116,3,2019-04-26 08:38:41,55,34.780123208069874,35.36714669665554,True
116,3,2019-04-26 07:38:41,56,34.78871195014877,35.372875051141705,True
116,3,2019-04-26 06:38:41,57,34.79613988971329,35.380435963085276,True
116,3,2019-04-26 05:38:41,58,34.80310289245871,35.38662997992665,True
116,3,2019-04-26 04:38:41,59,34.809361409243245,35.394881074170144,True
116,3,2019-04-26 03:38:41,60,34.81539370396714,35.40127026452167,True
116,3,2019-04-26 02:38:41,61,34.81976518814063,35.41000340466835,True
116,3,2019-04-26 01:38:41,62,34.824213665594186,35.41926993769591,True
116,3,2019-04-26 00:38:41,63,34.825713079257,35.430407578620276,True
116,3,2019-04-25 23:38:41,64,34.83226773065381,35.43835717225239,True
116,3,2019-04-25 22:38:41,65,34.83918448806748,35.446107316253084,True
116,3,2019-04-25 21:38:41,66,34.846470896721044,35.456376531956955,True
116,3,2019-04-25 20:38:41,67,34.8542436063381,35.469198954530654,True
116,3,2019-04-25 19:38:41,68,34.86447603370004,35.47567225606595,True
116,3,2019-04-25 18:38:41,69,34.874668113840514,35.48618371491311,True
116,3,2019-04-25 17:38:41,70,34.88804399272264,35.49436425285243,True
116,3,2019-04-25 16:38:41,71,34.90236136803101,35.50000950942553,True
116,3,2019-04-25 15:38:41,72,34.916056012317306,35.508756185785934,True
116,4,2019-04-28 15:38:41,0,34.626539,34.886807,True
116,4,2019-04-28 14:38:41,1,34.624642994502835,34.89435761956959,True
116,4,2019-04-28 13:38:41,2,34.62325345132911,34.900513211065615,True
116,4,2019-04-28 12:38:41,3,34.622550261454705,34.90788529025977,True
116,4,2019-04-28 11:38:41,4,34.623531822847355,34.913280757620996,True
116,4,2019-04-28 10:38:41,5,34.62543165868,34.91861397791586,True
116,4,2019-04-28 09:38:41,6,34.62669437868316,34.9247879704208,True
116,4,2019-04-28 08:38:41,7,34.629978530588424,34.932166923905484,True
116,4,2019-04-28 07:38:41,8,34.63465503860689,34.93944814212514,True
116,4,2019-04-28 06:38:41,9,34.63696352658304,34.94533031509405,True
116,4,2019-04-28 05:38:41,10,34.63787357118381,34.952728232250905,True
116,4,2019-04-28 04:38:41,11,34.64010032712142,34.95836373673406,True
116,4,2019-04-28 03:38:41,12,34.642417636941786,34.962795274828444,True
116,4,2019-04-28 02:38:41,13,34.64584833464258,34.96511802368682,True
116,4,2019-04-28 01:38:41,14,34.64973839668186,34.96908342314211,True
116,4,2019-04-28 00:38:41,15,34.649604384055785,34.972081469843694,True
116,4,2019-04-27 23:38:41,16,34.64933879194743,34.974013650491614,True
116,4,2019-04-27 22:38:41,17,34.64965840604625,34.974857975913146,True
116,4,2019-04-27 21:38:41,18,34.64892041116773,34.97629564836372,True
116,4,2019-04-27 20:38:41,19,34.647220328063185,34.980389195990135,True
116,4,2019-04-27 19:38:41,20,34.64632644052689,34.983196187497036,True
116,4,2019-04-27 18:38:41,21,34.64459539879863,34.98793642969791,True
116,4,2019-04-27 17:38:41,22,34.64305177188244,34.99552380805222,True
116,4,2019-04-27 16:38:41,23,34.64044271734008,35.00433188466442,True
116,4,2019-04-27 15:38:41,24,34.63889613858818,35.01320119894707,True
116,4,2019-04-27 14:38:41,25,34.63885703558137,35.01970055713611,True
116,4,2019-04-27 13:38:41,26,34.63932424576442,35.029095425053654,True
116,4,2019-04-27 12:38:41,27,34.63940070923368,35.04228369543236,True
116,4,2019-04-27 11:38:41,28,34.63940061594316,35.05362504706201,True
116,4,2019-04-27 10:38:41,29,34.64319830372209,35.066258755709406,True
116,4,2019-04-27 09:38:41,30,34.648549693171255,35.07546636344997,True
116,4,2019-04-27 08:38:41,31,34.654910075091834,35.087001503978996,True
116,4,2019-04-27 07:38:41,32,34.66193295156972,35.097611097357884,True
116,4,2019-04-27 06:38:41,33,34.669751387658074,35.102152776649305,True
116,4,2019-04-27 05:38:41,34,34.67551653653371,35.10649158080284,True
116,4,2019-04-27 04:38:41,35,34.68021256283066,35.10989957241008,True
116,4,2019-04-27 03:38:41,36,34.683480719966866,35.11723267482469,True
116,4,2019-04-27 02:38:41,37,34.68779179464343,35.122789023935006,True
116,4,2019-04-27 01:38:41,38,34.68774761484621,35.13045549197851,True
116,4,2019-04-27 00:38:41,39,34.688035355766225,35.14107903619044,True
116,4,2019-04-26 23:38:41,40,34.6875427865399,35.150045185046935,True
116,4,2019-04-26 22:38:41,41,34.68754610613211,35.16142120586121,True
116,4,2019-04-26 21:38:41,42,34.687434577703584,35.172699176415705,True
116,4,2019-04-26 20:38:41,43,34.68672789839048,35.187679305073196,True
116,4,2019-04-26 19:38:41,44,34.687843417188525,35.202337928457254,True
116,4,2019-04-26 18:38:41,45,34.69223716325793,35.215684109627034,True
116,4,2019-04-26 17:38:41,46,34.696786306282284,35.23216516836357,True
116,4,2019-04-26 16:38:41,47,34.70314968619936,35.24550804018614,True
116,4,2019-04-26 15:38:41,48,34.71167318039875,35.25851440948549,True
116,4,2019-04-26 14:38:41,49,34.71827302299763,35.27346646188112,True
116,4,2019-04-26 13:38:41,50,34.72965680413591,35.284505950845414,True
116,4,2019-04-26 12:38:41,51,34.7390533265331,35.297566232453036,True
116,4,2019-04-26 11:38:41,52,34.74962568997814,35.30644885626707,True
116,4,2019-04-26 10:38:41,53,34.75711926221847,35.312615440136085,True
116,4,2019-04-26 09:38:41,54,34.76794898829897,35.317766565891986,True
116,4,2019-04-26 08:38:41,55,34.775472036209784,35.325124272949665,True
116,4,2019-04-26 07:38:41,56,34.7805968503845,35.3292752241352,True
116,4,2019-04-26 06:38:41,57,34.784730448384586,35.33379749848784,True
116,4,2019-04-26 05:38:41,58,34.788592632229054,35.34047763507639,True
116,4,2019-04-26 04:38:41,59,34.794145473438334,35.34673009132338,True
116,4,2019-04-26 03:38:41,60,34.79867459889925,35.351161650975456,True
116,4,2019-04-26 02:38:41,61,34.79898149079515,35.35867984916366,True
116,4,2019-04-26 01:38:41,62,34.80377958407067,35.36823891357851,True
116,4,2019-04-26 00:38:41,63,34.80715952322112,35.37734108511606,True
116,4,2019-04-25 23:38:41,64,34.81350666241005,35.38883269144126,True
116,4,2019-04-25 22:38:41,65,34.81796148644025,35.399961507479574,True
116,4,2019-04-25 21:38:41,66,34.82477051462139,35.40986391709072,True
116,4,2019-04-25 20:38:41,67,34.83396643042339,35.418159880439774,True
116,4,2019-04-25 19:38:41,68,34.84293808474452,35.43097224565708,True
116,4,2019-04-25 18:38:41,69,34.853439584763436,35.44098887526424,True
116,4,2019-04-25 17:38:41,70,34.864526721392885,35.45098018224265,True
116,4,2019-04-25 16:38:41,71,34.875605868979406,35.458205522235424,True
116,4,2019-04-25 15:38:41,72,34.88873563171929,35.46534368344011,True
116,5,2019-04-28 15:38:41,0,34.626539,34.886807,True
116,5,2019-04-28 14:38:41,1,34.62614724559569,34.893536778743474,True
116,5,2019-04-28 13:38:41,2,34.625725533141896,34.89648908866324,True
116,5,2019-04-28 12:38:41,3,34.625149625616444,34.90114457731375,True
116,5,2019-04-28 11:38:41,4,34.627126208336,34.907179126105056,True
116,5,2019-04-28 10:38:41,5,34.62778731117383,34.91059701615189,True
116,5,2019-04-28 09:38:41,6,34.62784023636679,34.91713292881371,True
116,5,2019-04-28 08:38:41,7,34.631965258595336,34.92179483480302,True
116,5,2019-04-28 07:38:41,8,34.634160446308535,34.92937404885394,True
116,5,2019-04-28 06:38:41,9,34.63514969696162,34.93490833896956,True
116,5,2019-04-28 05:38:41,10,34.63653456265367,34.94137707925825,True
116,5,2019-04-28 04:38:41,11,34.63878842591301,34.94836125877077,True
116,5,2019-04-28 03:38:41,12,34.64043937163732,34.949272215734,True
116,5,2019-04-28 02:38:41,13,34.64254850491425,34.95332779226818,True
116,5,2019-04-28 01:38:41,14,34.64555491683879,34.9542317466748,True
116,5,2019-04-28 00:38:41,15,34.646917276862865,34.95556881791169,True
116,5,2019-04-27 23:38:41,16,34.64816571057664,34.955937194232256,True
116,5,2019-04-27 22:38:41,17,34.65057153417051,34.959302450534274,True
116,5,2019-04-27 21:38:41,18,34.649004958022246,34.961472491549024,True
116,5,2019-04-27 20:38:41,19,34.646770877882375,34.96345103159966,True
116,5,2019-04-27 19:38:41,20,34.647638648978706,34.96864767036623,True
116,5,2019-04-27 18:38:41,21,34.64822643611097,34.972307823569395,True
116,5,2019-04-27 17:38:41,22,34.6460005841674,34.97714097515479,True
116,5,2019-04-27 16:38:41,23,34.64537896445437,34.9811858332476,True
116,5,2019-04-27 15:38:41,24,34.64354869255621,34.99194215978894,True
116,5,2019-04-27 14:38:41,25,34.64411164507903,35.00205261865518,True
116,5,2019-04-27 13:38:41,26,34.642416638046996,35.0122108448544,True
116,5,2019-04-27 12:38:41,27,34.64240493410662,35.02463239118255,True
116,5,2019-04-27 11:38:41,28,34.64495956900275,35.03562534590084,True
116,5,2019-04-27 10:38:41,29,34.64458026346204,35.047731516034226,True
116,5,2019-04-27 09:38:41,30,34.6488600001857,35.05962934527149,True
116,5,2019-04-27 08:38:41,31,34.65298855504801,35.07060690765564,True
116,5,2019-04-27 07:38:41,32,34.65598052655953,35.08445595922244,True
116,5,2019-04-27 06:38:41,33,34.66274515453888,35.09169198715442,True
116,5,2019-04-27 05:38:41,34,34.66666998061829,35.098300324339746,True
116,5,2019-04-27 04:38:41,35,34.67154526382888,35.10267821918684,True
116,5,2019-04-27 03:38:41,36,34.674385137956676,35.10738002995795,True
116,5,2019-04-27 02:38:41,37,34.677054967455184,35.1133083763126,True
116,5,2019-04-27 01:38:41,38,34.67827635731982,35.11840930867772,True
116,5,2019-04-27 00:38:41,39,34.676197999506165,35.126680505400735,True
116,5,2019-04-26 23:38:41,40,34.67618140926411,35.13699326271718,True
116,5,2019-04-26 22:38:41,41,34.67498778348646,35.14498398763327,True
116,5,2019-04-26 21:38:41,42,34.67432604556084,35.155953074240536,True
116,5,2019-04-26 20:38:41,43,34.6748407067276,35.16897042102777,True
116,5,2019-04-26 19:38:41,44,34.67629596660433,35.179916878151346,True
116,5,2019-04-26 18:38:41,45,34.676710326041906,35.19674030414418,True
116,5,2019-04-26 17:38:41,46,34.67574507076372,35.20943181281595,True
116,5,2019-04-26 16:38:41,47,34.68020818465256,35.22435933352838,True
116,5,2019-04-26 15:38:41,48,34.68341261371339,35.23723552033133,True
116,5,2019-04-26 14:38:41,49,34.68701509951291,35.249635611007264,True
116,5,2019-04-26 13:38:41,50,34.692499900819314,35.2640771710027,True
116,5,2019-04-26 12:38:41,51,34.70099279502156,35.276447812924715,True
116,5,2019-04-26 11:38:41,52,34.707195939577616,35.2870143986982,True
116,5,2019-04-26 10:38:41,53,34.713300777204054,35.29444342708586,True
116,5,2019-04-26 09:38:41,54,34.721033730830726,35.30454716521288,True
116,5,2019-04-26 08:38:41,55,34.730062259279215,35.312364874875726,True
116,5,2019-04-26 07:38:41,56,34.73524167669223,35.3206295209141,True
116,5,2019-04-26 06:38:41,57,34.73867659066476,35.328785324106676,True
116,5,2019-04-26 05:38:41,58,34.74409398594907,35.333359287976805,True
116,5,2019-04-26 04:38:41,59,34.74848839489108,35.342422011302794,True
116,5,2019-04-26 03:38:41,60,34.754176245387626,35.35052992300263,True
116,5,2019-04-26 02:38:41,61,34.755426654285586,35.359376408006256,True
116,5,2019-04-26 01:38:41,62,34.760204908546015,35.37142714299302,True
116,5,2019-04-26 00:38:41,63,34.76346436935573,35.38313230011344,True
116,5,2019-04-25 23:38:41,64,34.768447170364176,35.39357768870626,True
116,5,2019-04-25 22:38:41,65,34.774074997821224,35.40736339245756,True
116,5,2019-04-25 21:38:41,66,34.78041696160934,35.41798923819977,True
116,5,2019-04-25 20:38:41,67,34.78714918193258,35.42617694627829,True
116,5,2019-04-25 19:38:41,68,34.79456704081507,35.43683526312709,True
116,5,2019-04-25 18:38:41,69,34.80515861496207,35.447804145962024,True
116,5,2019-04-25 17:38:41,70,34.81457406227126,35.45832745577005,True
116,5,2019-04-25 16:38:41,71,34.827762296488366,35.47004021063283,True
116,5,2019-04-25 15:38:41,72,34.83854007511698,35.47949828261636,True
245,0,2019-04-28 15:38:41,0,34.600251,34.898287,True
245,0,2019-04-28 14:38:41,1,34.59826246125644,34.90257434805083,True
245,0,2019-04-28 13:38:41,2,34.59600193368676,34.90584197038208,True
245,0,2019-04-28 12:38:41,3,34.59738304450054,34.91324866842594,True
245,0,2019-04-28 11:38:41,4,34.59700450042486,34.920199576832665,True
245,0,2019-04-28 10:38:41,5,34.600144980205116,34.9282470682696,True
245,0,2019-04-28 09:38:41,6,34.60108962512236,34.937796784809734,True
245,0,2019-04-28 08:38:41,7,34.60602905144283,34.94450983512473,True
245,0,2019-04-28 07:38:41,8,34.60962681913368,34.95265419864513,True
245,0,2019-04-28 06:38:41,9,34.613647890226716,34.957924929353496,True
245,0,2019-04-28 05:38:41,10,34.619019999844326,34.9659319309587,True
245,0,2019-04-28 04:38:41,11,34.62378925287695,34.97378739077312,True
245,0,2019-04-28 03:38:41,12,34.63163707425401,34.98024902530095,True
245,0,2019-04-28 02:38:41,13,34.63391782995424,34.98451366956392,True
245,0,2019-04-28 01:38:41,14,34.638743293034416,34.98734229167604,True
245,0,2019-04-28 00:38:41,15,34.642008826965,34.99147693692087,True
245,0,2019-04-27 23:38:41,16,34.64535415356111,34.995440238085244,True
245,0,2019-04-27 22:38:41,17,34.646665415438434,35.00317606641852,True
245,0,2019-04-27 21:38:41,18,34.65003362076984,35.00690601957975,True
245,0,2019-04-27 20:38:41,19,34.650443620736645,35.011748759122106,True
245,0,2019-04-27 19:38:41,20,34.6498224225193,35.01319852157112,True
245,0,2019-04-27 18:38:41,21,34.65089946806559,35.0200272331712,True
245,0,2019-04-27 17:38:41,22,34.65236882064578,35.0265675397035,True
245,0,2019-04-27 16:38:41,23,34.65043804216682,35.0347216475282,True
245,0,2019-04-27 15:38:41,24,34.652175370365185,35.04631397933572,True
245,0,2019-04-27 14:38:41,25,34.653307220409474,35.05553811681395,True
245,0,2019-04-27 13:38:41,26,34.65322753843704,35.071247038932164,True
245,0,2019-04-27 12:38:41,27,34.65445628691347,35.08746370405576,True
245,0,2019-04-27 11:38:41,28,34.656573089014984,35.10470240018914,True
245,0,2019-04-27 10:38:41,29,34.65943957922088,35.115603604732065,True
245,0,2019-04-27 09:38:41,30,34.66505188084863,35.131411885655744,True
245,0,2019-04-27 08:38:41,31,34.669908041891134,35.14517544389262,True
245,0,2019-04-27 07:38:41,32,34.6750625906624,35.158210286362475,True
245,0,2019-04-27 06:38:41,33,34.68059426493096,35.16558101048538,True
245,0,2019-04-27 05:38:41,34,34.68607833823301,35.17698512228364,True
245,0,2019-04-27 04:38:41,35,34.69019896615581,35.18501431474718,True
245,0,2019-04-27 03:38:41,36,34.69333470254281,35.19103859703322,True
245,0,2019-04-27 02:38:41,37,34.696717475547466,35.20321934701941,True
245,0,2019-04-27 01:38:41,38,34.698996801745544,35.21572803316414,True
245,0,2019-04-27 00:38:41,39,34.69857375401626,35.225988975371685,True
245,0,2019-04-26 23:38:41,40,34.699695424931576,35.24015796028036,True
245,0,2019-04-26 22:38:41,41,34.698059462514586,35.255242080027045,True
245,0,2019-04-26 21:38:41,42,34.69775502936858,35.27303652941149,True
245,0,2019-04-26 20:38:41,43,34.69949914534322,35.28896752058342,True
245,0,2019-04-26 19:38:41,44,34.7010813452934,35.30878905373663,True
245,0,2019-04-26 18:38:41,45,34.706056834581254,35.329381295967444,True
245,0,2019-04-26 17:38:41,46,34.70983516199152,35.343414264200916,True
245,0,2019-04-26 16:38:41,47,34.71710557091969,35.36009125532921,True
245,0,2019-04-26 15:38:41,48,34.72507675525597,35.37898945071378,True
245,0,2019-04-26 14:38:41,49,34.73595886568079,35.395489495867324,True
245,0,2019-04-26 13:38:41,50,34.74533087661134,35.40855693404567,True
245,0,2019-04-26 12:38:41,51,34.7567991580899,35.423102833123494,True
245,0,2019-04-26 11:38:41,52,34.76927336540453,35.43578004296289,True
245,0,2019-04-26 10:38:41,53,34.78039159265578,35.445837090087906,True
245,0,2019-04-26 09:38:41,54,34.78770093337151,35.45371107740818,True
245,0,2019-04-26 08:38:41,55,34.797549296796696,35.46148931577276,True
245,0,2019-04-26 07:38:41,56,34.80484075134549,35.46930642410603,True
245,0,2019-04-26 06:38:41,57,34.809536158864745,35.48098224937052,True
245,0,2019-04-26 05:38:41,58,34.81574877518076,35.491492235613215,True
245,0,2019-04-26 04:38:41,59,34.818727602800855,35.49886479947439,True
245,0,2019-04-26 03:38:41,60,34.824579671934984,35.508426457678944,True
245,0,2019-04-26 02:38:41,61,34.8274894063391,35.51599060393618,True
245,0,2019-04-26 01:38:41,62,34.833857369458016,35.52526147093263,True
245,0,2019-04-26 00:38:41,63,34.84261826671479,35.53621762045041,True
245,0,2019-04-25 23:38:41,64,34.84834864394524,35.54236261794111,True
245,0,2019-04-25 22:38:41,65,34.856726755356256,35.548150722601,True
245,0,2019-04-25 21:38:41,66,34.864953763095386,35.556056161054286,True
245,0,2019-04-25 20:38:41,67,34.872439993829836,35.564736097556555,True
245,0,2019-04-25 19:38:41,68,34.87817167964079,35.57041420294478,True
245,0,2019-04-25 18:38:41,69,34.8862391547235,35.57544045681124,True
245,0,2019-04-25 17:38:41,70,34.89597449955202,35.58610734178831,True
245,0,2019-04-25 16:38:41,71,34.90482354622797,35.595988270793924,True
245,0,2019-04-25 15:38:41,72,34.91439213482189,35.602128484049025,True
245,1,2019-04-28 15:38:41,0,34.600251,34.898287,True
245,1,2019-04-28 14:38:41,1,34.59971226860157,34.90246373155649,True
245,1,2019-04-28 13:38:41,2,34.599117051381214,34.90783628798407,True
245,1,2019-04-28 12:38:41,3,34.59912839716382,34.914596170338214,True
245,1,2019-04-28 11:38:41,4,34.60008578824894,34.91888316102177,True
245,1,2019-04-28 10:38:41,5,34.59960117083009,34.92537806144651,True
245,1,2019-04-28 09:38:41,6,34.60027828166771,34.93260543821661,True
245,1,2019-04-28 08:38:41,7,34.60202446880577,34.93970960266248,True
245,1,2019-04-28 07:38:41,8,34.60555476692199,34.944598852882315,True
245,1,2019-04-28 06:38:41,9,34.60921656596075,34.952353920476085,True
245,1,2019-04-28 05:38:41,10,34.612785454062454,34.95762301165742,True
245,1,2019-04-28 04:38:41,11,34.617351524861135,34.960839634542104,True
245,1,2019-04-28 03:38:41,12,34.62238028968689,34.966659861722206,True
245,1,2019-04-28 02:38:41,13,34.626178153862064,34.971288281726316,True
245,1,2019-04-28 01:38:41,14,34.62972888761938,34.96938622016881,True
245,1,2019-04-28 00:38:41,15,34.63305512116885,34.97271317704074,True
245,1,2019-04-27 23:38:41,16,34.635965629141175,34.97850851890942,True
245,1,2019-04-27 22:38:41,17,34.63719775783231,34.98251140098833,True
245,1,2019-04-27 21:38:41,18,34.63868879278753,34.98493099935817,True
245,1,2019-04-27 20:38:41,19,34.64127536673679,34.98837234445884,True
245,1,2019-04-27 19:38:41,20,34.64137787413088,34.99566565384831,True
245,1,2019-04-27 18:38:41,21,34.64334545972224,35.00129763098699,True
245,1,2019-04-27 17:38:41,22,34.64139513318392,35.011956088775435,True
245,1,2019-04-27 16:38:41,23,34.636707962681925,35.02181022919541,True
245,1,2019-04-27 15:38:41,24,34.63472463113273,35.03149588141046,True
245,1,2019-04-27 14:38:41,25,34.63164351075379,35.04386622030184,True
245,1,2019-04-27 13:38:41,26,34.63061482881519,35.054713429547995,True
245,1,2019-04-27 12:38:41,27,34.629792362944386,35.06833212751144,True
245,1,2019-04-27 11:38:41,28,34.631042207447045,35.08121650715914,True
245,1,2019-04-27 10:38:41,29,34.63468466776642,35.09427654012737,True
245,1,2019-04-27 09:38:41,30,34.64070478401447,35.1049685339556,True
245,1,2019-04-27 08:38:41,31,34.64464501843012,35.117327492889636,True
245,1,2019-04-27 07:38:41,32,34.65144360640585,35.12918947622048,True
245,1,2019-04-27 06:38:41,33,34.656470711177995,35.138031002444954,True
245,1,2019-04-27 05:38:41,34,34.66232502182837,35.146846707303254,True
245,1,2019-04-27 04:38:41,35,34.670115593407225,35.154432141084435,True
245,1,2019-04-27 03:38:41,36,34.673723256795896,35.16272063144651,True
245,1,2019-04-27 02:38:41,37,34.678976031257065,35.16709926392249,True
245,1,2019-04-27 01:38:41,38,34.67928276833706,35.17352491508996,True
245,1,2019-04-27 00:38:41,39,34.67994915162156,35.18397987032333,True
245,1,2019-04-26 23:38:41,40,34.68038747482905,35.197253975042635,True
245,1,2019-04-26 22:38:41,41,34.680761228382146,35.20957295343868,True
245,1,2019-04-26 21:38:41,42,34.68117721749916,35.22119570525739,True
245,1,2019-04-26 20:38:41,43,34.68298774328734,35.23656332815558,True
245,1,2019-04-26 19:38:41,44,34.6839279825322,35.25285520641304,True
245,1,2019-04-26 18:38:41,45,34.685980356383695,35.27221235662916,True
245,1,2019-04-26 17:38:41,46,34.68894589923016,35.28969429513437,True
245,1,2019-04-26 16:38:41,47,34.69553212029238,35.30532436166048,True
245,1,2019-04-26 15:38:41,48,34.70273149900209,35.32083809270231,True
245,1,2019-04-26 14:38:41,49,34.71207055836107,35.33627371424899,True
245,1,2019-04-26 13:38:41,50,34.72337789842428,35.35312171030786,True
245,1,2019-04-26 12:38:41,51,34.73055086325867,35.36523595991046,True
245,1,2019-04-26 11:38:41,52,34.74249069503091,35.37946440787896,True
245,1,2019-04-26 10:38:41,53,34.75184790629281,35.389160654536376,True
245,1,2019-04-26 09:38:41,54,34.76408907135014,35.39983857180265,True
245,1,2019-04-26 08:38:41,55,34.77167378160955,35.41163358052296,True
245,1,2019-04-26 07:38:41,56,34.779191359783624,35.41965432234968,True
245,1,2019-04-26 06:38:41,57,34.784320026844824,35.42789214781632,True
245,1,2019-04-26 05:38:41,58,34.79083385830017,35.43690759101853,True
245,1,2019-04-26 04:38:41,59,34.79724884330827,35.444038273683255,True
245,1,2019-04-26 03:38:41,60,34.799499146642844,35.45021054826193,True
245,1,2019-04-26 02:38:41,61,34.80154413517948,35.45803557807344,True
245,1,2019-04-26 01:38:41,62,34.80814388758322,35.469478073815026,True
245,1,2019-04-26 00:38:41,63,34.81230571256864,35.48042575041292,True
245,1,2019-04-25 23:38:41,64,34.81887450979159,35.4909013730502,True
245,1,2019-04-25 22:38:41,65,34.827959253799754,35.50340905867668,True
245,1,2019-04-25 21:38:41,66,34.83417094427557,35.51416419951896,True
245,1,2019-04-25 20:38:41,67,34.843226525537844,35.52590043670454,True
245,1,2019-04-25 19:38:41,68,34.85317196172208,35.53548100499905,True
245,1,2019-04-25 18:38:41,69,34.86246675575175,35.5428396346746,True
245,1,2019-04-25 17:38:41,70,34.871920372981265,35.54974018522109,True
245,1,2019-04-25 16:38:41,71,34.88492843147433,35.56154567613178,True
245,1,2019-04-25 15:38:41,72,34.89730336684223,35.57021338906281,True
245,2,2019-04-28 15:38:41,0,34.600251,34.898287,True
245,2,2019-04-28 14:38:41,1,34.60013439223708,34.90346037470051,True
245,2,2019-04-28 13:38:41,2,34.59844309086357,34.90829013965214,True
245,2,2019-04-28 12:38:41,3,34.59890545346337,34.91598969240677,True
245,2,2019-04-28 11:38:41,4,34.599124585921295,34.922115407366434,True
245,2,2019-04-28 10:38:41,5,34.60099091588946,34.92980749448241,True
245,2,2019-04-28 09:38:41,6,34.60429336255549,34.93599575119124,True
245,2,2019-04-28 08:38:41,7,34.609719414263964,34.94375266367268,True
245,2,2019-04-28 07:38:41,8,34.614238281437416,34.95304113012644,True
245,2,2019-04-28 06:38:41,9,34.617665932993084,34.960000417059156,True
245,2,2019-04-28 05:38:41,10,34.6222165069392,34.965000047203844,True
245,2,2019-04-28 04:38:41,11,34.62601318906543,34.9721608412157,True
245,2,2019-04-28 03:38:41,12,34.62933819363555,34.97734702220104,True
245,2,2019-04-28 02:38:41,13,34.63506394025141,34.98032918788158,True
245,2,2019-04-28 01:38:41,14,34.63959444734832,34.98152428370183,True
245,2,2019-04-28 00:38:41,15,34.64260171619499,34.98344639352157,True
245,2,2019-04-27 23:38:41,16,34.646361224995374,34.98672104607991,True
245,2,2019-04-27 22:38:41,17,34.64863646934702,34.98967920669337,True
245,2,2019-04-27 21:38:41,18,34.651085096825135,34.995116737283276,True
245,2,2019-04-27 20:38:41,19,34.654608809511274,34.99878396497876,True
245,2,2019-04-27 19:38:41,20,34.65443895764157,35.00391571230725,True
245,2,2019-04-27 18:38:41,21,34.65217642984276,35.00888694785731,True
245,2,2019-04-27 17:38:41,22,34.65089732076965,35.01757863128256,True
245,2,2019-04-27 16:38:41,23,34.64884128182451,35.02717962130233,True
245,2,2019-04-27 15:38:41,24,34.64997481335259,35.03692096325126,True
245,2,2019-04-27 14:38:41,25,34.64881173830148,35.05223632293592,True
245,2,2019-04-27 13:38:41,26,34.649805235896494,35.06479733354538,True
245,2,2019-04-27 12:38:41,27,34.64869323759216,35.08084860588852,True
245,2,2019-04-27 11:38:41,28,34.651189453403894,35.09811912850419,True
245,2,2019-04-27 10:38:41,29,34.65238086123896,35.11276303224525,True
245,2,2019-04-27 09:38:41,30,34.65565216205964,35.127569621132196,True
245,2,2019-04-27 08:38:41,31,34.66243801477692,35.14442359131711,True
245,2,2019-04-27 07:38:41,32,34.66888805339677,35.155422217508615,True
245,2,2019-04-27 06:38:41,33,34.67266763445899,35.16747582723182,True
245,2,2019-04-27 05:38:41,34,34.67804862087816,35.179460376836715,True
245,2,2019-04-27 04:38:41,35,34.67958488988463,35.18975779784556,True
245,2,2019-04-27 03:38:41,36,34.682291770533446,35.2021106852608,True
245,2,2019-04-27 02:38:41,37,34.68465378333712,35.21141061069061,True
245,2,2019-04-27 01:38:41,38,34.68481219286622,35.22274482509119,True
245,2,2019-04-27 00:38:41,39,34.68380477623124,35.23569987786491,True
245,2,2019-04-26 23:38:41,40,34.68385446230214,35.2480356546805,True
245,2,2019-04-26 22:38:41,41,34.685264036133226,35.25971553421139,True
245,2,2019-04-26 21:38:41,42,34.68306558305749,35.2726372980891,True
245,2,2019-04-26 20:38:41,43,34.681233588162115,35.287386077500734,True
245,2,2019-04-26 19:38:41,44,34.683791721739155,35.30247957364225,True
245,2,2019-04-26 18:38:41,45,34.68417030657373,35.31842249190172,True
245,2,2019-04-26 17:38:41,46,34.68860008702603,35.33605922065198,True
245,2,2019-04-26 16:38:41,47,34.694486967524945,35.34684725364208,True
245,2,2019-04-26 15:38:41,48,34.69922303104168,35.36066774578209,True
245,2,2019-04-26 14:38:41,49,34.70784259250236,35.37373223562358,True
245,2,2019-04-26 13:38:41,50,34.71341267726285,35.38382102952447,True
245,2,2019-04-26 12:38:41,51,34.721978720585646,35.39620405028217,True
245,2,2019-04-26 11:38:41,52,34.72962007702096,35.40832883922942,True
245,2,2019-04-26 10:38:41,53,34.739515253338055,35.415422886986974,True
245,2,2019-04-26 09:38:41,54,34.746382739786156,35.41966792279505,True
245,2,2019-04-26 08:38:41,55,34.752661527961074,35.42380529915677,True
245,2,2019-04-26 07:38:41,56,34.75969333733083,35.4343505818089,True
245,2,2019-04-26 06:38:41,57,34.7669811306202,35.441722452874785,True
245,2,2019-04-26 05:38:41,58,34.775055929717674,35.44880289425375,True
245,2,2019-04-26 04:38:41,59,34.77901027255403,35.458054393590174,True
245,2,2019-04-26 03:38:41,60,34.781210106355566,35.46735468858627,True
245,2,2019-04-26 02:38:41,61,34.78186048868121,35.47724704699818,True
245,2,2019-04-26 01:38:41,62,34.78416851949225,35.488621122873056,True
245,2,2019-04-26 00:38:41,63,34.790784994085314,35.4969904780519,True
245,2,2019-04-25 23:38:41,64,34.79786651109446,35.50486857813913,True
245,2,2019-04-25 22:38:41,65,34.80366914963287,35.51102396237942,True
245,2,2019-04-25 21:38:41,66,34.81113287972727,35.5183902479675,True
245,2,2019-04-25 20:38:41,67,34.817545142204985,35.52702982398757,True
245,2,2019-04-25 19:38:41,68,34.823515834332255,35.535368328470796,True
245,2,2019-04-25 18:38:41,69,34.826559869216844,35.543302878647175,True
245,2,2019-04-25 17:38:41,70,34.831776586796366,35.55254118773682,True
245,2,2019-04-25 16:38:41,71,34.839831349234636,35.56047342831001,True
245,2,2019-04-25 15:38:41,72,34.84633078283617,35.56471670731584,True
245,3,2019-04-28 15:38:41,0,34.600251,34.898287,True
245,3,2019-04-28 14:38:41,1,34.59947418726299,34.90404183417991,True
245,3,2019-04-28 13:38:41,2,34.60026505617653,34.909500433766304,True
245,3,2019-04-28 12:38:41,3,34.600727471459926,34.9189255533309,True
245,3,2019-04-28 11:38:41,4,34.60223837725444,34.92361416390264,True
245,3,2019-04-28 10:38:41,5,34.60516318608342,34.93147356236904,True
245,3,2019-04-28 09:38:41,6,34.60724680283588,34.936934904296535,True
245,3,2019-04-28 08:38:41,7,34.610376294877504,34.947317750251585,True
245,3,2019-04-28 07:38:41,8,34.61422939317374,34.95355072755568,True
245,3,2019-04-28 06:38:41,9,34.61850839839,34.95986354974387,True
245,3,2019-04-28 05:38:41,10,34.62552577226057,34.96776884150202,True
245,3,2019-04-28 04:38:41,11,34.628325089086886,34.97439615942041,True
245,3,2019-04-28 03:38:41,12,34.63018186653342,34.97889983147586,True
245,3,2019-04-28 02:38:41,13,34.63175277389812,34.98362534169905,True
245,3,2019-04-28 01:38:41,14,34.63505854698259,34.987085469090864,True
245,3,2019-04-28 00:38:41,15,34.63797007115019,34.9919131782084,True
245,3,2019-04-27 23:38:41,16,34.64123717317821,34.99701958003212,True
245,3,2019-04-27 22:38:41,17,34.64105983429137,35.001978449635494,True
245,3,2019-04-27 21:38:41,18,34.644175686388216,35.005988276947804,True
245,3,2019-04-27 20:38:41,19,34.64467769472727,35.01044700064025,True
245,3,2019-04-27 19:38:41,20,34.647394848858745,35.017216975555705,True
245,3,2019-04-27 18:38:41,21,34.64741377975618,35.02205821623719,True
245,3,2019-04-27 17:38:41,22,34.64759796079835,35.03084687859067,True
245,3,2019-04-27 16:38:41,23,34.64672599272534,35.039033168953644,True
245,3,2019-04-27 15:38:41,24,34.6445791562832,35.05004922993069,True
245,3,2019-04-27 14:38:41,25,34.643981023414185,35.065147918027726,True
245,3,2019-04-27 13:38:41,26,34.64451217115562,35.07937487562474,True
245,3,2019-04-27 12:38:41,27,34.6450598262341,35.093578158711146,True
245,3,2019-04-27 11:38:41,28,34.648185927739796,35.1100547438249,True
245,3,2019-04-27 10:38:41,29,34.651029531448536,35.12738422373151,True
245,3,2019-04-27 09:38:41,30,34.652991939902755,35.14559555761699,True
245,3,2019-04-27 08:38:41,31,34.65760672217669,35.158341871967984,True
245,3,2019-04-27 07:38:41,32,34.66260047810526,35.172031745561696,True
245,3,2019-04-27 06:38:41,33,34.66859141091775,35.18507726398197,True
245,3,2019-04-27 05:38:41,34,34.67440769671829,35.196375326354115,True
245,3,2019-04-27 04:38:41,35,34.67932146130086,35.206454148937205,True
245,3,2019-04-27 03:38:41,36,34.6840220878354,35.21141326980228,True
245,3,2019-04-27 02:38:41,37,34.68685888926205,35.21999862325318,True
245,3,2019-04-27 01:38:41,38,34.69153071140463,35.22581688976591,True
245,3,2019-04-27 00:38:41,39,34.69320971533259,35.23466790570416,True
245,3,2019-04-26 23:38:41,40,34.696673653569185,35.243308097229864,True
245,3,2019-04-26 22:38:41,41,34.6963359049551,35.25790586238612,True
245,3,2019-04-26 21:38:41,42,34.69653700857067,35.272957219196,True
245,3,2019-04-26 20:38:41,43,34.70000707619212,35.2880821043582,True
245,3,2019-04-26 19:38:41,44,34.70217712888884,35.303135809876565,True
245,3,2019-04-26 18:38:41,45,34.70637164856238,35.319821714147956,True
245,3,2019-04-26 17:38:41,46,34.712204861313424,35.33737453062458,True
245,3,2019-04-26 16:38:41,47,34.71706834246942,35.35133154676695,True
245,3,2019-04-26 15:38:41,48,34.72744688719896,35.36823156107392,True
245,3,2019-04-26 14:38:41,49,34.736870252339344,35.380888356617206,True
245,3,2019-04-26 13:38:41,50,34.74921405576222,35.39342580943593,True
245,3,2019-04-26 12:38:41,51,34.759885612863926,35.40579964031407,True
245,3,2019-04-26 11:38:41,52,34.772010250117845,35.41607413377087,True
245,3,2019-04-26 10:38:41,53,34.78685995727257,35.424602544176075,True
245,3,2019-04-26 09:38:41,54,34.796655522409495,35.43210904679408,True
245,3,2019-04-26 08:38:41,55,34.806635094482836,35.43880656252087,True
245,3,2019-04-26 07:38:41,56,34.815895992447935,35.444253386454754,True
245,3,2019-04-26 06:38:41,57,34.82055368325255,35.449969559929656,True
245,3,2019-04-26 05:38:41,58,34.82650039508726,35.45383427328014,True
245,3,2019-04-26 04:38:41,59,34.83344511912887,35.45998673270806,True
245,3,2019-04-26 03:38:41,60,34.83837872447525,35.46699763894557,True
245,3,2019-04-26 02:38:41,61,34.84452536192116,35.47382499782894,True
245,3,2019-04-26 01:38:41,62,34.84969552899152,35.48205815141102,True
245,3,2019-04-26 00:38:41,63,34.8553194473057,35.49260827213027,True
245,3,2019-04-25 23:38:41,64,34.860203919307224,35.50129447843525,True
245,3,2019-04-25 22:38:41,65,34.868227185088145,35.50923818807347,True
245,3,2019-04-25 21:38:41,66,34.875849436243755,35.51721030693149,True
245,3,2019-04-25 20:38:41,67,34.884471551287625,35.52433829038337,True
245,3,2019-04-25 19:38:41,68,34.895314671937165,35.53103492273391,True
245,3,2019-04-25 18:38:41,69,34.90757190371195,35.537548774355045,True
245,3,2019-04-25 17:38:41,70,34.92046789385972,35.54523917300926,True
245,3,2019-04-25 16:38:41,71,34.932401991737244,35.549766239714614,True
245,3,2019-04-25 15:38:41,72,34.94741573793531,35.554989088504556,True
245,4,2019-04-28 15:38:41,0,34.600251,34.898287,True
245,4,2019-04-28 14:38:41,1,34.60021368151079,34.90627959116019,True
245,4,2019-04-28 13:38:41,2,34.59747110491069,34.91457818513349,True
245,4,2019-04-28 12:38:41,3,34.59921286078035,34.919817201687295,True
245,4,2019-04-28 11:38:41,4,34.6007199966193,34.92514368300567,True
245,4,2019-04-28 10:38:41,5,34.60294315841888,34.932224825362184,True
245,4,2019-04-28 09:38:41,6,34.606090337160566,34.93861852954199,True
245,4,2019-04-28 08:38:41,7,34.6095463255573,34.94316807884119,True
245,4,2019-04-28 07:38:41,8,34.61035269106786,34.94974882103328,True
245,4,2019-04-28 06:38:41,9,34.614046741455674,34.95703555866209,True
245,4,2019-04-28 05:38:41,10,34.62028530511902,34.95995864442793,True
245,4,2019-04-28 04:38:41,11,34.62401609361853,34.962674258406444,True
245,4,2019-04-28 03:38:41,12,34.62734639381718,34.96605704945521,True
245,4,2019-04-28 02:38:41,13,34.630442166410006,34.969664300559224,True
245,4,2019-04-28 01:38:41,14,34.63567908018039,34.970124611843936,True
245,4,2019-04-28 00:38:41,15,34.63686206484995,34.97368250633568,True
245,4,2019-04-27 23:38:41,16,34.63850245456439,34.97667955696167,True
245,4,2019-04-27 22:38:41,17,34.64037432823432,34.98035221278448,True
245,4,2019-04-27 21:38:41,18,34.64183821664336,34.9846544893438,True
245,4,2019-04-27 20:38:41,19,34.64128699241458,34.98762451913171,True
245,4,2019-04-27 19:38:41,20,34.642558894284626,34.99046475944035,True
245,4,2019-04-27 18:38:41,21,34.64083856140701,34.99485647889062,True
245,4,2019-04-27 17:38:41,22,34.63978891726235,35.0022076972009,True
245,4,2019-04-27 16:38:41,23,34.638076649780366,35.00953881203372,True
245,4,2019-04-27 15:38:41,24,34.635936468520605,35.01960859596656,True
245,4,2019-04-27 14:38:41,25,34.638440740864795,35.027822599270074,True
245,4,2019-04-27 13:38:41,26,34.63881234827353,35.03807191808893,True
245,4,2019-04-27 12:38:41,27,34.64062987680151,35.04984704066835,True
245,4,2019-04-27 11:38:41,28,34.6425331539925,35.06480676156262,True
245,4,2019-04-27 10:38:41,29,34.64676171174614,35.0773986734744,True
245,4,2019-04-27 09:38:41,30,34.65253026353729,35.0877070836797,True
245,4,2019-04-27 08:38:41,31,34.65661088865496,35.09756694469495,True
245,4,2019-04-27 07:38:41,32,34.66161013873372,35.10654617179308,True
245,4,2019-04-27 06:38:41,33,34.66992507756885,35.11306100005385,True
245,4,2019-04-27 05:38:41,34,34.67518152592251,35.11989867551427,True
245,4,2019-04-27 04:38:41,35,34.68153367558029,35.128482668913186,True
245,4,2019-04-27 03:38:41,36,34.68636959755561,35.13377400380411,True
245,4,2019-04-27 02:38:41,37,34.68554290109159,35.13994469027395,True
245,4,2019-04-27 01:38:41,38,34.684750638245596,35.14526953094408,True
245,4,2019-04-27 00:38:41,39,34.68406907449016,35.15346526261634,True
245,4,2019-04-26 23:38:41,40,34.684175559476934,35.16277687074796,True
245,4,2019-04-26 22:38:41,41,34.6846357663989,35.174075130570095,True
245,4,2019-04-26 21:38:41,42,34.68545235419373,35.182520853734104,True
245,4,2019-04-26 20:38:41,43,34.688555717874216,35.19437051165737,True
245,4,2019-04-26 19:38:41,44,34.69057918016951,35.21086008101628,True
245,4,2019-04-26 18:38:41,45,34.69274539360186,35.22272477339914,True
245,4,2019-04-26 17:38:41,46,34.698545907783,35.235318594584804,True
245,4,2019-04-26 16:38:41,47,34.702855191709624,35.248320320779555,True
245,4,2019-04-26 15:38:41,48,34.71016448639798,35.26191092510311,True
245,4,2019-04-26 14:38:41,49,34.71662433344428,35.27367082411131,True
245,4,2019-04-26 13:38:41,50,34.72559501215657,35.286140446864124,True
245,4,2019-04-26 12:38:41,51,34.736982413706265,35.29774782545435,True
245,4,2019-04-26 11:38:41,52,34.74634159886007,35.304659897886154,True
245,4,2019-04-26 10:38:41,53,34.754718499659454,35.31107454147729,True
245,4,2019-04-26 09:38:41,54,34.76338676076041,35.317956886592846,True
245,4,2019-04-26 08:38:41,55,34.76872576497068,35.32213112592937,True
245,4,2019-04-26 07:38:41,56,34.77719940379326,35.32804327052048,True
245,4,2019-04-26 06:38:41,57,34.78369937889966,35.3314320293961,True
245,4,2019-04-26 05:38:41,58,34.78714940698853,35.335002798711955,True
245,4,2019-04-26 04:38:41,59,34.7924927158515,35.34054952969175,True
245,4,2019-04-26 03:38:41,60,34.79752659791586,35.34764650467268,True
245,4,2019-04-26 02:38:41,61,34.7998891378689,35.3546722996466,True
245,4,2019-04-26 01:38:41,62,34.80365140413074,35.36678957705148,True
245,4,2019-04-26 00:38:41,63,34.80712246294918,35.37866470380477,True
245,4,2019-04-25 23:38:41,64,34.81287942926069,35.389112641271346,True
245,4,2019-04-25 22:38:41,65,34.817863850822114,35.39919386674043,True
245,4,2019-04-25 21:38:41,66,34.82326086056991,35.41225732646723,True
245,4,2019-04-25 20:38:41,67,34.831901282834764,35.42442679826106,True
245,4,2019-04-25 19:38:41,68,34.83992093188478,35.436951163683396,True
245,4,2019-04-25 18:38:41,69,34.85107612294206,35.44644274319279,True
245,4,2019-04-25 17:38:41,70,34.86240593949473,35.45309336240827,True
245,4,2019-04-25 16:38:41,71,34.8745945480644,35.4607687028883,True
245,4,2019-04-25 15:38:41,72,34.88908506509528,35.46696009239196,True
245,5,2019-04-28 15:38:41,0,34.600251,34.898287,True
245,5,2019-04-28 14:38:41,1,34.60008994050802,34.90355612539853,True
245,5,2019-04-28 13:38:41,2,34.59780050304748,34.90561507069205,True
245,5,2019-04-28 12:38:41,3,34.59574037133259,34.90997213993763,True
245,5,2019-04-28 11:38:41,4,34.59588975939966,34.916594998733714,True
245,5,2019-04-28 10:38:41,5,34.5972048237205,34.920061614809526,True
245,5,2019-04-28 09:38:41,6,34.59980756280102,34.92628166544667,True
245,5,2019-04-28 08:38:41,7,34.60231073670659,34.93271101204012,True
245,5,2019-04-28 07:38:41,8,34.605111673849976,34.9351660516497,True
245,5,2019-04-28 06:38:41,9,34.60686827255881,34.9434029227564,True
245,5,2019-04-28 05:38:41,10,34.61067317850516,34.95010027540181,True
245,5,2019-04-28 04:38:41,11,34.614740332128854,34.953178123801855,True
245,5,2019-04-28 03:38:41,12,34.61932874783518,34.954979274492636,True
245,5,2019-04-28 02:38:41,13,34.623098194254624,34.9577788768507,True
245,5,2019-04-28 01:38:41,14,34.62871718839811,34.961123887623216,True
245,5,2019-04-28 00:38:41,15,34.630034346581255,34.96148449877055,True
245,5,2019-04-27 23:38:41,16,34.631846917790334,34.96226284642141,True
245,5,2019-04-27 22:38:41,17,34.632973859039275,34.96094008007968,True
245,5,2019-04-27 21:38:41,18,34.63340963622769,34.96135491506017,True
245,5,2019-04-27 20:38:41,19,34.63576278140704,34.9635111842714,True
245,5,2019-04-27 19:38:41,20,34.63603389426287,34.9669943885916,True
245,5,2019-04-27 18:38:41,21,34.6366341615442,34.96924790985502,True
245,5,2019-04-27 17:38:41,22,34.63684853427981,34.97141700627935,True
245,5,2019-04-27 16:38:41,23,34.63609321553739,34.977331084814715,True
245,5,2019-04-27 15:38:41,24,34.63659141627427,34.98600779271468,True
245,5,2019-04-27 14:38:41,25,34.634399911211496,34.99654355901825,True
245,5,2019-04-27 13:38:41,26,34.63518299629189,35.00687599394985,True
245,5,2019-04-27 12:38:41,27,34.635037505239644,35.015953241560936,True
245,5,2019-04-27 11:38:41,28,34.63654984663843,35.02657891234215,True
245,5,2019-04-27 10:38:41,29,34.639498788774134,35.03642632835186,True
245,5,2019-04-27 09:38:41,30,34.64057075890247,35.04762323815299,True
245,5,2019-04-27 08:38:41,31,34.645602328718105,35.05815343690474,True
245,5,2019-04-27 07:38:41,32,34.652362944014605,35.0666785825759,True
245,5,2019-04-27 06:38:41,33,34.658405545416294,35.072982185977416,True
245,5,2019-04-27 05:38:41,34,34.66276617533001,35.07962814071783,True
245,5,2019-04-27 04:38:41,35,34.66549834407125,35.082654720052474,True
245,5,2019-04-27 03:38:41,36,34.66878111005952,35.08828511929541,True
245,5,2019-04-27 02:38:41,37,34.6709825011512,35.09171228971317,True
245,5,2019-04-27 01:38:41,38,34.670548831062085,35.097904929053286,True
245,5,2019-04-27 00:38:41,39,34.669157901300224,35.103972717161646,True
245,5,2019-04-26 23:38:41,40,34.666350609011246,35.11324479923068,True
245,5,2019-04-26 22:38:41,41,34.66554482855777,35.12344524844642,True
245,5,2019-04-26 21:38:41,42,34.66690574948021,35.133666169031486,True
245,5,2019-04-26 20:38:41,43,34.66526787056024,35.144346712624305,True
245,5,2019-04-26 19:38:41,44,34.66608660101695,35.15540889078104,True
245,5,2019-04-26 18:38:41,45,34.66951345528197,35.16698789519736,True
245,5,2019-04-26 17:38:41,46,34.67258827639928,35.17862907765372,True
245,5,2019-04-26 16:38:41,47,34.67775199665101,35.190933503873275,True
245,5,2019-04-26 15:38:41,48,34.68034258391104,35.201641533127656,True
245,5,2019-04-26 14:38:41,49,34.68540428194623,35.21515672826635,True
245,5,2019-04-26 13:38:41,50,34.690790860208324,35.22936097337676,True
245,5,2019-04-26 12:38:41,51,34.695819400649576,35.2389214940252,True
245,5,2019-04-26 11:38:41,52,34.70211812922384,35.24756124608618,True
245,5,2019-04-26 10:38:41,53,34.70785825728964,35.255509921563416,True
245,5,2019-04-26 09:38:41,54,34.714150791583066,35.26436127226106,True
245,5,2019-04-26 08:38:41,55,34.71862945875773,35.27368076493555,True
245,5,2019-04-26 07:38:41,56,34.72455299977168,35.284926536090055,True
245,5,2019-04-26 06:38:41,57,34.72765941608462,35.29398882316366,True
245,5,2019-04-26 05:38:41,58,34.73144480667974,35.30187783369819,True
245,5,2019-04-26 04:38:41,59,34.73496557569094,35.31161216534201,True
245,5,2019-04-26 03:38:41,60,34.73667426539664,35.321776943621565,True
245,5,2019-04-26 02:38:41,61,34.73977075793743,35.330156980800254,True
245,5,2019-04-26 01:38:41,62,34.74290586439562,35.34159434067696,True
245,5,2019-04-26 00:38:41,63,34.74578829193081,35.350569071297386,True
245,5,2019-04-25 23:38:41,64,34.748688117006424,35.36402954834827,True
245,5,2019-04-25 22:38:41,65,34.753625264741835,35.376883448983584,True
245,5,2019-04-25 21:38:41,66,34.75785330743193,35.38902587581775,True
245,5,2019-04-25 20:38:41,67,34.765726879599676,35.40173966178032,True
245,5,2019-04-25 19:38:41,68,34.77365874317278,35.414494581591114,True
245,5,2019-04-25 18:38:41,69,34.77993439946245,35.4265519235635,True
245,5,2019-04-25 17:38:41,70,34.78985431484955,35.437051508049834,True
245,5,2019-04-25 16:38:41,71,34.79890915473454,35.44855339096196,True
245,5,2019-04-25 15:38:41,72,34.81100889626825,35.459428219576935,True
295,0,2019-04-28 15:38:41,0,34.595808,34.898287,True
295,0,2019-04-28 14:38:41,1,34.59469354140953,34.90213422165935,True
295,0,2019-04-28 13:38:41,2,34.593752676880136,34.905892724018265,True
295,0,2019-04-28 12:38:41,3,34.594398881986606,34.91154515911968,True
295,0,2019-04-28 11:38:41,4,34.59533346656269,34.91915294052836,True
295,0,2019-04-28 10:38:41,5,34.59726258938623,34.92652481536194,True
295,0,2019-04-28 09:38:41,6,34.59992211786977,34.935111645763286,True
295,0,2019-04-28 08:38:41,7,34.603245066848025,34.94352022421682,True
295,0,2019-04-28 07:38:41,8,34.60553411176281,34.95405066130713,True
295,0,2019-04-28 06:38:41,9,34.60935055867106,34.96208681644494,True
295,0,2019-04-28 05:38:41,10,34.61388141774915,34.968087334383945,True
295,0,2019-04-28 04:38:41,11,34.61917439477229,34.97265147651416,True
295,0,2019-04-28 03:38:41,12,34.62245318887507,34.975275038514816,True
295,0,2019-04-28 02:38:41,13,34.62835295055232,34.982689185340774,True
295,0,2019-04-28 01:38:41,14,34.62979483888752,34.98452736531045,True
295,0,2019-04-28 00:38:41,15,34.63492203734719,34.986797638832265,True
295,0,2019-04-27 23:38:41,16,34.63793140004772,34.98896823662896,True
295,0,2019-04-27 22:38:41,17,34.6413056772325,34.99270067155237,True
295,0,2019-04-27 21:38:41,18,34.642468870508274,34.99586582500483,True
295,0,2019-04-27 20:38:41,19,34.64335383440307,34.99784340335596,True
295,0,2019-04-27 19:38:41,20,34.64581209115405,35.00222043906855,True
295,0,2019-04-27 18:38:41,21,34.6447634928197,35.01003488964685,True
295,0,2019-04-27 17:38:41,22,34.645865878665106,35.01849445238833,True
295,0,2019-04-27 16:38:41,23,34.6446157209696,35.0286691716017,True
295,0,2019-04-27 15:38:41,24,34.643823287801915,35.03839392693023,True
295,0,2019-04-27 14:38:41,25,34.64367378412096,35.05020614795823,True
295,0,2019-04-27 13:38:41,26,34.64162563235559,35.06113855786708,True
295,0,2019-04-27 12:38:41,27,34.642315116905706,35.07669211720781,True
295,0,2019-04-27 11:38:41,28,34.64448395532454,35.091200975434184,True
295,0,2019-04-27 10:38:41,29,34.64910742131401,35.10706581191202,True
295,0,2019-04-27 09:38:41,30,34.65252216100337,35.12215020069349,True
295,0,2019-04-27 08:38:41,31,34.658781217406506,35.136319028441186,True
295,0,2019-04-27 07:38:41,32,34.66374266553728,35.14987128953746,True
295,0,2019-04-27 06:38:41,33,34.672409136860814,35.15886740745311,True
295,0,2019-04-27 05:38:41,34,34.67741433719167,35.168974380820615,True
295,0,2019-04-27 04:38:41,35,34.6812828980552,35.177098930034454,True
295,0,2019-04-27 03:38:41,36,34.68559849777149,35.18666365480744,True
295,0,2019-04-27 02:38:41,37,34.688934610531135,35.1946718075244,True
295,0,2019-04-27 01:38:41,38,34.68953798073648,35.20415108374404,True
295,0,2019-04-27 00:38:41,39,34.69012478034178,35.21101498529004,True
295,0,2019-04-26 23:38:41,40,34.68958007299083,35.22112433632727,True
295,0,2019-04-26 22:38:41,41,34.690206332658505,35.2327628430105,True
295,0,2019-04-26 21:38:41,42,34.69089271523994,35.24957230887707,True
295,0,2019-04-26 20:38:41,43,34.69391657054,35.26720587447803,True
295,0,2019-04-26 19:38:41,44,34.69917510915185,35.28292900737366,True
295,0,2019-04-26 18:38:41,45,34.69937126687337,35.30210869446082,True
295,0,2019-04-26 17:38:41,46,34.70642418655458,35.32268622215218,True
295,0,2019-04-26 16:38:41,47,34.711077720712545,35.34153128589749,True
295,0,2019-04-26 15:38:41,48,34.717052217887826,35.3572915948687,True
295,0,2019-04-26 14:38:41,49,34.72679664050083,35.373348430403816,True
295,0,2019-04-26 13:38:41,50,34.73777190255672,35.386220226219805,True
295,0,2019-04-26 12:38:41,51,34.75099021701494,35.40009748012649,True
295,0,2019-04-26 11:38:41,52,34.760980560464496,35.41220001842982,True
295,0,2019-04-26 10:38:41,53,34.77183566842217,35.421958117818875,True
295,0,2019-04-26 09:38:41,54,34.78478154933799,35.43186557855049,True
295,0,2019-04-26 08:38:41,55,34.7924957062987,35.441018708858614,True
295,0,2019-04-26 07:38:41,56,34.802152024864114,35.44994593131207,True
295,0,2019-04-26 06:38:41,57,34.80654569259607,35.45934068578862,True
295,0,2019-04-26 05:38:41,58,34.81170914674109,35.46742976038149,True
295,0,2019-04-26 04:38:41,59,34.817336766247514,35.47733322215221,True
295,0,2019-04-26 03:38:41,60,34.820437354112194,35.48696197646978,True
295,0,2019-04-26 02:38:41,61,34.82536261217325,35.49533364822879,True
295,0,2019-04-26 01:38:41,62,34.831495868410244,35.503227117383425,True
295,0,2019-04-26 00:38:41,63,34.83797791438579,35.51101383462728,True
295,0,2019-04-25 23:38:41,64,34.84657449056721,35.5196144191519,True
295,0,2019-04-25 22:38:41,65,34.852861192018935,35.528757311758135,True
295,0,2019-04-25 21:38:41,66,34.859216661366595,35.5402799812004,True
295,0,2019-04-25 20:38:41,67,34.868559547472096,35.548677809479024,True
295,0,2019-04-25 19:38:41,68,34.87650821542114,35.557848530762655,True
295,0,2019-04-25 18:38:41,69,34.884266854210274,35.56560388358308,True
295,0,2019-04-25 17:38:41,70,34.89348204135395,35.572619330276126,True
295,0,2019-04-25 16:38:41,71,34.90244287520297,35.57995707447175,True
295,0,2019-04-25 15:38:41,72,34.91202797126301,35.58886689024218,True
295,1,2019-04-28 15:38:41,0,34.595808,34.898287,True
295,1,2019-04-28 14:38:41,1,34.597135797003205,34.90175927202174,True
295,1,2019-04-28 13:38:41,2,34.59542454861274,34.90519413724529,True
295,1,2019-04-28 12:38:41,3,34.59348633486463,34.91221656857317,True
295,1,2019-04-28 11:38:41,4,34.59432190397682,34.91749050134631,True
295,1,2019-04-28 10:38:41,5,34.59629522000835,34.92369228891347,True
295,1,2019-04-28 09:38:41,6,34.597107510028096,34.93137169379396,True
295,1,2019-04-28 08:38:41,7,34.59893519511601,34.937595620211674,True
295,1,2019-04-28 07:38:41,8,34.60493544973722,34.943816033402676,True
295,1,2019-04-28 06:38:41,9,34.607927485626085,34.951743860542365,True
295,1,2019-04-28 05:38:41,10,34.613301891356016,34.95408593913408,True
295,1,2019-04-28 04:38:41,11,34.61730038876379,34.958237984089024,True
295,1,2019-04-28 03:38:41,12,34.62185728642773,34.961800492992474,True
295,1,2019-04-28 02:38:41,13,34.62520807616827,34.963278517903326,True
295,1,2019-04-28 01:38:41,14,34.62740104463635,34.96765435473468,True
295,1,2019-04-28 00:38:41,15,34.63031234152924,34.970728253478455,True
295,1,2019-04-27 23:38:41,16,34.634866366987346,34.97388629554927,True
295,1,2019-04-27 22:38:41,17,34.635330925248546,34.97800152247959,True
295,1,2019-04-27 21:38:41,18,34.637679959760014,34.979031169073,True
295,1,2019-04-27 20:38:41,19,34.638949191301776,34.98520435049457,True
295,1,2019-04-27 19:38:41,20,34.639693740304196,34.988528013306826,True
295,1,2019-04-27 18:38:41,21,34.64275432588486,34.99420269339904,True
295,1,2019-04-27 17:38:41,22,34.64057716219242,35.001278249139,True
295,1,2019-04-27 16:38:41,23,34.63972116840974,35.00789645214413,True
295,1,2019-04-27 15:38:41,24,34.63874361606261,35.016999248610716,True
295,1,2019-04-27 14:38:41,25,34.637286501571126,35.030378517241026,True
295,1,2019-04-27 13:38:41,26,34.63852866676834,35.04115362800629,True
295,1,2019-04-27 12:38:41,27,34.638109025079515,35.05317738087092,True
295,1,2019-04-27 11:38:41,28,34.639626005149886,35.06414686351486,True
295,1,2019-04-27 10:38:41,29,34.644314000042634,35.079604885646496,True
295,1,2019-04-27 09:38:41,30,34.64721330107538,35.09113795287158,True
295,1,2019-04-27 08:38:41,31,34.65196359705677,35.10565644452352,True
295,1,2019-04-27 07:38:41,32,34.65782620641391,35.11780129801191,True
295,1,2019-04-27 06:38:41,33,34.66102088038854,35.12444492600446,True
295,1,2019-04-27 05:38:41,34,34.66504027149246,35.13144231601357,True
295,1,2019-04-27 04:38:41,35,34.66963548574026,35.13702996528271,True
295,1,2019-04-27 03:38:41,36,34.67569384134405,35.14446601586881,True
295,1,2019-04-27 02:38:41,37,34.678710443728,35.15073267613142,True
295,1,2019-04-27 01:38:41,38,34.67929544590893,35.159596823951865,True
295,1,2019-04-27 00:38:41,39,34.67968424432665,35.16593728799578,True
295,1,2019-04-26 23:38:41,40,34.678782782689225,35.17695122855519,True
295,1,2019-04-26 22:38:41,41,34.680029425062074,35.18894498654695,True
295,1,2019-04-26 21:38:41,42,34.67875436488737,35.2012843388753,True
295,1,2019-04-26 20:38:41,43,34.677753161687114,35.21824593012545,True
295,1,2019-04-26 19:38:41,44,34.678397758985426,35.23132154943898,True
295,1,2019-04-26 18:38:41,45,34.67748664316299,35.24667094403952,True
295,1,2019-04-26 17:38:41,46,34.67933119385482,35.260631495984036,True
295,1,2019-04-26 16:38:41,47,34.684405359540044,35.27599376617188,True
295,1,2019-04-26 15:38:41,48,34.689382675833585,35.29278749041081,True
295,1,2019-04-26 14:38:41,49,34.69592795343371,35.306893237109904,True
295,1,2019-04-26 13:38:41,50,34.7030795011053,35.32535098040989,True
295,1,2019-04-26 12:38:41,51,34.713799615251226,35.34211979397869,True
295,1,2019-04-26 11:38:41,52,34.72368397140435,35.35305262178958,True
295,1,2019-04-26 10:38:41,53,34.7320231157696,35.364390491062025,True
295,1,2019-04-26 09:38:41,54,34.74063093345541,35.374557720701894,True
295,1,2019-04-26 08:38:41,55,34.750277732158956,35.3825089175063,True
295,1,2019-04-26 07:38:41,56,34.75917555040253,35.39282415599762,True
295,1,2019-04-26 06:38:41,57,34.76801815671702,35.40149230571647,True
295,1,2019-04-26 05:38:41,58,34.77490063316926,35.41058972747933,True
295,1,2019-04-26 04:38:41,59,34.7805731179581,35.42181746795953,True
295,1,2019-04-26 03:38:41,60,34.78345914189732,35.431322618356106,True
295,1,2019-04-26 02:38:41,61,34.78829689091428,35.441562626963396,True
295,1,2019-04-26 01:38:41,62,34.792863545727485,35.451988927012586,True
295,1,2019-04-26 00:38:41,63,34.79945984256685,35.463961809675105,True
295,1,2019-04-25 23:38:41,64,34.80240400761921,35.47652072554313,True
295,1,2019-04-25 22:38:41,65,34.80800309039325,35.48545325522442,True
295,1,2019-04-25 21:38:41,66,34.812966795183215,35.49788738646425,True
295,1,2019-04-25 20:38:41,67,34.8177994970616,35.50943456950048,True
295,1,2019-04-25 19:38:41,68,34.825990655805604,35.519786258588084,True
295,1,2019-04-25 18:38:41,69,34.83483804241951,35.52792659194019,True
295,1,2019-04-25 17:38:41,70,34.844552117124564,35.53693051677496,True
295,1,2019-04-25 16:38:41,71,34.85545528284593,35.54847768634584,True
295,1,2019-04-25 15:38:41,72,34.86558406604151,35.557593572047146,True
295,2,2019-04-28 15:38:41,0,34.595808,34.898287,True
295,2,2019-04-28 14:38:41,1,34.59561503697983,34.901538436007755,True
295,2,2019-04-28 13:38:41,2,34.59475633663169,34.907151146938766,True
295,2,2019-04-28 12:38:41,3,34.59277284002058,34.91258890553719,True
295,2,2019-04-28 11:38:41,4,34.59243085193594,34.91824296821407,True
295,2,2019-04-28 10:38:41,5,34.59386288515156,34.92624267425375,True
295,2,2019-04-28 09:38:41,6,34.59530510513467,34.93316339541267,True
295,2,2019-04-28 08:38:41,7,34.596723453824474,34.93989093133306,True
295,2,2019-04-28 07:38:41,8,34.59960538651761,34.94471505131619,True
295,2,2019-04-28 06:38:41,9,34.6010985503365,34.95217822879898,True
295,2,2019-04-28 05:38:41,10,34.605540933250644,34.956004869837116,True
295,2,2019-04-28 04:38:41,11,34.611480949119105,34.95877679708836,True
295,2,2019-04-28 03:38:41,12,34.61586745560082,34.965483699978414,True
295,2,2019-04-28 02:38:41,13,34.61893813493129,34.96832316578404,True
295,2,2019-04-28 01:38:41,14,34.62344463520138,34.968420228675086,True
295,2,2019-04-28 00:38:41,15,34.62761296638249,34.971084110797435,True
295,2,2019-04-27 23:38:41,16,34.63224877835318,34.97401145803712,True
295,2,2019-04-27 22:38:41,17,34.63534536503834,34.977731241939864,True
295,2,2019-04-27 21:38:41,18,34.63798963506941,34.979223038457754,True
295,2,2019-04-27 20:38:41,19,34.63694407046959,34.9839387880524,True
295,2,2019-04-27 19:38:41,20,34.636578778248435,34.99070087588445,True
295,2,2019-04-27 18:38:41,21,34.63718404110792,34.99708788315935,True
295,2,2019-04-27 17:38:41,22,34.63718928446403,35.00340577509692,True
295,2,2019-04-27 16:38:41,23,34.63684190968404,35.0107352682402,True
295,2,2019-04-27 15:38:41,24,34.63802952620623,35.02301290626506,True
295,2,2019-04-27 14:38:41,25,34.637395723470014,35.03269477850875,True
295,2,2019-04-27 13:38:41,26,34.63937853557327,35.04764328229916,True
295,2,2019-04-27 12:38:41,27,34.639710014342995,35.0638575574988,True
295,2,2019-04-27 11:38:41,28,34.642297565505196,35.07864456943137,True
295,2,2019-04-27 10:38:41,29,34.647399151540235,35.09539470428375,True
295,2,2019-04-27 09:38:41,30,34.6525200074349,35.11284257664123,True
295,2,2019-04-27 08:38:41,31,34.65845819086081,35.12703281131997,True
295,2,2019-04-27 07:38:41,32,34.66088215997317,35.13938358025625,True
295,2,2019-04-27 06:38:41,33,34.66659086624626,35.15331881570906,True
295,2,2019-04-27 05:38:41,34,34.673295973661894,35.16364101276759,True
295,2,2019-04-27 04:38:41,35,34.677629024974124,35.17269670396187,True
295,2,2019-04-27 03:38:41,36,34.67916548126164,35.18129311918472,True
295,2,2019-04-27 02:38:41,37,34.68270651972198,35.189718597364305,True
295,2,2019-04-27 01:38:41,38,34.68289953565233,35.200085818308956,True
295,2,2019-04-27 00:38:41,39,34.68105512323377,35.21022247852357,True
295,2,2019-04-26 23:38:41,40,34.67877687169626,35.2218522964823,True
295,2,2019-04-26 22:38:41,41,34.67763488640055,35.23312485164073,True
295,2,2019-04-26 21:38:41,42,34.67614912143277,35.24407230780249,True
295,2,2019-04-26 20:38:41,43,34.67554556672258,35.25933145532025,True
295,2,2019-04-26 19:38:41,44,34.673378414729704,35.27578896639036,True
295,2,2019-04-26 18:38:41,45,34.67592703723651,35.292208748149434,True
295,2,2019-04-26 17:38:41,46,34.677885671534476,35.30535541912347,True
295,2,2019-04-26 16:38:41,47,34.6805676727821,35.31973342676995,True
295,2,2019-04-26 15:38:41,48,34.68541970367327,35.33244432510323,True
295,2,2019-04-26 14:38:41,49,34.69073398952286,35.34596441772774,True
295,2,2019-04-26 13:38:41,50,34.698247438857685,35.3609993787783,True
295,2,2019-04-26 12:38:41,51,34.70272046720221,35.37334030069844,True
295,2,2019-04-26 11:38:41,52,34.71063114116768,35.386899191600875,True
295,2,2019-04-26 10:38:41,53,34.71802148539142,35.39549493366142,True
295,2,2019-04-26 09:38:41,54,34.72451379604179,35.40192705752499,True
295,2,2019-04-26 08:38:41,55,34.732283058545356,35.41199105887373,True
295,2,2019-04-26 07:38:41,56,34.73636136112492,35.41847115613365,True
295,2,2019-04-26 06:38:41,57,34.74295716432663,35.4270758835496,True
295,2,2019-04-26 05:38:41,58,34.7487302653346,35.436229356345486,True
295,2,2019-04-26 04:38:41,59,34.75256009145705,35.444151970254154,True
295,2,2019-04-26 03:38:41,60,34.756539757413854,35.45262208843735,True
295,2,2019-04-26 02:38:41,61,34.764222467997,35.46087150393872,True
295,2,2019-04-26 01:38:41,62,34.77055570710856,35.47241853227116,True
295,2,2019-04-26 00:38:41,63,34.776149825093505,35.48213868522193,True
295,2,2019-04-25 23:38:41,64,34.782382106341984,35.4936395981756,True
295,2,2019-04-25 22:38:41,65,34.78839084621185,35.50159771767945,True
295,2,2019-04-25 21:38:41,66,34.79493864336361,35.513342190604476,True
295,2,2019-04-25 20:38:41,67,34.7995830415934,35.52191305694182,True
295,2,2019-04-25 19:38:41,68,34.80654355512843,35.526246254101004,True
295,2,2019-04-25 18:38:41,69,34.812556501372946,35.53174385974013,True
295,2,2019-04-25 17:38:41,70,34.816291644499806,35.54019089928992,True
295,2,2019-04-25 16:38:41,71,34.824263049623816,35.55237449209713,True
295,2,2019-04-25 15:38:41,72,34.83221894519388,35.55996921978695,True
295,3,2019-04-28 15:38:41,0,34.595808,34.898287,True
295,3,2019-04-28 14:38:41,1,34.59435545284937,34.90280395245587,True
295,3,2019-04-28 13:38:41,2,34.59360495576704,34.9060387714122,True
295,3,2019-04-28 12:38:41,3,34.59189914028419,34.9120852996865,True
295,3,2019-04-28 11:38:41,4,34.59249032270623,34.915727650768346,True
295,3,2019-04-28 10:38:41,5,34.59544061730778,34.92152575493956,True
295,3,2019-04-28 09:38:41,6,34.60057223811726,34.92428150951141,True
295,3,2019-04-28 08:38:41,7,34.604321006011055,34.92838339438074,True
295,3,2019-04-28 07:38:41,8,34.60640062582208,34.93649915538882,True
295,3,2019-04-28 06:38:41,9,34.61065803622922,34.9418903347969,True
295,3,2019-04-28 05:38:41,10,34.61343940829049,34.946570194930906,True
295,3,2019-04-28 04:38:41,11,34.61586536804055,34.95044605086992,True
295,3,2019-04-28 03:38:41,12,34.62029740357211,34.95370107758244,True
295,3,2019-04-28 02:38:41,13,34.62449109198277,34.95856475651129,True
295,3,2019-04-28 01:38:41,14,34.62697114567519,34.96167026570548,True
295,3,2019-04-28 00:38:41,15,34.62954423068681,34.96464621026977,True
295,3,2019-04-27 23:38:41,16,34.63190557614454,34.96923641326373,True
295,3,2019-04-27 22:38:41,17,34.63333387990391,34.972556501484206,True
295,3,2019-04-27 21:38:41,18,34.63549902567799,34.97593468322698,True
295,3,2019-04-27 20:38:41,19,34.63534414819703,34.98121418668531,True
295,3,2019-04-27 19:38:41,20,34.63562256325252,34.98540498461076,True
295,3,2019-04-27 18:38:41,21,34.63715470490034,34.99292157109007,True
295,3,2019-04-27 17:38:41,22,34.636843553925885,35.00028131662205,True
295,3,2019-04-27 16:38:41,23,34.63681432176467,35.00908675285615,True
295,3,2019-04-27 15:38:41,24,34.635678421849136,35.018900380386,True
295,3,2019-04-27 14:38:41,25,34.63403799203237,35.03005560475315,True
295,3,2019-04-27 13:38:41,26,34.633149113842954,35.04232344423095,True
295,3,2019-04-27 12:38:41,27,34.632435124771085,35.05438843755964,True
295,3,2019-04-27 11:38:41,28,34.632866080826254,35.06779705019996,True
295,3,2019-04-27 10:38:41,29,34.636181259487024,35.08130852006834,True
295,3,2019-04-27 09:38:41,30,34.63871536875992,35.095037977634426,True
295,3,2019-04-27 08:38:41,31,34.64305605391341,35.10789643634533,True
295,3,2019-04-27 07:38:41,32,34.64727542150593,35.11742370852084,True
295,3,2019-04-27 06:38:41,33,34.6507748964431,35.12567440990508,True
295,3,2019-04-27 05:38:41,34,34.65839478133623,35.134478602784746,True
295,3,2019-04-27 04:38:41,35,34.66293785069464,35.142110321135135,True
295,3,2019-04-27 03:38:41,36,34.66824327677032,35.15002847981541,True
295,3,2019-04-27 02:38:41,37,34.67250074539257,35.15635048702893,True
295,3,2019-04-27 01:38:41,38,34.674804011657756,35.165320155012566,True
295,3,2019-04-27 00:38:41,39,34.67716651093433,35.17165228334538,True
295,3,2019-04-26 23:38:41,40,34.67726668709037,35.18244341658445,True
295,3,2019-04-26 22:38:41,41,34.67803515740675,35.19337473205611,True
295,3,2019-04-26 21:38:41,42,34.679764376973736,35.204974374997065,True
295,3,2019-04-26 20:38:41,43,34.68125106097196,35.217788636735335,True
295,3,2019-04-26 19:38:41,44,34.68591695430062,35.23277538552399,True
295,3,2019-04-26 18:38:41,45,34.6890146441576,35.248071312004804,True
295,3,2019-04-26 17:38:41,46,34.69478779838722,35.26355358055188,True
295,3,2019-04-26 16:38:41,47,34.70184604261489,35.27782717211597,True
295,3,2019-04-26 15:38:41,48,34.70912586154446,35.29414058624545,True
295,3,2019-04-26 14:38:41,49,34.71877909290606,35.310472012548125,True
295,3,2019-04-26 13:38:41,50,34.729673553689224,35.32108295845482,True
295,3,2019-04-26 12:38:41,51,34.73838956900689,35.33147405150261,True
295,3,2019-04-26 11:38:41,52,34.750341337689505,35.34354842060866,True
295,3,2019-04-26 10:38:41,53,34.76180333542071,35.35278353759323,True
295,3,2019-04-26 09:38:41,54,34.77313824055997,35.35901393211181,True
295,3,2019-04-26 08:38:41,55,34.781390328424884,35.36800428750015,True
295,3,2019-04-26 07:38:41,56,34.79057506289896,35.37207150808892,True
295,3,2019-04-26 06:38:41,57,34.7992313968721,35.3813009832391,True
295,3,2019-04-26 05:38:41,58,34.80733534353529,35.38731053040691,True
295,3,2019-04-26 04:38:41,59,34.8119535055953,35.391199346691906,True
295,3,2019-04-26 03:38:41,60,34.81704672800374,35.39733443813769,True
295,3,2019-04-26 02:38:41,61,34.82179169785204,35.4046995171359,True
295,3,2019-04-26 01:38:41,62,34.82600933999155,35.41461828909772,True
295,3,2019-04-26 00:38:41,63,34.83367830748382,35.42099274452884,True
295,3,2019-04-25 23:38:41,64,34.83931730506075,35.43112256125108,True
295,3,2019-04-25 22:38:41,65,34.84608260911601,35.440242842184574,True
295,3,2019-04-25 21:38:41,66,34.85284487704813,35.45011839548122,True
295,3,2019-04-25 20:38:41,67,34.86020863349838,35.458336603493514,True
295,3,2019-04-25 19:38:41,68,34.86833609425815,35.46734720331758,True
295,3,2019-04-25 18:38:41,69,34.880062793406644,35.47564515224181,True
295,3,2019-04-25 17:38:41,70,34.89163924250093,35.484757502976485,True
295,3,2019-04-25 16:38:41,71,34.90402831081963,35.49086307554826,True
295,3,2019-04-25 15:38:41,72,34.916365867233104,35.49741924609553,True
295,4,2019-04-28 15:38:41,0,34.595808,34.898287,True
295,4,2019-04-28 14:38:41,1,34.5941724147224,34.89869718251566,True
295,4,2019-04-28 13:38:41,2,34.5950380613492,34.903312924577875,True
295,4,2019-04-28 12:38:41,3,34.59548705933195,34.908558568918686,True
295,4,2019-04-28 11:38:41,4,34.594963466641616,34.91084274637414,True
295,4,2019-04-28 10:38:41,5,34.5961343353523,34.916713869841175,True
295,4,2019-04-28 09:38:41,6,34.59662002628055,34.92615696622315,True
295,4,2019-04-28 08:38:41,7,34.59820887977724,34.93398180186337,True
295,4,2019-04-28 07:38:41,8,34.60171107820906,34.941122219689284,True
295,4,2019-04-28 06:38:41,9,34.605815804414206,34.94772664577364,True
295,4,2019-04-28 05:38:41,10,34.60854666657356,34.95250249146157,True
295,4,2019-04-28 04:38:41,11,34.61441832109571,34.953244172163856,True
295,4,2019-04-28 03:38:41,12,34.618448449285445,34.95864855358591,True
295,4,2019-04-28 02:38:41,13,34.62319260832975,34.962638388694046,True
295,4,2019-04-28 01:38:41,14,34.62715746698355,34.96256567814544,True
295,4,2019-04-28 00:38:41,15,34.629198365625015,34.962438962779984,True
295,4,2019-04-27 23:38:41,16,34.63099341966648,34.96038805024944,True
295,4,2019-04-27 22:38:41,17,34.63123459795906,34.96239167110482,True
295,4,2019-04-27 21:38:41,18,34.633476273554095,34.96678054725068,True
295,4,2019-04-27 20:38:41,19,34.6341162900579,34.96682632701024,True
295,4,2019-04-27 19:38:41,20,34.63480523045377,34.97312978175637,True
295,4,2019-04-27 18:38:41,21,34.63405139383718,34.97523616946182,True
295,4,2019-04-27 17:38:41,22,34.632676412666164,34.981697510596234,True
295,4,2019-04-27 16:38:41,23,34.63344632828015,34.986142349846055,True
295,4,2019-04-27 15:38:41,24,34.63385571117226,34.99394972788771,True
295,4,2019-04-27 14:38:41,25,34.63166186090293,35.00529105259885,True
295,4,2019-04-27 13:38:41,26,34.63226371013517,35.01782768188646,True
295,4,2019-04-27 12:38:41,27,34.63446300497836,35.026296173411026,True
295,4,2019-04-27 11:38:41,28,34.6356421023309,35.037531192765385,True
295,4,2019-04-27 10:38:41,29,34.64037499436205,35.04876128050436,True
295,4,2019-04-27 09:38:41,30,34.64308236174504,35.05819770609023,True
295,4,2019-04-27 08:38:41,31,34.64779896406295,35.06691092295119,True
295,4,2019-04-27 07:38:41,32,34.65232641910441,35.07544561931347,True
295,4,2019-04-27 06:38:41,33,34.65874547465738,35.08415033085448,True
295,4,2019-04-27 05:38:41,34,34.66488235006846,35.08841827288882,True
295,4,2019-04-27 04:38:41,35,34.66793096660433,35.092833712577765,True
295,4,2019-04-27 03:38:41,36,34.672503760989954,35.09587008811158,True
295,4,2019-04-27 02:38:41,37,34.67367289762188,35.103216506608945,True
295,4,2019-04-27 01:38:41,38,34.67457563067377,35.11112728047371,True
295,4,2019-04-27 00:38:41,39,34.67365652305157,35.12065987831044,True
295,4,2019-04-26 23:38:41,40,34.67520553799535,35.12847796461821,True
295,4,2019-04-26 22:38:41,41,34.67559515420946,35.1388955240407,True
295,4,2019-04-26 21:38:41,42,34.67523040322888,35.15046743365469,True
295,4,2019-04-26 20:38:41,43,34.67529329102537,35.1612602786053,True
295,4,2019-04-26 19:38:41,44,34.676178745340394,35.17275949055567,True
295,4,2019-04-26 18:38:41,45,34.67786474642098,35.183982664491666,True
295,4,2019-04-26 17:38:41,46,34.68244791155575,35.1936861533529,True
295,4,2019-04-26 16:38:41,47,34.68933697634661,35.20628829088434,True
295,4,2019-04-26 15:38:41,48,34.694783334123336,35.22178074050861,True
295,4,2019-04-26 14:38:41,49,34.702478293938995,35.23125019668004,True
295,4,2019-04-26 13:38:41,50,34.710370147773624,35.24286479284637,True
295,4,2019-04-26 12:38:41,51,34.71613536579806,35.25232579691928,True
295,4,2019-04-26 11:38:41,52,34.72417623453358,35.26125855442714,True
295,4,2019-04-26 10:38:41,53,34.733834848811775,35.270202981624664,True
295,4,2019-04-26 09:38:41,54,34.73959964616867,35.2759211467147,True
295,4,2019-04-26 08:38:41,55,34.74565993015706,35.28138744545637,True
295,4,2019-04-26 07:38:41,56,34.75029369847176,35.287429352988426,True
295,4,2019-04-26 06:38:41,57,34.755180653858595,35.29298515570114,True
295,4,2019-04-26 05:38:41,58,34.75735046412612,35.29926781876575,True
295,4,2019-04-26 04:38:41,59,34.75836450459631,35.3103881971464,True
295,4,2019-04-26 03:38:41,60,34.76294112949884,35.31948660272263,True
295,4,2019-04-26 02:38:41,61,34.764566441707956,35.32996837933521,True
295,4,2019-04-26 01:38:41,62,34.768356676698524,35.34361152712575,True
295,4,2019-04-26 00:38:41,63,34.77172561172291,35.35334574730388,True
295,4,2019-04-25 23:38:41,64,34.77323169864408,35.365013105740914,True
295,4,2019-04-25 22:38:41,65,34.77799459788657,35.378856917821395,True
295,4,2019-04-25 21:38:41,66,34.78396342178965,35.3903545628551,True
295,4,2019-04-25 20:38:41,67,34.790777878261395,35.40711529542077,True
295,4,2019-04-25 19:38:41,68,34.79765502869557,35.41906997480803,True
295,4,2019-04-25 18:38:41,69,34.80574724476272,35.43130644608224,True
295,4,2019-04-25 17:38:41,70,34.81638680484323,35.442562248418795,True
295,4,2019-04-25 16:38:41,71,34.827590961626996,35.45435556477572,True
295,4,2019-04-25 15:38:41,72,34.84126412050286,35.46435589376936,True
295,5,2019-04-28 15:38:41,0,34.595808,34.898287,True
295,5,2019-04-28 14:38:41,1,34.59303352107176,34.90274509510732,True
295,5,2019-04-28 13:38:41,2,34.59170464684172,34.90350330314789,True
295,5,2019-04-28 12:38:41,3,34.59261103203654,34.909967325786816,True
295,5,2019-04-28 11:38:41,4,34.59173500363359,34.91497969498168,True
295,5,2019-04-28 10:38:41,5,34.59371651360863,34.92217219076307,True
295,5,2019-04-28 09:38:41,6,34.598269262529364,34.926946966771254,True
295,5,2019-04-28 08:38:41,7,34.60049447225479,34.932882621847256,True
295,5,2019-04-28 07:38:41,8,34.60164517754882,34.937686827850214,True
295,5,2019-04-28 06:38:41,9,34.60251913790845,34.945309472255374,True
295,5,2019-04-28 05:38:41,10,34.60624705743594,34.949135164868075,True
295,5,2019-04-28 04:38:41,11,34.610074887870134,34.95163477426683,True
295,5,2019-04-28 03:38:41,12,34.61394990052796,34.952141053442666,True
295,5,2019-04-28 02:38:41,13,34.61758487498884,34.95361971977205,True
295,5,2019-04-28 01:38:41,14,34.62117745999638,34.95633184542689,True
295,5,2019-04-28 00:38:41,15,34.62574312864895,34.95800654310362,True
295,5,2019-04-27 23:38:41,16,34.62792180987255,34.958613654033,True
295,5,2019-04-27 22:38:41,17,34.63174236095055,34.962672215480886,True
295,5,2019-04-27 21:38:41,18,34.634034139316945,34.9638082405935,True
295,5,2019-04-27 20:38:41,19,34.63528025957644,34.967309585465244,True
295,5,2019-04-27 19:38:41,20,34.63670292764118,34.970762233526955,True
295,5,2019-04-27 18:38:41,21,34.6376916885212,34.97454102174227,True
295,5,2019-04-27 17:38:41,22,34.63333115212171,34.98023727425027,True
295,5,2019-04-27 16:38:41,23,34.63587179483485,34.98665764464493,True
295,5,2019-04-27 15:38:41,24,34.63514262713841,34.99611649312716,True
295,5,2019-04-27 14:38:41,25,34.633676500173316,35.005770889063854,True
295,5,2019-04-27 13:38:41,26,34.63424560075735,35.01585862800061,True
295,5,2019-04-27 12:38:41,27,34.63498324588437,35.026893476138625,True
295,5,2019-04-27 11:38:41,28,34.63700464863336,35.0387705651672,True
295,5,2019-04-27 10:38:41,29,34.64145175284308,35.0508540372125,True
295,5,2019-04-27 09:38:41,30,34.6464755883052,35.06277401774891,True
295,5,2019-04-27 08:38:41,31,34.65172216666807,35.074978659648316,True
295,5,2019-04-27 07:38:41,32,34.65642237295773,35.08428764347992,True
295,5,2019-04-27 06:38:41,33,34.65969211074321,35.09356237962667,True
295,5,2019-04-27 05:38:41,34,34.6644201947058,35.10039940492564,True
295,5,2019-04-27 04:38:41,35,34.671457414085836,35.104430559169735,True
295,5,2019-04-27 03:38:41,36,34.672332947650034,35.10821579526401,True
295,5,2019-04-27 02:38:41,37,34.674287468539305,35.112352865439455,True
295,5,2019-04-27 01:38:41,38,34.67544896520011,35.11665198257602,True
295,5,2019-04-27 00:38:41,39,34.67342100790505,35.12332561238089,True
295,5,2019-04-26 23:38:41,40,34.673466660049264,35.12933863029267,True
295,5,2019-04-26 22:38:41,41,34.67287049035328,35.13646120757006,True
295,5,2019-04-26 21:38:41,42,34.67337997290005,35.14834947967318,True
295,5,2019-04-26 20:38:41,43,34.67372676122431,35.162600621167975,True
295,5,2019-04-26 19:38:41,44,34.67500614877574,35.17458715894064,True
295,5,2019-04-26 18:38:41,45,34.6754047921114,35.190002171127645,True
295,5,2019-04-26 17:38:41,46,34.6760975267618,35.20259923714331,True
295,5,2019-04-26 16:38:41,47,34.681351104645444,35.214848313934816,True
295,5,2019-04-26 15:38:41,48,34.689233833532676,35.22911732921561,True
295,5,2019-04-26 14:38:41,49,34.69258521344906,35.24266300251041,True
295,5,2019-04-26 13:38:41,50,34.69713882788297,35.256020942104534,True
295,5,2019-04-26 12:38:41,51,34.70249922088387,35.267348444020755,True
295,5,2019-04-26 11:38:41,52,34.711249878862745,35.276398638811244,True
295,5,2019-04-26 10:38:41,53,34.719497850613095,35.28804920206955,True
295,5,2019-04-26 09:38:41,54,34.72629934998231,35.296388476912405,True
295,5,2019-04-26 08:38:41,55,34.73347808999672,35.304606051515975,True
295,5,2019-04-26 07:38:41,56,34.737553882922136,35.31380416330902,True
295,5,2019-04-26 06:38:41,57,34.745096092612,35.321099811763595,True
295,5,2019-04-26 05:38:41,58,34.750763428181315,35.330182433793254,True
295,5,2019-04-26 04:38:41,59,34.754710590245026,35.33716258164617,True
295,5,2019-04-26 03:38:41,60,34.757466505978655,35.342783364033075,True
295,5,2019-04-26 02:38:41,61,34.761563929281,35.35266044359775,True
295,5,2019-04-26 01:38:41,62,34.767810474549265,35.364397712635125,True
295,5,2019-04-26 00:38:41,63,34.77279060041367,35.375549227903235,True
295,5,2019-04-25 23:38:41,64,34.77472283491845,35.38599098526071,True
295,5,2019-04-25 22:38:41,65,34.78012446458072,35.398311201460636,True
295,5,2019-04-25 21:38:41,66,34.78520070077827,35.4112427744672,True
295,5,2019-04-25 20:38:41,67,34.79083359942192,35.42359084604853,True
295,5,2019-04-25 19:38:41,68,34.79790255787107,35.436614162878534,True
295,5,2019-04-25 18:38:41,69,34.806631459379496,35.446297122573625,True
295,5,2019-04-25 17:38:41,70,34.818164041906385,35.455777281695504,True
295,5,2019-04-25 16:38:41,71,34.830426757206595,35.46639553768457,True
295,5,2019-04-25 15:38:41,72,34.84409857697886,35.47862183788136,True
33,0,2019-04-28 15:38:41,0,34.630982,34.879154,True
33,0,2019-04-28 14:38:41,1,34.626517732484594,34.88244173746873,True
33,0,2019-04-28 13:38:41,2,34.62296813625996,34.8885268238348,True
33,0,2019-04-28 12:38:41,3,34.62025088527261,34.89237310439586,True
33,0,2019-04-28 11:38:41,4,34.618523288420235,34.89991126967443,True
33,0,2019-04-28 10:38:41,5,34.61911366447264,34.909107189153666,True
33,0,2019-04-28 09:38:41,6,34.62149941991612,34.91659837855457,True
33,0,2019-04-28 08:38:41,7,34.624582709218856,34.922928859747216,True
33,0,2019-04-28 07:38:41,8,34.62962430832326,34.9316152799861,True
33,0,2019-04-28 06:38:41,9,34.63140833283661,34.94061854205267,True
33,0,2019-04-28 05:38:41,10,34.63374216756816,34.94880481172815,True
33,0,2019-04-28 04:38:41,11,34.639293727031124,34.954333349383155,True
33,0,2019-04-28 03:38:41,12,34.64361619211311,34.95926579858452,True
33,0,2019-04-28 02:38:41,13,34.6491963343842,34.963361126297926,True
33,0,2019-04-28 01:38:41,14,34.652408402174586,34.968094422609724,True
33,0,2019-04-28 00:38:41,15,34.65211015457332,34.97034479071301,True
33,0,2019-04-27 23:38:41,16,34.654186401906195,34.97281308141988,True
33,0,2019-04-27 22:38:41,17,34.65577167858426,34.97361622231004,True
33,0,2019-04-27 21:38:41,18,34.6553363105202,34.97575495176891,True
33,0,2019-04-27 20:38:41,19,34.6552620956873,34.9785928037422,True
33,0,2019-04-27 19:38:41,20,34.65271592029965,34.98173880303888,True
33,0,2019-04-27 18:38:41,21,34.65205459940543,34.98719704895952,True
33,0,2019-04-27 17:38:41,22,34.65210660989086,34.99409165632815,True
33,0,2019-04-27 16:38:41,23,34.651025837034986,34.998477603297616,True
33,0,2019-04-27 15:38:41,24,34.650298198957636,35.00717304585218,True
33,0,2019-04-27 14:38:41,25,34.647663741361356,35.01762007074301,True
33,0,2019-04-27 13:38:41,26,34.64767469184798,35.02782180929566,True
33,0,2019-04-27 12:38:41,27,34.648309992137506,35.04376978859078,True
33,0,2019-04-27 11:38:41,28,34.65150615217091,35.05782782175708,True
33,0,2019-04-27 10:38:41,29,34.65428534860981,35.07421788615789,True
33,0,2019-04-27 09:38:41,30,34.65755561757278,35.0887480434314,True
33,0,2019-04-27 08:38:41,31,34.6621076265697,35.10268027609941,True
33,0,2019-04-27 07:38:41,32,34.66757642562711,35.11408449545341,True
33,0,2019-04-27 06:38:41,33,34.67423575924663,35.122364424489945,True
33,0,2019-04-27 05:38:41,34,34.678749977974825,35.13165250060464,True
33,0,2019-04-27 04:38:41,35,34.67967295527969,35.137109321650385,True
33,0,2019-04-27 03:38:41,36,34.6795189428838,35.14717661299353,True
33,0,2019-04-27 02:38:41,37,34.680184069824584,35.15370919534699,True
33,0,2019-04-27 01:38:41,38,34.68150283612967,35.16167617636519,True
33,0,2019-04-27 00:38:41,39,34.681175803574064,35.17466981508525,True
33,0,2019-04-26 23:38:41,40,34.682478433823576,35.185670256143254,True
33,0,2019-04-26 22:38:41,41,34.68214061993221,35.19722810600388,True
33,0,2019-04-26 21:38:41,42,34.681774760092914,35.21268446805874,True
33,0,2019-04-26 20:38:41,43,34.687102256126614,35.229510309934426,True
33,0,2019-04-26 19:38:41,44,34.689898975697346,35.246213308419776,True
33,0,2019-04-26 18:38:41,45,34.69287540834779,35.2659834226333,True
33,0,2019-04-26 17:38:41,46,34.698847443775186,35.28442924577013,True
33,0,2019-04-26 16:38:41,47,34.70387726393195,35.302149907394515,True
33,0,2019-04-26 15:38:41,48,34.709055549525914,35.319402027513306,True
33,0,2019-04-26 14:38:41,49,34.71770702456574,35.33576553621161,True
33,0,2019-04-26 13:38:41,50,34.7269870587327,35.34907005147222,True
33,0,2019-04-26 12:38:41,51,34.73841922514528,35.35942335707069,True
33,0,2019-04-26 11:38:41,52,34.74881778241921,35.37035610870465,True
33,0,2019-04-26 10:38:41,53,34.761564818839716,35.38159296141663,True
33,0,2019-04-26 09:38:41,54,34.76911584443913,35.390526932454065,True
33,0,2019-04-26 08:38:41,55,34.778140230747084,35.39906179502235,True
33,0,2019-04-26 07:38:41,56,34.78544636043555,35.40970446171541,True
33,0,2019-04-26 06:38:41,57,34.793931799208146,35.416998410002364,True
33,0,2019-04-26 05:38:41,58,34.80213412581933,35.42342743211296,True
33,0,2019-04-26 04:38:41,59,34.80718232681831,35.43145330512948,True
33,0,2019-04-26 03:38:41,60,34.81009083347574,35.44212995808349,True
33,0,2019-04-26 02:38:41,61,34.81370424214808,35.45362266856765,True
33,0,2019-04-26 01:38:41,62,34.82022086214219,35.4661178581248,True
33,0,2019-04-26 00:38:41,63,34.826289797099754,35.477824114729685,True
33,0,2019-04-25 23:38:41,64,34.83128144265093,35.489575973661225,True
33,0,2019-04-25 22:38:41,65,34.83929263221797,35.50159484738918,True
33,0,2019-04-25 21:38:41,66,34.845364332282344,35.51445671002738,True
33,0,2019-04-25 20:38:41,67,34.853601495304765,35.52604833232543,True
33,0,2019-04-25 19:38:41,68,34.863273576287895,35.537891223971926,True
33,0,2019-04-25 18:38:41,69,34.871216142446094,35.54720209436779,True
33,0,2019-04-25 17:38:41,70,34.88064340377943,35.55663771635911,True
33,0,2019-04-25 16:38:41,71,34.89084822309307,35.5648280055817,True
33,0,2019-04-25 15:38:41,72,34.901478684541054,35.57191053955791,True
33,1,2019-04-28 15:38:41,0,34.630982,34.879154,True
33,1,2019-04-28 14:38:41,1,34.62856095468614,34.88738454717411,True
33,1,2019-04-28 13:38:41,2,34.62960339773927,34.89305353657696,True
33,1,2019-04-28 12:38:41,3,34.629889231837055,34.89953865984895,True
33,1,2019-04-28 11:38:41,4,34.63101560795284,34.90776264597725,True
33,1,2019-04-28 10:38:41,5,34.63297372943335,34.91584994569497,True
33,1,2019-04-28 09:38:41,6,34.635147783037674,34.92805063243351,True
33,1,2019-04-28 08:38:41,7,34.63821714810018,34.93949556575782,True
33,1,2019-04-28 07:38:41,8,34.64016692692603,34.94730503868471,True
33,1,2019-04-28 06:38:41,9,34.64360316020935,34.95400809526998,True
33,1,2019-04-28 05:38:41,10,34.647286958941145,34.962748091359764,True
33,1,2019-04-28 04:38:41,11,34.65015224837706,34.96819298451157,True
33,1,2019-04-28 03:38:41,12,34.656487324324765,34.97592971700383,True
33,1,2019-04-28 02:38:41,13,34.660633933935145,34.9824019843059,True
33,1,2019-04-28 01:38:41,14,34.66282345057771,34.98712294356817,True
33,1,2019-04-28 00:38:41,15,34.66697859072874,34.992326301781496,True
33,1,2019-04-27 23:38:41,16,34.669113681293226,34.9938586269296,True
33,1,2019-04-27 22:38:41,17,34.66936826978512,34.99872071201396,True
33,1,2019-04-27 21:38:41,18,34.66905142274779,35.006196086803506,True
33,1,2019-04-27 20:38:41,19,34.66879111555558,35.01210202019516,True
33,1,2019-04-27 19:38:41,20,34.667465382815784,35.018664231221365,True
33,1,2019-04-27 18:38:41,21,34.66836668187546,35.02735149159417,True
33,1,2019-04-27 17:38:41,22,34.667055009706644,35.035290303411756,True
33,1,2019-04-27 16:38:41,23,34.66592531940746,35.044192142437176,True
33,1,2019-04-27 15:38:41,24,34.66214418481232,35.05740972939466,True
33,1,2019-04-27 14:38:41,25,34.660661990738156,35.07303397689527,True
33,1,2019-04-27 13:38:41,26,34.6625921797438,35.08740141789544,True
33,1,2019-04-27 12:38:41,27,34.662983847390144,35.10042141350419,True
33,1,2019-04-27 11:38:41,28,34.665794093490916,35.116051693816814,True
33,1,2019-04-27 10:38:41,29,34.66745732491889,35.13208541563953,True
33,1,2019-04-27 09:38:41,30,34.67344163114469,35.148509891503615,True
33,1,2019-04-27 08:38:41,31,34.67953647867761,35.16471069523823,True
33,1,2019-04-27 07:38:41,32,34.68439747857785,35.177676088106764,True
33,1,2019-04-27 06:38:41,33,34.68954478391612,35.190262882696665,True
33,1,2019-04-27 05:38:41,34,34.694573602928045,35.2018194179251,True
33,1,2019-04-27 04:38:41,35,34.69704079624049,35.21460196834381,True
33,1,2019-04-27 03:38:41,36,34.70070009655255,35.225222557786466,True
33,1,2019-04-27 02:38:41,37,34.702900210796834,35.233912703834775,True
33,1,2019-04-27 01:38:41,38,34.70149577543089,35.2416874931602,True
33,1,2019-04-27 00:38:41,39,34.704749590192556,35.251802279428794,True
33,1,2019-04-26 23:38:41,40,34.70401890176467,35.267922992666286,True
33,1,2019-04-26 22:38:41,41,34.70254006613877,35.28299169111638,True
33,1,2019-04-26 21:38:41,42,34.70280437272142,35.295078643602594,True
33,1,2019-04-26 20:38:41,43,34.704552799166585,35.31648394368261,True
33,1,2019-04-26 19:38:41,44,34.708285820077855,35.334880906859894,True
33,1,2019-04-26 18:38:41,45,34.711635157652616,35.35100996652293,True
33,1,2019-04-26 17:38:41,46,34.71648627073179,35.36925877579049,True
33,1,2019-04-26 16:38:41,47,34.72529873163341,35.38597340725546,True
33,1,2019-04-26 15:38:41,48,34.73457967626333,35.40152936020234,True
33,1,2019-04-26 14:38:41,49,34.743555371861625,35.41426263608542,True
33,1,2019-04-26 13:38:41,50,34.754037264700045,35.42587598925732,True
33,1,2019-04-26 12:38:41,51,34.76466586823081,35.437636120093806,True
33,1,2019-04-26 11:38:41,52,34.774934173732056,35.44976241870884,True
33,1,2019-04-26 10:38:41,53,34.7843923337131,35.45927090351472,True
33,1,2019-04-26 09:38:41,54,34.79526497616124,35.46733057734725,True
33,1,2019-04-26 08:38:41,55,34.802991778403886,35.47328041657726,True
33,1,2019-04-26 07:38:41,56,34.8107185446368,35.48200299215453,True
33,1,2019-04-26 06:38:41,57,34.81887952653798,35.4914003676097,True
33,1,2019-04-26 05:38:41,58,34.823383259084295,35.49817967309737,True
33,1,2019-04-26 04:38:41,59,34.828127689724944,35.50697535253352,True
33,1,2019-04-26 03:38:41,60,34.83562053801745,35.51380055307886,True
33,1,2019-04-26 02:38:41,61,34.84187487694174,35.51977245495054,True
33,1,2019-04-26 01:38:41,62,34.84832514837027,35.527287771696706,True
33,1,2019-04-26 00:38:41,63,34.85444983658544,35.53186514637656,True
33,1,2019-04-25 23:38:41,64,34.86284607241896,35.53802830002839,True
33,1,2019-04-25 22:38:41,65,34.87108157083144,35.54324125402329,True
33,1,2019-04-25 21:38:41,66,34.8788759154659,35.549168117037226,True
33,1,2019-04-25 20:38:41,67,34.88655072753303,35.55486171740092,True
33,1,2019-04-25 19:38:41,68,34.89349496232782,35.56022263241169,True
33,1,2019-04-25 18:38:41,69,34.901909760749724,35.56903104771604,True
33,1,2019-04-25 17:38:41,70,34.91141572681966,35.576000223518186,True
33,1,2019-04-25 16:38:41,71,34.9196804732895,35.58017900653116,True
33,1,2019-04-25 15:38:41,72,34.93025824603033,35.58497840126471,True
33,2,2019-04-28 15:38:41,0,34.630982,34.879154,True
33,2,2019-04-28 14:38:41,1,34.62725652696929,34.88492150602241,True
33,2,2019-04-28 13:38:41,2,34.6261579201902,34.890781372831064,True
33,2,2019-04-28 12:38:41,3,34.626968240627384,34.8994821168829,True
33,2,2019-04-28 11:38:41,4,34.62669959005275,34.905738750558136,True
33,2,2019-04-28 10:38:41,5,34.62759707832425,34.912982955663466,True
33,2,2019-04-28 09:38:41,6,34.62822836278844,34.920851968550714,True
33,2,2019-04-28 08:38:41,7,34.62791588377066,34.92904783758784,True
33,2,2019-04-28 07:38:41,8,34.631173807864435,34.93721548137744,True
33,2,2019-04-28 06:38:41,9,34.635857029130314,34.94542747221858,True
33,2,2019-04-28 05:38:41,10,34.64083263848115,34.9508639260308,True
33,2,2019-04-28 04:38:41,11,34.64480892093693,34.95556541381347,True
33,2,2019-04-28 03:38:41,12,34.64976744523127,34.96120301838022,True
33,2,2019-04-28 02:38:41,13,34.65289884903365,34.96233466339547,True
33,2,2019-04-28 01:38:41,14,34.65519837463496,34.9652474158875,True
33,2,2019-04-28 00:38:41,15,34.659993304024184,34.968121412140384,True
33,2,2019-04-27 23:38:41,16,34.66065985297368,34.96900335253757,True
33,2,2019-04-27 22:38:41,17,34.66203639232901,34.969646026816676,True
33,2,2019-04-27 21:38:41,18,34.66162945132213,34.97262758970522,True
33,2,2019-04-27 20:38:41,19,34.65968593057553,34.97587593394829,True
33,2,2019-04-27 19:38:41,20,34.65767613031441,34.98048405797576,True
33,2,2019-04-27 18:38:41,21,34.65505135522077,34.987141366601165,True
33,2,2019-04-27 17:38:41,22,34.65340798846438,34.99425737240113,True
33,2,2019-04-27 16:38:41,23,34.649864536477075,35.00156447426374,True
33,2,2019-04-27 15:38:41,24,34.648948215087856,35.00993490857209,True
33,2,2019-04-27 14:38:41,25,34.64571948552611,35.02080313404017,True
33,2,2019-04-27 13:38:41,26,34.64573407564149,35.03520322885748,True
33,2,2019-04-27 12:38:41,27,34.644474700144336,35.04697521048985,True
33,2,2019-04-27 11:38:41,28,34.646893442701945,35.06271251405,True
33,2,2019-04-27 10:38:41,29,34.6518586185896,35.07695993638104,True
33,2,2019-04-27 09:38:41,30,34.65450693673881,35.09148741280272,True
33,2,2019-04-27 08:38:41,31,34.661374285973686,35.10258408899808,True
33,2,2019-04-27 07:38:41,32,34.66628160025179,35.11505125809966,True
33,2,2019-04-27 06:38:41,33,34.670376694870555,35.12201356226166,True
33,2,2019-04-27 05:38:41,34,34.67344101025825,35.13450773008537,True
33,2,2019-04-27 04:38:41,35,34.67844534002824,35.143605137785045,True
33,2,2019-04-27 03:38:41,36,34.67984447404615,35.15235073675106,True
33,2,2019-04-27 02:38:41,37,34.68231947785805,35.160668485331584,True
33,2,2019-04-27 01:38:41,38,34.682712264170604,35.16993525601227,True
33,2,2019-04-27 00:38:41,39,34.68057675775038,35.18045770895324,True
33,2,2019-04-26 23:38:41,40,34.6778799080649,35.19451898749525,True
33,2,2019-04-26 22:38:41,41,34.677194715471686,35.20726189334915,True
33,2,2019-04-26 21:38:41,42,34.675774244102705,35.219244717540114,True
33,2,2019-04-26 20:38:41,43,34.67671051694717,35.23258761871398,True
33,2,2019-04-26 19:38:41,44,34.67609033748716,35.24661380114852,True
33,2,2019-04-26 18:38:41,45,34.67773071648071,35.264988675800225,True
33,2,2019-04-26 17:38:41,46,34.679256321572105,35.278715571205936,True
33,2,2019-04-26 16:38:41,47,34.685444275140696,35.29506671480875,True
33,2,2019-04-26 15:38:41,48,34.68938483308762,35.311621259134604,True
33,2,2019-04-26 14:38:41,49,34.697704153013085,35.32382928979861,True
33,2,2019-04-26 13:38:41,50,34.70506468673645,35.33640613771116,True
33,2,2019-04-26 12:38:41,51,34.71395993884232,35.34840345998715,True
33,2,2019-04-26 11:38:41,52,34.723922292969,35.36064726387118,True
33,2,2019-04-26 10:38:41,53,34.73126509225011,35.37197034899327,True
33,2,2019-04-26 09:38:41,54,34.74123695758743,35.382054745375335,True
33,2,2019-04-26 08:38:41,55,34.74692782668217,35.39145800726577,True
33,2,2019-04-26 07:38:41,56,34.753315645514284,35.40185560176132,True
33,2,2019-04-26 06:38:41,57,34.75776474656599,35.411057443722925,True
33,2,2019-04-26 05:38:41,58,34.76018096757421,35.420954262215204,True
33,2,2019-04-26 04:38:41,59,34.7641333550706,35.43062855386347,True
33,2,2019-04-26 03:38:41,60,34.76964949728406,35.441762279655336,True
33,2,2019-04-26 02:38:41,61,34.77488533035517,35.44940800790656,True
33,2,2019-04-26 01:38:41,62,34.776451721788064,35.4568973572582,True
33,2,2019-04-26 00:38:41,63,34.784757003948826,35.464603624380224,True
33,2,2019-04-25 23:38:41,64,34.79114267244217,35.476832011271625,True
33,2,2019-04-25 22:38:41,65,34.79592382181462,35.48550510853622,True
33,2,2019-04-25 21:38:41,66,34.80120210903367,35.49292111734303,True
33,2,2019-04-25 20:38:41,67,34.80866768355461,35.50441868637358,True
33,2,2019-04-25 19:38:41,68,34.81523958588077,35.51315364851364,True
33,2,2019-04-25 18:38:41,69,34.82087113878116,35.520986412623536,True
33,2,2019-04-25 17:38:41,70,34.829002859597054,35.530948968210446,True
33,2,2019-04-25 16:38:41,71,34.83817079816039,35.53851741402409,True
33,2,2019-04-25 15:38:41,72,34.84476466272718,35.54846292798029,True
33,3,2019-04-28 15:38:41,0,34.630982,34.879154,True
33,3,2019-04-28 14:38:41,1,34.63113231001386,34.88426108913584,True
33,3,2019-04-28 13:38:41,2,34.63112989109331,34.888358883447395,True
33,3,2019-04-28 12:38:41,3,34.630428675121664,34.89568440227107,True
33,3,2019-04-28 11:38:41,4,34.63157394290881,34.90111584886564,True
33,3,2019-04-28 10:38:41,5,34.63057317996386,34.90750135208002,True
33,3,2019-04-28 09:38:41,6,34.63206518916761,34.91502523176354,True
33,3,2019-04-28 08:38:41,7,34.636011203164216,34.92037433786176,True
33,3,2019-04-28 07:38:41,8,34.6405893898315,34.92975815033225,True
33,3,2019-04-28 06:38:41,9,34.643413576726076,34.93821012655336,True
33,3,2019-04-28 05:38:41,10,34.64755461811133,34.94751399208956,True
33,3,2019-04-28 04:38:41,11,34.65166935220655,34.95191792173345,True
33,3,2019-04-28 03:38:41,12,34.65362184046185,34.95727284039421,True
33,3,2019-04-28 02:38:41,13,34.656633703535064,34.96202499961253,True
33,3,2019-04-28 01:38:41,14,34.65987844556033,34.96540033194783,True
33,3,2019-04-28 00:38:41,15,34.661759947170616,34.969889998147266,True
33,3,2019-04-27 23:38:41,16,34.6629972976284,34.971661033599865,True
33,3,2019-04-27 22:38:41,17,34.66313144745345,34.97748066551625,True
33,3,2019-04-27 21:38:41,18,34.66068439075162,34.98103359071478,True
33,3,2019-04-27 20:38:41,19,34.660141922398964,34.98486160151089,True
33,3,2019-04-27 19:38:41,20,34.65819426883676,34.987258330591686,True
33,3,2019-04-27 18:38:41,21,34.65816908205832,34.9948709942349,True
33,3,2019-04-27 17:38:41,22,34.657920730825104,35.00433721716024,True
33,3,2019-04-27 16:38:41,23,34.654147258283366,35.01364851107985,True
33,3,2019-04-27 15:38:41,24,34.65235610634894,35.02301924314537,True
33,3,2019-04-27 14:38:41,25,34.65061357401459,35.03556388068572,True
33,3,2019-04-27 13:38:41,26,34.649583415726276,35.04826368087489,True
33,3,2019-04-27 12:38:41,27,34.652194617640845,35.060428857251566,True
33,3,2019-04-27 11:38:41,28,34.654301843346886,35.07537230296007,True
33,3,2019-04-27 10:38:41,29,34.656453607921364,35.08950134765389,True
33,3,2019-04-27 09:38:41,30,34.66093038312174,35.104753208459115,True
33,3,2019-04-27 08:38:41,31,34.66565893005156,35.11785904322298,True
33,3,2019-04-27 07:38:41,32,34.67102457136789,35.128147875879336,True
33,3,2019-04-27 06:38:41,33,34.67735281593221,35.1361782799162,True
33,3,2019-04-27 05:38:41,34,34.68312400848632,35.14245479396837,True
33,3,2019-04-27 04:38:41,35,34.68820346588554,35.14778692847691,True
33,3,2019-04-27 03:38:41,36,34.68964368645708,35.154581461460744,True
33,3,2019-04-27 02:38:41,37,34.692943573697384,35.15813356736684,True
33,3,2019-04-27 01:38:41,38,34.69445824926647,35.16485559831075,True
33,3,2019-04-27 00:38:41,39,34.694088128545616,35.174589827512285,True
33,3,2019-04-26 23:38:41,40,34.697354346210965,35.184949453342234,True
33,3,2019-04-26 22:38:41,41,34.69625598664333,35.19528176988238,True
33,3,2019-04-26 21:38:41,42,34.69746668816307,35.20826933026981,True
33,3,2019-04-26 20:38:41,43,34.69924339820093,35.22208866771925,True
33,3,2019-04-26 19:38:41,44,34.70136975219767,35.23792552887626,True
33,3,2019-04-26 18:38:41,45,34.702844155710764,35.25484347391209,True
33,3,2019-04-26 17:38:41,46,34.71054089776733,35.27169026126873,True
33,3,2019-04-26 16:38:41,47,34.717092305254205,35.28782789068175,True
33,3,2019-04-26 15:38:41,48,34.72556481916836,35.30368185555211,True
33,3,2019-04-26 14:38:41,49,34.735050315940484,35.31643512268434,True
33,3,2019-04-26 13:38:41,50,34.743724873351084,35.32847067171468,True
33,3,2019-04-26 12:38:41,51,34.75605772275197,35.33786616097645,True
33,3,2019-04-26 11:38:41,52,34.766957760785004,35.349407355109676,True
33,3,2019-04-26 10:38:41,53,34.779851259505904,35.35864526639857,True
33,3,2019-04-26 09:38:41,54,34.78954247763372,35.36696697362396,True
33,3,2019-04-26 08:38:41,55,34.80134921669639,35.37252855420951,True
33,3,2019-04-26 07:38:41,56,34.80896802922512,35.377972443395784,True
33,3,2019-04-26 06:38:41,57,34.81922368343021,35.38553837227034,True
33,3,2019-04-26 05:38:41,58,34.82672556291622,35.39040132536073,True
33,3,2019-04-26 04:38:41,59,34.8313695573313,35.3982560051845,True
33,3,2019-04-26 03:38:41,60,34.837713549321926,35.404387710170056,True
33,3,2019-04-26 02:38:41,61,34.84440159186569,35.40876577499164,True
33,3,2019-04-26 01:38:41,62,34.851479241991164,35.4158007936809,True
33,3,2019-04-26 00:38:41,63,34.85601583663791,35.42335021705319,True
33,3,2019-04-25 23:38:41,64,34.86248717750791,35.43038968136329,True
33,3,2019-04-25 22:38:41,65,34.86688672745379,35.44291738121186,True
33,3,2019-04-25 21:38:41,66,34.87288405955343,35.453500293097505,True
33,3,2019-04-25 20:38:41,67,34.88384484299424,35.461623304890566,True
33,3,2019-04-25 19:38:41,68,34.89716636771219,35.466515665939745,True
33,3,2019-04-25 18:38:41,69,34.909088976717406,35.47209789659783,True
33,3,2019-04-25 17:38:41,70,34.92231612034509,35.477527709979455,True
33,3,2019-04-25 16:38:41,71,34.93732954722414,35.483846755476016,True
33,3,2019-04-25 15:38:41,72,34.951617193766374,35.48754986531631,True
33,4,2019-04-28 15:38:41,0,34.630982,34.879154,True
33,4,2019-04-28 14:38:41,1,34.62851890893315,34.885950213685334,True
33,4,2019-04-28 13:38:41,2,34.625975289308855,34.89248545129597,True
33,4,2019-04-28 12:38:41,3,34.625107241067994,34.89777201320335,True
33,4,2019-04-28 11:38:41,4,34.62458899252429,34.90514711163588,True
33,4,2019-04-28 10:38:41,5,34.62179439378609,34.91126089040398,True
33,4,2019-04-28 09:38:41,6,34.62227624452629,34.916337208777534,True
33,4,2019-04-28 08:38:41,7,34.62478524547195,34.92467467563482,True
33,4,2019-04-28 07:38:41,8,34.62608997996962,34.928938936745425,True
33,4,2019-04-28 06:38:41,9,34.627289112278675,34.93332410199857,True
33,4,2019-04-28 05:38:41,10,34.630874047126085,34.93851483603186,True
33,4,2019-04-28 04:38:41,11,34.633585082812395,34.94532177960267,True
33,4,2019-04-28 03:38:41,12,34.638549128940284,34.94902848548096,True
33,4,2019-04-28 02:38:41,13,34.64264946407943,34.95003627408594,True
33,4,2019-04-28 01:38:41,14,34.64563597924314,34.95088158368256,True
33,4,2019-04-28 00:38:41,15,34.64709382627948,34.95456257302999,True
33,4,2019-04-27 23:38:41,16,34.64986338521122,34.95508252325565,True
33,4,2019-04-27 22:38:41,17,34.6493811523095,34.95701125676324,True
33,4,2019-04-27 21:38:41,18,34.64883739762268,34.956591698639166,True
33,4,2019-04-27 20:38:41,19,34.64553048186097,34.95799810434261,True
33,4,2019-04-27 19:38:41,20,34.64453250972366,34.9600223146904,True
33,4,2019-04-27 18:38:41,21,34.642698873667385,34.96282351019409,True
33,4,2019-04-27 17:38:41,22,34.642311884968926,34.96819004032604,True
33,4,2019-04-27 16:38:41,23,34.64091342592069,34.97249010105059,True
33,4,2019-04-27 15:38:41,24,34.64110469725683,34.98100943606664,True
33,4,2019-04-27 14:38:41,25,34.64084500864403,34.98927577380769,True
33,4,2019-04-27 13:38:41,26,34.64163108968898,35.00065624363213,True
33,4,2019-04-27 12:38:41,27,34.64204906946137,35.0119048566836,True
33,4,2019-04-27 11:38:41,28,34.6442019320032,35.02295277100177,True
33,4,2019-04-27 10:38:41,29,34.64729690800231,35.0365490094724,True
33,4,2019-04-27 09:38:41,30,34.65255825106045,35.04813010912396,True
33,4,2019-04-27 08:38:41,31,34.6569263838716,35.05889546949583,True
33,4,2019-04-27 07:38:41,32,34.662075578351704,35.069904344196445,True
33,4,2019-04-27 06:38:41,33,34.6680830375477,35.075865454877324,True
33,4,2019-04-27 05:38:41,34,34.67230649423089,35.08198991742162,True
33,4,2019-04-27 04:38:41,35,34.67614906270975,35.0882425250257,True
33,4,2019-04-27 03:38:41,36,34.67771669225144,35.09049962619607,True
33,4,2019-04-27 02:38:41,37,34.67948463711867,35.09412589608542,True
33,4,2019-04-27 01:38:41,38,34.681103096925334,35.09968023052817,True
33,4,2019-04-27 00:38:41,39,34.68168547802444,35.10269696669295,True
33,4,2019-04-26 23:38:41,40,34.68006197720513,35.107235025188785,True
33,4,2019-04-26 22:38:41,41,34.68091632031986,35.115601483266495,True
33,4,2019-04-26 21:38:41,42,34.6814392067476,35.12715795087029,True
33,4,2019-04-26 20:38:41,43,34.685575101798406,35.13728595632851,True
33,4,2019-04-26 19:38:41,44,34.68699242066068,35.15028543167172,True
33,4,2019-04-26 18:38:41,45,34.690146048932654,35.16525734001753,True
33,4,2019-04-26 17:38:41,46,34.69384635395898,35.177876268500015,True
33,4,2019-04-26 16:38:41,47,34.69931276747559,35.18767215713839,True
33,4,2019-04-26 15:38:41,48,34.70578041136994,35.198600812140775,True
33,4,2019-04-26 14:38:41,49,34.712352112205984,35.20823447869737,True
33,4,2019-04-26 13:38:41,50,34.72064700877164,35.21844674310685,True
33,4,2019-04-26 12:38:41,51,34.727926709147475,35.22819373394005,True
33,4,2019-04-26 11:38:41,52,34.737798641877276,35.234166582696204,True
33,4,2019-04-26 10:38:41,53,34.745210939972154,35.239039579778364,True
33,4,2019-04-26 09:38:41,54,34.7527728897694,35.244974176423526,True
33,4,2019-04-26 08:38:41,55,34.75610373023612,35.250641552795166,True
33,4,2019-04-26 07:38:41,56,34.75983299093962,35.254841858292686,True
33,4,2019-04-26 06:38:41,57,34.76360546199244,35.26126107135795,True
33,4,2019-04-26 05:38:41,58,34.76379599220183,35.266760198593815,True
33,4,2019-04-26 04:38:41,59,34.76593625743953,35.272828888431306,True
33,4,2019-04-26 03:38:41,60,34.76643609134872,35.27972089628262,True
33,4,2019-04-26 02:38:41,61,34.76923173333973,35.28825421300628,True
33,4,2019-04-26 01:38:41,62,34.770388670088856,35.30181587796263,True
33,4,2019-04-26 00:38:41,63,34.774148132584486,35.31358972807684,True
33,4,2019-04-25 23:38:41,64,34.77665119874869,35.32415972665488,True
33,4,2019-04-25 22:38:41,65,34.781752580588105,35.33587722214291,True
33,4,2019-04-25 21:38:41,66,34.78783948365643,35.35066211842112,True
33,4,2019-04-25 20:38:41,67,34.79129855005909,35.36320526144621,True
33,4,2019-04-25 19:38:41,68,34.79795391876753,35.37515050159002,True
33,4,2019-04-25 18:38:41,69,34.80715691364395,35.38790896868424,True
33,4,2019-04-25 17:38:41,70,34.8152394028899,35.39727451475026,True
33,4,2019-04-25 16:38:41,71,34.82586560761689,35.40478021656618,True
33,4,2019-04-25 15:38:41,72,34.83843691505393,35.41311962678908,True
33,5,2019-04-28 15:38:41,0,34.630982,34.879154,True
33,5,2019-04-28 14:38:41,1,34.62678089892903,34.88030968566743,True
33,5,2019-04-28 13:38:41,2,34.62505139791641,34.885203466384645,True
33,5,2019-04-28 12:38:41,3,34.62253314314606,34.889128399317094,True
33,5,2019-04-28 11:38:41,4,34.622416959154215,34.89610078295941,True
33,5,2019-04-28 10:38:41,5,34.6222240595598,34.90148324085307,True
33,5,2019-04-28 09:38:41,6,34.62503722988754,34.90845072545704,True
33,5,2019-04-28 08:38:41,7,34.62658484753609,34.917232765080406,True
33,5,2019-04-28 07:38:41,8,34.62720484350809,34.92594350409347,True
33,5,2019-04-28 06:38:41,9,34.62962243336649,34.92906977529078,True
33,5,2019-04-28 05:38:41,10,34.63071039755505,34.93510086831859,True
33,5,2019-04-28 04:38:41,11,34.633876933334825,34.938145283504305,True
33,5,2019-04-28 03:38:41,12,34.6372598661391,34.9431552484178,True
33,5,2019-04-28 02:38:41,13,34.639857173053336,34.943339299738646,True
33,5,2019-04-28 01:38:41,14,34.643400183210844,34.94424172529873,True
33,5,2019-04-28 00:38:41,15,34.646224356296564,34.941340525093075,True
33,5,2019-04-27 23:38:41,16,34.647443836755095,34.94495745415475,True
33,5,2019-04-27 22:38:41,17,34.64969767679023,34.94849873952043,True
33,5,2019-04-27 21:38:41,18,34.6490352608689,34.94984583363023,True
33,5,2019-04-27 20:38:41,19,34.64935615578678,34.94884117317429,True
33,5,2019-04-27 19:38:41,20,34.64934764941327,34.95333633380021,True
33,5,2019-04-27 18:38:41,21,34.64958989871296,34.9552478851463,True
33,5,2019-04-27 17:38:41,22,34.64872772993215,34.9579635446801,True
33,5,2019-04-27 16:38:41,23,34.64833417645107,34.96365439572606,True
33,5,2019-04-27 15:38:41,24,34.64724459386009,34.97010947006118,True
33,5,2019-04-27 14:38:41,25,34.645448664491546,34.97732426168894,True
33,5,2019-04-27 13:38:41,26,34.64560601605666,34.98725668087077,True
33,5,2019-04-27 12:38:41,27,34.646364712720164,34.99606272463943,True
33,5,2019-04-27 11:38:41,28,34.64822538359735,35.007185790865755,True
33,5,2019-04-27 10:38:41,29,34.64978907112012,35.01804713675495,True
33,5,2019-04-27 09:38:41,30,34.65303454080834,35.02935804775846,True
33,5,2019-04-27 08:38:41,31,34.656039764358496,35.04124869999508,True
33,5,2019-04-27 07:38:41,32,34.66072789553684,35.05034894406695,True
33,5,2019-04-27 06:38:41,33,34.6633844467759,35.05592359801037,True
33,5,2019-04-27 05:38:41,34,34.667493196408515,35.06255754692172,True
33,5,2019-04-27 04:38:41,35,34.671039317891605,35.06827508840885,True
33,5,2019-04-27 03:38:41,36,34.67487356545375,35.07082877067899,True
33,5,2019-04-27 02:38:41,37,34.67607259067183,35.07554040467992,True
33,5,2019-04-27 01:38:41,38,34.676213571839654,35.07914970582426,True
33,5,2019-04-27 00:38:41,39,34.67755367754551,35.087838016754155,True
33,5,2019-04-26 23:38:41,40,34.67712871529865,35.095697563558836,True
33,5,2019-04-26 22:38:41,41,34.676366612196915,35.103999832865036,True
33,5,2019-04-26 21:38:41,42,34.67642766703386,35.11655437943397,True
33,5,2019-04-26 20:38:41,43,34.67842184838949,35.126649617334444,True
33,5,2019-04-26 19:38:41,44,34.67856253648191,35.14092793563933,True
33,5,2019-04-26 18:38:41,45,34.67984356180116,35.153896687241435,True
33,5,2019-04-26 17:38:41,46,34.68217002440043,35.168062252042056,True
33,5,2019-04-26 16:38:41,47,34.68652921007562,35.18133004829891,True
33,5,2019-04-26 15:38:41,48,34.69075096597816,35.1924760813036,True
33,5,2019-04-26 14:38:41,49,34.69353331025345,35.205968452800086,True
33,5,2019-04-26 13:38:41,50,34.699419268122334,35.21967895648623,True
33,5,2019-04-26 12:38:41,51,34.70394225830406,35.22890869764466,True
33,5,2019-04-26 11:38:41,52,34.71261941338008,35.234689431768295,True
33,5,2019-04-26 10:38:41,53,34.71924074431485,35.24176111226934,True
33,5,2019-04-26 09:38:41,54,34.72591182314871,35.2501451194113,True
33,5,2019-04-26 08:38:41,55,34.73040930881946,35.2591396304821,True
33,5,2019-04-26 07:38:41,56,34.73613542170075,35.26692967290163,True
33,5,2019-04-26 06:38:41,57,34.73814504679824,35.27473938894523,True
33,5,2019-04-26 05:38:41,58,34.739893955679506,35.28342833507872,True
33,5,2019-04-26 04:38:41,59,34.741742389203246,35.29026516315728,True
33,5,2019-04-26 03:38:41,60,34.74414129871845,35.29652729562362,True
33,5,2019-04-26 02:38:41,61,34.74515821027459,35.30692873368771,True
33,5,2019-04-26 01:38:41,62,34.74638854909733,35.31449796386784,True
33,5,2019-04-26 00:38:41,63,34.74952542368971,35.32702808705651,True
33,5,2019-04-25 23:38:41,64,34.75026672346331,35.34093321398708,True
33,5,2019-04-25 22:38:41,65,34.75303249590752,35.35430168260931,True
33,5,2019-04-25 21:38:41,66,34.75904798354223,35.3618144439363,True
33,5,2019-04-25 20:38:41,67,34.76427450807501,35.37064396476369,True
33,5,2019-04-25 19:38:41,68,34.77258340293222,35.38577647885188,True
33,5,2019-04-25 18:38:41,69,34.78316417133241,35.397137075454125,True
33,5,2019-04-25 17:38:41,70,34.79337080387362,35.40747673567525,True
33,5,2019-04-25 16:38:41,71,34.80562188383349,35.41746542948464,True
33,5,2019-04-25 15:38:41,72,34.818842391251394,35.42685356144468,True
334,0,2019-04-28 15:38:41,0,34.592846,34.897649,True
334,0,2019-04-28 14:38:41,1,34.59000638335871,34.90025778281078,True
334,0,2019-04-28 13:38:41,2,34.591052976582695,34.90176486379238,True
334,0,2019-04-28 12:38:41,3,34.58940584527048,34.907384167390305,True
334,0,2019-04-28 11:38:41,4,34.58956581527744,34.91419657176798,True
334,0,2019-04-28 10:38:41,5,34.591015161459744,34.92270331804431,True
334,0,2019-04-28 09:38:41,6,34.59456990601178,34.932386530801104,True
334,0,2019-04-28 08:38:41,7,34.59883948811509,34.941335005521246,True
334,0,2019-04-28 07:38:41,8,34.60375524210583,34.948104864771786,True
334,0,2019-04-28 06:38:41,9,34.6094982296936,34.95438201954208,True
334,0,2019-04-28 05:38:41,10,34.61322120050523,34.95943361144494,True
334,0,2019-04-28 04:38:41,11,34.61714721499569,34.96414993125191,True
334,0,2019-04-28 03:38:41,12,34.620317481467204,34.96948720695021,True
334,0,2019-04-28 02:38:41,13,34.62546272570107,34.97347863037722,True
334,0,2019-04-28 01:38:41,14,34.63167472170208,34.97626322825005,True
334,0,2019-04-28 00:38:41,15,34.63423379289895,34.9798222353962,True
334,0,2019-04-27 23:38:41,16,34.638357411778095,34.984840367245674,True
334,0,2019-04-27 22:38:41,17,34.641963817217885,34.98956020477927,True
334,0,2019-04-27 21:38:41,18,34.644125756760836,34.99545825730224,True
334,0,2019-04-27 20:38:41,19,34.64480649331984,35.00030692005433,True
334,0,2019-04-27 19:38:41,20,34.646750113094704,35.003650562656446,True
334,0,2019-04-27 18:38:41,21,34.64786546321796,35.01071979881989,True
334,0,2019-04-27 17:38:41,22,34.64609971695043,35.01702862491292,True
334,0,2019-04-27 16:38:41,23,34.64548413418303,35.024904694216715,True
334,0,2019-04-27 15:38:41,24,34.64800725646997,35.03322039028843,True
334,0,2019-04-27 14:38:41,25,34.64620517563567,35.04518106954476,True
334,0,2019-04-27 13:38:41,26,34.646520401503594,35.05767222147912,True
334,0,2019-04-27 12:38:41,27,34.645536982089205,35.075002810846144,True
334,0,2019-04-27 11:38:41,28,34.64751575350538,35.088107178465336,True
334,0,2019-04-27 10:38:41,29,34.65015855615269,35.104114844753575,True
334,0,2019-04-27 09:38:41,30,34.65702443187001,35.121206129013295,True
334,0,2019-04-27 08:38:41,31,34.66341407385272,35.134065237587656,True
334,0,2019-04-27 07:38:41,32,34.670195284806894,35.14191782149448,True
334,0,2019-04-27 06:38:41,33,34.67496867639829,35.15009799814405,True
334,0,2019-04-27 05:38:41,34,34.679042584917916,35.15839592351521,True
334,0,2019-04-27 04:38:41,35,34.683310528711644,35.166995909120786,True
334,0,2019-04-27 03:38:41,36,34.68469935367465,35.175724138006096,True
334,0,2019-04-27 02:38:41,37,34.68909004929275,35.18330031291434,True
334,0,2019-04-27 01:38:41,38,34.692686133786225,35.1932905350929,True
334,0,2019-04-27 00:38:41,39,34.6930240914246,35.20512458187275,True
334,0,2019-04-26 23:38:41,40,34.69257150541119,35.21571839797555,True
334,0,2019-04-26 22:38:41,41,34.69179501188504,35.22859422314559,True
334,0,2019-04-26 21:38:41,42,34.69341646792411,35.24365858522071,True
334,0,2019-04-26 20:38:41,43,34.694108013414976,35.260154972699965,True
334,0,2019-04-26 19:38:41,44,34.6982923382075,35.2759754889017,True
334,0,2019-04-26 18:38:41,45,34.701065493859026,35.29551765616874,True
334,0,2019-04-26 17:38:41,46,34.70562207623449,35.31522791183642,True
334,0,2019-04-26 16:38:41,47,34.71107234119515,35.335834121401554,True
334,0,2019-04-26 15:38:41,48,34.718053562363934,35.35070959261644,True
334,0,2019-04-26 14:38:41,49,34.727512013543866,35.36743098135466,True
334,0,2019-04-26 13:38:41,50,34.73708510371793,35.38192649581931,True
334,0,2019-04-26 12:38:41,51,34.74832240793506,35.395862301865336,True
334,0,2019-04-26 11:38:41,52,34.75845687389615,35.407324652790244,True
334,0,2019-04-26 10:38:41,53,34.770251038198126,35.41577374730034,True
334,0,2019-04-26 09:38:41,54,34.78025251049588,35.4285577019416,True
334,0,2019-04-26 08:38:41,55,34.789517869311155,35.43551120540617,True
334,0,2019-04-26 07:38:41,56,34.79644060367651,35.44448249227458,True
334,0,2019-04-26 06:38:41,57,34.8018528484642,35.4558313287145,True
334,0,2019-04-26 05:38:41,58,34.809388875588006,35.46633144558438,True
334,0,2019-04-26 04:38:41,59,34.81392003257594,35.473409857899775,True
334,0,2019-04-26 03:38:41,60,34.8170980982868,35.48493427981748,True
334,0,2019-04-26 02:38:41,61,34.82332803610131,35.49706281936267,True
334,0,2019-04-26 01:38:41,62,34.83089513125807,35.5106849495638,True
334,0,2019-04-26 00:38:41,63,34.837066104282286,35.51736468107669,True
334,0,2019-04-25 23:38:41,64,34.84450947404421,35.52587608959056,True
334,0,2019-04-25 22:38:41,65,34.853312531137725,35.53405851384829,True
334,0,2019-04-25 21:38:41,66,34.860366545392324,35.54382181049299,True
334,0,2019-04-25 20:38:41,67,34.869537740787656,35.54924560095046,True
334,0,2019-04-25 19:38:41,68,34.87843047225963,35.55806680575843,True
334,0,2019-04-25 18:38:41,69,34.88620630389846,35.56490008750136,True
334,0,2019-04-25 17:38:41,70,34.89520303458708,35.57286827012255,True
334,0,2019-04-25 16:38:41,71,34.904473198008084,35.58083908639769,True
334,0,2019-04-25 15:38:41,72,34.915161678990735,35.591230165620075,True
334,1,2019-04-28 15:38:41,0,34.592846,34.897649,True
334,1,2019-04-28 14:38:41,1,34.5921843677394,34.901457189253044,True
334,1,2019-04-28 13:38:41,2,34.59027842731392,34.905473060194694,True
334,1,2019-04-28 12:38:41,3,34.59086859883991,34.911213502534615,True
334,1,2019-04-28 11:38:41,4,34.59254781491711,34.915753097713576,True
334,1,2019-04-28 10:38:41,5,34.59277798659717,34.92662325227451,True
334,1,2019-04-28 09:38:41,6,34.59766529611043,34.93765391341116,True
334,1,2019-04-28 08:38:41,7,34.60044745086978,34.94798603087079,True
334,1,2019-04-28 07:38:41,8,34.604983308959596,34.955417697209185,True
334,1,2019-04-28 06:38:41,9,34.609251437611235,34.96219195815482,True
334,1,2019-04-28 05:38:41,10,34.61482973928033,34.97039011913519,True
334,1,2019-04-28 04:38:41,11,34.61791554067168,34.97338724806703,True
334,1,2019-04-28 03:38:41,12,34.62370018063368,34.97973629676364,True
334,1,2019-04-28 02:38:41,13,34.628355575130705,34.981906841373046,True
334,1,2019-04-28 01:38:41,14,34.63234927281092,34.98763343867426,True
334,1,2019-04-28 00:38:41,15,34.63508837736522,34.99570688955717,True
334,1,2019-04-27 23:38:41,16,34.63866873811934,34.99863377334301,True
334,1,2019-04-27 22:38:41,17,34.642345932144984,35.004561745127674,True
334,1,2019-04-27 21:38:41,18,34.6475242698922,35.00940124721111,True
334,1,2019-04-27 20:38:41,19,34.64785198940639,35.01347723448781,True
334,1,2019-04-27 19:38:41,20,34.64649629843129,35.01739602036434,True
334,1,2019-04-27 18:38:41,21,34.646886173990865,35.023295063055514,True
334,1,2019-04-27 17:38:41,22,34.644605191754366,35.03055474055656,True
334,1,2019-04-27 16:38:41,23,34.64385882913509,35.040613348757525,True
334,1,2019-04-27 15:38:41,24,34.64405810135019,35.05064419527988,True
334,1,2019-04-27 14:38:41,25,34.641629331286744,35.06061891298992,True
334,1,2019-04-27 13:38:41,26,34.6405098306371,35.07492092020385,True
334,1,2019-04-27 12:38:41,27,34.637871373559314,35.09115013996159,True
334,1,2019-04-27 11:38:41,28,34.63824750032189,35.10629703839786,True
334,1,2019-04-27 10:38:41,29,34.64211348497848,35.11968464881906,True
334,1,2019-04-27 09:38:41,30,34.64661338955634,35.135191516120294,True
334,1,2019-04-27 08:38:41,31,34.65344222336931,35.149499528469406,True
334,1,2019-04-27 07:38:41,32,34.658718681512205,35.162942737077785,True
334,1,2019-04-27 06:38:41,33,34.66362983551898,35.17464740842842,True
334,1,2019-04-27 05:38:41,34,34.66797635301363,35.18379890913704,True
334,1,2019-04-27 04:38:41,35,34.67129275875035,35.19318779730503,True
334,1,2019-04-27 03:38:41,36,34.677582766554686,35.200693925799,True
334,1,2019-04-27 02:38:41,37,34.6766623084303,35.20788214773235,True
334,1,2019-04-27 01:38:41,38,34.67760132451588,35.21584132095602,True
334,1,2019-04-27 00:38:41,39,34.677823197437334,35.22570672749718,True
334,1,2019-04-26 23:38:41,40,34.678203752602286,35.23871571045265,True
334,1,2019-04-26 22:38:41,41,34.67818222702294,35.253920771295604,True
334,1,2019-04-26 21:38:41,42,34.68111791857858,35.26918084053785,True
334,1,2019-04-26 20:38:41,43,34.68392569511149,35.285010705885306,True
334,1,2019-04-26 19:38:41,44,34.686802263245525,35.302506683944195,True
334,1,2019-04-26 18:38:41,45,34.689991775635605,35.315869259090036,True
334,1,2019-04-26 17:38:41,46,34.69305457686567,35.332549163263785,True
334,1,2019-04-26 16:38:41,47,34.69855526435185,35.34661487866946,True
334,1,2019-04-26 15:38:41,48,34.70266394047734,35.36141270225621,True
334,1,2019-04-26 14:38:41,49,34.71015234635722,35.376019596627415,True
334,1,2019-04-26 13:38:41,50,34.71904506208111,35.39284694394965,True
334,1,2019-04-26 12:38:41,51,34.72933198516499,35.40539545855419,True
334,1,2019-04-26 11:38:41,52,34.73837514736576,35.41403895510868,True
334,1,2019-04-26 10:38:41,53,34.74868990966706,35.423399394587435,True
334,1,2019-04-26 09:38:41,54,34.7589400180971,35.43296680667889,True
334,1,2019-04-26 08:38:41,55,34.76529091766599,35.443615491738385,True
334,1,2019-04-26 07:38:41,56,34.77148765789406,35.450424337476704,True
334,1,2019-04-26 06:38:41,57,34.77764230112087,35.457992754976985,True
334,1,2019-04-26 05:38:41,58,34.785479947051066,35.467720228069226,True
334,1,2019-04-26 04:38:41,59,34.79155508047659,35.47573759729469,True
334,1,2019-04-26 03:38:41,60,34.79734843933225,35.48208663539044,True
334,1,2019-04-26 02:38:41,61,34.80374471304633,35.49249208793691,True
334,1,2019-04-26 01:38:41,62,34.80903347709287,35.50074071942727,True
334,1,2019-04-26 00:38:41,63,34.816332990663724,35.508778936355355,True
334,1,2019-04-25 23:38:41,64,34.82514468691652,35.51895517258953,True
334,1,2019-04-25 22:38:41,65,34.8335073828174,35.527243927020365,True
334,1,2019-04-25 21:38:41,66,34.83931749388223,35.53381674248521,True
334,1,2019-04-25 20:38:41,67,34.846280903903626,35.54162725064531,True
334,1,2019-04-25 19:38:41,68,34.85556260344145,35.54979691196178,True
334,1,2019-04-25 18:38:41,69,34.864170108438806,35.55993216760612,True
334,1,2019-04-25 17:38:41,70,34.8738425936542,35.56680054392025,True
334,1,2019-04-25 16:38:41,71,34.88455854151292,35.573853703368584,True
334,1,2019-04-25 15:38:41,72,34.89734897788356,35.58148487629202,True
334,2,2019-04-28 15:38:41,0,34.592846,34.897649,True
334,2,2019-04-28 14:38:41,1,34.58940987493235,34.902243302096544,True
334,2,2019-04-28 13:38:41,2,34.58960383472915,34.90788363900707,True
334,2,2019-04-28 12:38:41,3,34.59164813657477,34.91013235076225,True
334,2,2019-04-28 11:38:41,4,34.590755251286005,34.915427890793964,True
334,2,2019-04-28 10:38:41,5,34.59233032592591,34.91958951072272,True
334,2,2019-04-28 09:38:41,6,34.59392757664148,34.92918680541963,True
334,2,2019-04-28 08:38:41,7,34.59608536513589,34.94016864870896,True
334,2,2019-04-28 07:38:41,8,34.600435300423946,34.948590062650325,True
334,2,2019-04-28 06:38:41,9,34.605505890273584,34.95615286122791,True
334,2,2019-04-28 05:38:41,10,34.611956401158196,34.96173565179644,True
334,2,2019-04-28 04:38:41,11,34.617122521365204,34.966950741834715,True
334,2,2019-04-28 03:38:41,12,34.621669245974715,34.970672821322886,True
334,2,2019-04-28 02:38:41,13,34.6248995767613,34.97340107971736,True
334,2,2019-04-28 01:38:41,14,34.62760727896299,34.976399505375014,True
334,2,2019-04-28 00:38:41,15,34.63098562615437,34.979001009495256,True
334,2,2019-04-27 23:38:41,16,34.63110323862642,34.98028914293839,True
334,2,2019-04-27 22:38:41,17,34.635071704726684,34.980719674447215,True
334,2,2019-04-27 21:38:41,18,34.63758546124494,34.98350675976692,True
334,2,2019-04-27 20:38:41,19,34.640233853955706,34.98954031133064,True
334,2,2019-04-27 19:38:41,20,34.63957472366359,34.99373288951408,True
334,2,2019-04-27 18:38:41,21,34.63792718357866,35.00074314538929,True
334,2,2019-04-27 17:38:41,22,34.6377753012101,35.009166633098744,True
334,2,2019-04-27 16:38:41,23,34.638957898664316,35.01904785149284,True
334,2,2019-04-27 15:38:41,24,34.638501359075654,35.02886882134676,True
334,2,2019-04-27 14:38:41,25,34.6357975902747,35.04039237770817,True
334,2,2019-04-27 13:38:41,26,34.63876399584189,35.05065875917529,True
334,2,2019-04-27 12:38:41,27,34.63910328955293,35.06395005000331,True
334,2,2019-04-27 11:38:41,28,34.64079109775288,35.07794890743122,True
334,2,2019-04-27 10:38:41,29,34.642783016901475,35.09367083101065,True
334,2,2019-04-27 09:38:41,30,34.64715135214676,35.10685503507009,True
334,2,2019-04-27 08:38:41,31,34.64957173314914,35.121341676526406,True
334,2,2019-04-27 07:38:41,32,34.65235277932989,35.134338414285665,True
334,2,2019-04-27 06:38:41,33,34.65751553230191,35.147609324801564,True
334,2,2019-04-27 05:38:41,34,34.663094060795984,35.157889834246724,True
334,2,2019-04-27 04:38:41,35,34.666129574780534,35.16377507659515,True
334,2,2019-04-27 03:38:41,36,34.670058885550084,35.172527076502234,True
334,2,2019-04-27 02:38:41,37,34.67200212291601,35.18337043967863,True
334,2,2019-04-27 01:38:41,38,34.673715249066824,35.19216761324567,True
334,2,2019-04-27 00:38:41,39,34.67520009725309,35.204190820646915,True
334,2,2019-04-26 23:38:41,40,34.67560369235527,35.21444575690686,True
334,2,2019-04-26 22:38:41,41,34.67631420170754,35.22590776757178,True
334,2,2019-04-26 21:38:41,42,34.676837940757174,35.237146218136665,True
334,2,2019-04-26 20:38:41,43,34.677697563559136,35.25201858646899,True
334,2,2019-04-26 19:38:41,44,34.67608557473921,35.26733704470044,True
334,2,2019-04-26 18:38:41,45,34.67605382250537,35.28422641509937,True
334,2,2019-04-26 17:38:41,46,34.67828567221597,35.29755745583733,True
334,2,2019-04-26 16:38:41,47,34.68486072347975,35.31119951955304,True
334,2,2019-04-26 15:38:41,48,34.69143954240454,35.3315016360042,True
334,2,2019-04-26 14:38:41,49,34.69840858641061,35.344816988243636,True
334,2,2019-04-26 13:38:41,50,34.70503106668683,35.357291382826396,True
334,2,2019-04-26 12:38:41,51,34.71248430220877,35.371762896371486,True
334,2,2019-04-26 11:38:41,52,34.71996747660767,35.385108651295894,True
334,2,2019-04-26 10:38:41,53,34.72925633380821,35.39622571840939,True
334,2,2019-04-26 09:38:41,54,34.738228333851026,35.40652108967873,True
334,2,2019-04-26 08:38:41,55,34.74583719157218,35.41446343050833,True
334,2,2019-04-26 07:38:41,56,34.753729247785806,35.42275204588182,True
334,2,2019-04-26 06:38:41,57,34.76009489482215,35.430716111619724,True
334,2,2019-04-26 05:38:41,58,34.76400610915921,35.44053790394887,True
334,2,2019-04-26 04:38:41,59,34.76680557634731,35.45121253324562,True
334,2,2019-04-26 03:38:41,60,34.77168863396001,35.459591728204494,True
334,2,2019-04-26 02:38:41,61,34.776554622774434,35.4695013410904,True
334,2,2019-04-26 01:38:41,62,34.7815300758703,35.478997945810214,True
334,2,2019-04-26 00:38:41,63,34.78777803359114,35.48695561876214,True
334,2,2019-04-25 23:38:41,64,34.79098436379659,35.49419148310989,True
334,2,2019-04-25 22:38:41,65,34.79628446842486,35.50426016588338,True
334,2,2019-04-25 21:38:41,66,34.802715353447674,35.51503271924465,True
334,2,2019-04-25 20:38:41,67,34.80774560888169,35.523699952490595,True
334,2,2019-04-25 19:38:41,68,34.8132988841783,35.53198802766948,True
334,2,2019-04-25 18:38:41,69,34.82136715726809,35.54073626597168,True
334,2,2019-04-25 17:38:41,70,34.82913851606055,35.54985285179727,True
334,2,2019-04-25 16:38:41,71,34.83545746006088,35.55769856118016,True
334,2,2019-04-25 15:38:41,72,34.84294876674151,35.56508368670752,True
334,3,2019-04-28 15:38:41,0,34.592846,34.897649,True
334,3,2019-04-28 14:38:41,1,34.591987214458676,34.90146090681807,True
334,3,2019-04-28 13:38:41,2,34.59310812501228,34.904241941301045,True
334,3,2019-04-28 12:38:41,3,34.59294359046199,34.909445053980356,True
334,3,2019-04-28 11:38:41,4,34.59092117922235,34.91629404475726,True
334,3,2019-04-28 10:38:41,5,34.591182643287986,34.92388682835246,True
334,3,2019-04-28 09:38:41,6,34.595250456948854,34.9291113182844,True
334,3,2019-04-28 08:38:41,7,34.59724763432445,34.938502333402006,True
334,3,2019-04-28 07:38:41,8,34.60138868168176,34.94439985577434,True
334,3,2019-04-28 06:38:41,9,34.60424823435694,34.948774706116076,True
334,3,2019-04-28 05:38:41,10,34.61028905939395,34.95714626669687,True
334,3,2019-04-28 04:38:41,11,34.61801318787809,34.96350094558187,True
334,3,2019-04-28 03:38:41,12,34.62114250497381,34.968319337903374,True
334,3,2019-04-28 02:38:41,13,34.626541664225975,34.972696657770726,True
334,3,2019-04-28 01:38:41,14,34.629056524688465,34.97637324032571,True
334,3,2019-04-28 00:38:41,15,34.633672742165075,34.97768935144641,True
334,3,2019-04-27 23:38:41,16,34.63499899594685,34.97736873780495,True
334,3,2019-04-27 22:38:41,17,34.63557765246833,34.981050956592256,True
334,3,2019-04-27 21:38:41,18,34.63795603073065,34.985561492561104,True
334,3,2019-04-27 20:38:41,19,34.63732849049884,34.98696236091172,True
334,3,2019-04-27 19:38:41,20,34.63825207800489,34.99229114208143,True
334,3,2019-04-27 18:38:41,21,34.6369691596556,34.99668650632516,True
334,3,2019-04-27 17:38:41,22,34.635677475783346,34.9986820469635,True
334,3,2019-04-27 16:38:41,23,34.63448149209258,35.00677851860938,True
334,3,2019-04-27 15:38:41,24,34.63146288797918,35.01510945346213,True
334,3,2019-04-27 14:38:41,25,34.630870569414,35.02426126658137,True
334,3,2019-04-27 13:38:41,26,34.63285067137472,35.03773937710405,True
334,3,2019-04-27 12:38:41,27,34.63419979308695,35.05188401450231,True
334,3,2019-04-27 11:38:41,28,34.638662181128154,35.06688318102241,True
334,3,2019-04-27 10:38:41,29,34.6408684349514,35.08244689016088,True
334,3,2019-04-27 09:38:41,30,34.6454340375887,35.09851600384824,True
334,3,2019-04-27 08:38:41,31,34.652730171774124,35.11142388823789,True
334,3,2019-04-27 07:38:41,32,34.658006179291704,35.12108422702697,True
334,3,2019-04-27 06:38:41,33,34.663644189852555,35.130652497364345,True
334,3,2019-04-27 05:38:41,34,34.67003066618304,35.13981517723642,True
334,3,2019-04-27 04:38:41,35,34.67308024218109,35.14711251058308,True
334,3,2019-04-27 03:38:41,36,34.67582031535488,35.15271350141586,True
334,3,2019-04-27 02:38:41,37,34.679500363439615,35.157979693181474,True
334,3,2019-04-27 01:38:41,38,34.679456006648834,35.16637257212275,True
334,3,2019-04-27 00:38:41,39,34.67846438760957,35.17457600296115,True
334,3,2019-04-26 23:38:41,40,34.680502358305205,35.18322440817572,True
334,3,2019-04-26 22:38:41,41,34.682219505261514,35.19480337789845,True
334,3,2019-04-26 21:38:41,42,34.68344048510079,35.20595071722761,True
334,3,2019-04-26 20:38:41,43,34.684927285595165,35.2199063127147,True
334,3,2019-04-26 19:38:41,44,34.68599505338251,35.236411482923536,True
334,3,2019-04-26 18:38:41,45,34.68709720094422,35.24968233818659,True
334,3,2019-04-26 17:38:41,46,34.690281215336796,35.26487073449385,True
334,3,2019-04-26 16:38:41,47,34.69645792169987,35.2781201003321,True
334,3,2019-04-26 15:38:41,48,34.7044781968643,35.29284738189853,True
334,3,2019-04-26 14:38:41,49,34.71245408108897,35.30985199180699,True
334,3,2019-04-26 13:38:41,50,34.72328635406396,35.324473956690156,True
334,3,2019-04-26 12:38:41,51,34.73516233758852,35.33637912495662,True
334,3,2019-04-26 11:38:41,52,34.74716648410079,35.34620740410953,True
334,3,2019-04-26 10:38:41,53,34.760176944290336,35.3559573933604,True
334,3,2019-04-26 09:38:41,54,34.774450800649085,35.363879772130616,True
334,3,2019-04-26 08:38:41,55,34.78328529742829,35.37253047188333,True
334,3,2019-04-26 07:38:41,56,34.79521758570211,35.37874349866191,True
334,3,2019-04-26 06:38:41,57,34.80312235516188,35.38547833459774,True
334,3,2019-04-26 05:38:41,58,34.81047148027361,35.39053498964423,True
334,3,2019-04-26 04:38:41,59,34.81701981910171,35.39587724667178,True
334,3,2019-04-26 03:38:41,60,34.81807678430356,35.40224955342472,True
334,3,2019-04-26 02:38:41,61,34.82346894470242,35.410009735562454,True
334,3,2019-04-26 01:38:41,62,34.829134126544545,35.4163488041092,True
334,3,2019-04-26 00:38:41,63,34.833800773088036,35.42702313554973,True
334,3,2019-04-25 23:38:41,64,34.84149348204171,35.43713962854302,True
334,3,2019-04-25 22:38:41,65,34.846455688666694,35.4439204296865,True
334,3,2019-04-25 21:38:41,66,34.85311199107449,35.45800435602842,True
334,3,2019-04-25 20:38:41,67,34.86108013228581,35.46675177653511,True
334,3,2019-04-25 19:38:41,68,34.86960840349537,35.47678254158355,True
334,3,2019-04-25 18:38:41,69,34.879277792241155,35.48468219275272,True
334,3,2019-04-25 17:38:41,70,34.892662194321304,35.49440755896256,True
334,3,2019-04-25 16:38:41,71,34.90598806660212,35.503051644737816,True
334,3,2019-04-25 15:38:41,72,34.920347749511194,35.50949913417554,True
334,4,2019-04-28 15:38:41,0,34.592846,34.897649,True
334,4,2019-04-28 14:38:41,1,34.59105791952515,34.900431959965914,True
334,4,2019-04-28 13:38:41,2,34.59020758205543,34.90604194851574,True
334,4,2019-04-28 12:38:41,3,34.58958602503681,34.914341595691305,True
334,4,2019-04-28 11:38:41,4,34.59022882791721,34.921695661127046,True
334,4,2019-04-28 10:38:41,5,34.58896983111145,34.930898238718804,True
334,4,2019-04-28 09:38:41,6,34.59138613397391,34.938836660715424,True
334,4,2019-04-28 08:38:41,7,34.59523967912406,34.94650978369355,True
334,4,2019-04-28 07:38:41,8,34.597437322039966,34.95174907231613,True
334,4,2019-04-28 06:38:41,9,34.599277463630415,34.957044017082325,True
334,4,2019-04-28 05:38:41,10,34.60385352941113,34.96080040367091,True
334,4,2019-04-28 04:38:41,11,34.60702003028119,34.964145921557176,True
334,4,2019-04-28 03:38:41,12,34.608507943495,34.96436340531977,True
334,4,2019-04-28 02:38:41,13,34.6117753002911,34.96722872183273,True
334,4,2019-04-28 01:38:41,14,34.615228846410396,34.96931462303697,True
334,4,2019-04-28 00:38:41,15,34.61990719588508,34.9700350498635,True
334,4,2019-04-27 23:38:41,16,34.61994684130933,34.97034238046973,True
334,4,2019-04-27 22:38:41,17,34.621230073650544,34.96921297453838,True
334,4,2019-04-27 21:38:41,18,34.62215989557633,34.97161141608846,True
334,4,2019-04-27 20:38:41,19,34.62665771693071,34.9777095267449,True
334,4,2019-04-27 19:38:41,20,34.626382541014166,34.983369277536944,True
334,4,2019-04-27 18:38:41,21,34.6254186754813,34.985880527696644,True
334,4,2019-04-27 17:38:41,22,34.62558883337989,34.989634348655905,True
334,4,2019-04-27 16:38:41,23,34.62411129517169,34.995847864167416,True
334,4,2019-04-27 15:38:41,24,34.622303971635496,35.002616591646515,True
334,4,2019-04-27 14:38:41,25,34.62093535290232,35.01118670243683,True
334,4,2019-04-27 13:38:41,26,34.621624030571915,35.021717437273544,True
334,4,2019-04-27 12:38:41,27,34.623840810304564,35.03134018724742,True
334,4,2019-04-27 11:38:41,28,34.62587417610082,35.0455784465555,True
334,4,2019-04-27 10:38:41,29,34.63075786450141,35.05610440783772,True
334,4,2019-04-27 09:38:41,30,34.63396098656677,35.067356193264715,True
334,4,2019-04-27 08:38:41,31,34.6392988812626,35.074183501580144,True
334,4,2019-04-27 07:38:41,32,34.643145468619295,35.08353909980906,True
334,4,2019-04-27 06:38:41,33,34.648364911371,35.0871604184921,True
334,4,2019-04-27 05:38:41,34,34.653374039965044,35.09268205191336,True
334,4,2019-04-27 04:38:41,35,34.65783380297965,35.09400820080994,True
334,4,2019-04-27 03:38:41,36,34.66378798896328,35.09515452473958,True
334,4,2019-04-27 02:38:41,37,34.665305116111384,35.101884303371364,True
334,4,2019-04-27 01:38:41,38,34.666922781061565,35.10718227055582,True
334,4,2019-04-27 00:38:41,39,34.66610463875823,35.11486134208076,True
334,4,2019-04-26 23:38:41,40,34.666392049480365,35.124578067867,True
334,4,2019-04-26 22:38:41,41,34.66595472020991,35.13039413153908,True
334,4,2019-04-26 21:38:41,42,34.66603502038884,35.1399057787404,True
334,4,2019-04-26 20:38:41,43,34.66688927746261,35.15109629354835,True
334,4,2019-04-26 19:38:41,44,34.670780611821485,35.16257027625175,True
334,4,2019-04-26 18:38:41,45,34.67384829893434,35.17431182556907,True
334,4,2019-04-26 17:38:41,46,34.67954444031276,35.18624611972552,True
334,4,2019-04-26 16:38:41,47,34.681587017571005,35.19937273014693,True
334,4,2019-04-26 15:38:41,48,34.68562699914645,35.21365981881624,True
334,4,2019-04-26 14:38:41,49,34.690545741265225,35.224155005792426,True
334,4,2019-04-26 13:38:41,50,34.69622830909811,35.23407838098501,True
334,4,2019-04-26 12:38:41,51,34.70156522991828,35.24201414167472,True
334,4,2019-04-26 11:38:41,52,34.70759062389927,35.25060543810335,True
334,4,2019-04-26 10:38:41,53,34.714721344211895,35.25977664145714,True
334,4,2019-04-26 09:38:41,54,34.71991297429634,35.26771301402761,True
334,4,2019-04-26 08:38:41,55,34.72824995944037,35.278432326593574,True
334,4,2019-04-26 07:38:41,56,34.733395512799504,35.28489795758126,True
334,4,2019-04-26 06:38:41,57,34.73659190948677,35.291225830911536,True
334,4,2019-04-26 05:38:41,58,34.74076928152309,35.30067607368945,True
334,4,2019-04-26 04:38:41,59,34.741041918094986,35.30877164372686,True
334,4,2019-04-26 03:38:41,60,34.745814289424025,35.319548740474524,True
334,4,2019-04-26 02:38:41,61,34.74906205730718,35.32812544527128,True
334,4,2019-04-26 01:38:41,62,34.752237133241344,35.33705406638924,True
334,4,2019-04-26 00:38:41,63,34.75667499753251,35.34978251543718,True
334,4,2019-04-25 23:38:41,64,34.762179966353344,35.36147673265356,True
334,4,2019-04-25 22:38:41,65,34.767811460722335,35.37583394404553,True
334,4,2019-04-25 21:38:41,66,34.77538870475845,35.390124317713116,True
334,4,2019-04-25 20:38:41,67,34.78288207943016,35.404581749625834,True
334,4,2019-04-25 19:38:41,68,34.7908052790057,35.41952067157181,True
334,4,2019-04-25 18:38:41,69,34.79947860014253,35.43493400391027,True
334,4,2019-04-25 17:38:41,70,34.809103625908435,35.446165155656594,True
334,4,2019-04-25 16:38:41,71,34.82201813684954,35.459029382565284,True
334,4,2019-04-25 15:38:41,72,34.83568060237789,35.4686058176476,True
334,5,2019-04-28 15:38:41,0,34.592846,34.897649,True
334,5,2019-04-28 14:38:41,1,34.59106465159269,34.90124252790482,True
334,5,2019-04-28 13:38:41,2,34.588312573282025,34.904447987110835,True
334,5,2019-04-28 12:38:41,3,34.5869213795584,34.907415407604084,True
334,5,2019-04-28 11:38:41,4,34.58652087981641,34.913793648556066,True
334,5,2019-04-28 10:38:41,5,34.587953841226025,34.91802186557722,True
334,5,2019-04-28 09:38:41,6,34.58976282711824,34.92339220953729,True
334,5,2019-04-28 08:38:41,7,34.59246053327391,34.93019174761498,True
334,5,2019-04-28 07:38:41,8,34.594815528525565,34.93597594036625,True
334,5,2019-04-28 06:38:41,9,34.596829262870614,34.94345518413903,True
334,5,2019-04-28 05:38:41,10,34.599302809461385,34.946558149187865,True
334,5,2019-04-28 04:38:41,11,34.601648121311875,34.948401919740164,True
334,5,2019-04-28 03:38:41,12,34.60853161169997,34.95101268733679,True
334,5,2019-04-28 02:38:41,13,34.61223727751534,34.95208310399526,True
334,5,2019-04-28 01:38:41,14,34.615520761668584,34.954628258738566,True
334,5,2019-04-28 00:38:41,15,34.618981741265365,34.956787373892006,True
334,5,2019-04-27 23:38:41,16,34.62117972658847,34.95599846409882,True
334,5,2019-04-27 22:38:41,17,34.62203813386468,34.95830057257978,True
334,5,2019-04-27 21:38:41,18,34.624890692685035,34.95793710540503,True
334,5,2019-04-27 20:38:41,19,34.62534528080794,34.95939647137303,True
334,5,2019-04-27 19:38:41,20,34.62419533008156,34.96180904539212,True
334,5,2019-04-27 18:38:41,21,34.62528926655334,34.96495796692077,True
334,5,2019-04-27 17:38:41,22,34.62396037806368,34.97020484759859,True
334,5,2019-04-27 16:38:41,23,34.62372474783326,34.9776713067039,True
334,5,2019-04-27 15:38:41,24,34.62285003891879,34.98838960715876,True
334,5,2019-04-27 14:38:41,25,34.621665491148626,34.997972606574216,True
334,5,2019-04-27 13:38:41,26,34.619537172618145,35.008577732588364,True
334,5,2019-04-27 12:38:41,27,34.62056096992242,35.02204327468085,True
334,5,2019-04-27 11:38:41,28,34.622064867586985,35.033757166037844,True
334,5,2019-04-27 10:38:41,29,34.625595943633314,35.047150119114576,True
334,5,2019-04-27 09:38:41,30,34.63205876575685,35.05868366687927,True
334,5,2019-04-27 08:38:41,31,34.63913080845293,35.06627194093591,True
334,5,2019-04-27 07:38:41,32,34.64282545624954,35.076298795415255,True
334,5,2019-04-27 06:38:41,33,34.651024673878865,35.08456468089337,True
334,5,2019-04-27 05:38:41,34,34.65382107384236,35.08969809949599,True
334,5,2019-04-27 04:38:41,35,34.657107901680114,35.093381784963505,True
334,5,2019-04-27 03:38:41,36,34.658821437959844,35.1001027500373,True
334,5,2019-04-27 02:38:41,37,34.66284109508242,35.10543098407458,True
334,5,2019-04-27 01:38:41,38,34.66410178898834,35.10844631137144,True
334,5,2019-04-27 00:38:41,39,34.663204267083415,35.11405667601861,True
334,5,2019-04-26 23:38:41,40,34.66497949923047,35.11996999388422,True
334,5,2019-04-26 22:38:41,41,34.66531458848462,35.12897295821719,True
334,5,2019-04-26 21:38:41,42,34.66490104436583,35.13697213781703,True
334,5,2019-04-26 20:38:41,43,34.66527628348392,35.14503452428981,True
334,5,2019-04-26 19:38:41,44,34.664372407508964,35.158606000567225,True
334,5,2019-04-26 18:38:41,45,34.66720425285065,35.173214842233605,True
334,5,2019-04-26 17:38:41,46,34.66962032359133,35.18464226975633,True
334,5,2019-04-26 16:38:41,47,34.67456594561042,35.19703175769968,True
334,5,2019-04-26 15:38:41,48,34.67913620643872,35.20782923064109,True
334,5,2019-04-26 14:38:41,49,34.68568384258212,35.216108419886595,True
334,5,2019-04-26 13:38:41,50,34.69024719797924,35.22650652755415,True
334,5,2019-04-26 12:38:41,51,34.695681473543274,35.23400929587201,True
334,5,2019-04-26 11:38:41,52,34.7049242380749,35.24515755918497,True
334,5,2019-04-26 10:38:41,53,34.711952799267465,35.2557889475243,True
334,5,2019-04-26 09:38:41,54,34.719410043373315,35.268040401984365,True
334,5,2019-04-26 08:38:41,55,34.72586304823244,35.27510950373499,True
334,5,2019-04-26 07:38:41,56,34.72996499324256,35.285149354130326,True
334,5,2019-04-26 06:38:41,57,34.73490663549141,35.296330843313335,True
334,5,2019-04-26 05:38:41,58,34.7384318038846,35.30627901165384,True
334,5,2019-04-26 04:38:41,59,34.7430476537736,35.319135351478174,True
334,5,2019-04-26 03:38:41,60,34.74631586686993,35.32659253559064,True
334,5,2019-04-26 02:38:41,61,34.74788721100951,35.33538024678356,True
334,5,2019-04-26 01:38:41,62,34.752388938082724,35.34598964607215,True
334,5,2019-04-26 00:38:41,63,34.754260310582694,35.3585467386733,True
334,5,2019-04-25 23:38:41,64,34.75968867958347,35.3698457255694,True
334,5,2019-04-25 22:38:41,65,34.765977271709865,35.38378554780448,True
334,5,2019-04-25 21:38:41,66,34.7709671285304,35.394479057935094,True
334,5,2019-04-25 20:38:41,67,34.776197436018435,35.40446940524946,True
334,5,2019-04-25 19:38:41,68,34.78250370566452,35.41867981173797,True
334,5,2019-04-25 18:38:41,69,34.79037697614692,35.43115887276969,True
334,5,2019-04-25 17:38:41,70,34.799842737725626,35.44211425931172,True
334,5,2019-04-25 16:38:41,71,34.810515657461046,35.45272754550102,True
334,5,2019-04-25 15:38:41,72,34.822816007136595,35.463945805904295,True
338,0,2019-04-28 15:38:41,0,34.592476,34.897649,True
338,0,2019-04-28 14:38:41,1,34.59081883331363,34.89772891125354,True
338,0,2019-04-28 13:38:41,2,34.587971254214196,34.90155094628118,True
338,0,2019-04-28 12:38:41,3,34.58581127605548,34.90931849523261,True
338,0,2019-04-28 11:38:41,4,34.583660450803805,34.91502607114555,True
338,0,2019-04-28 10:38:41,5,34.58407841185224,34.922527192154185,True
338,0,2019-04-28 09:38:41,6,34.58630900900647,34.928854080987264,True
338,0,2019-04-28 08:38:41,7,34.58901058093664,34.93610727414927,True
338,0,2019-04-28 07:38:41,8,34.59172243759713,34.94502984909765,True
338,0,2019-04-28 06:38:41,9,34.59454065301682,34.9514903417054,True
338,0,2019-04-28 05:38:41,10,34.59979981237362,34.95985742819797,True
338,0,2019-04-28 04:38:41,11,34.603782561519594,34.96279208039248,True
338,0,2019-04-28 03:38:41,12,34.60934350244108,34.965610338657136,True
338,0,2019-04-28 02:38:41,13,34.61488234216566,34.96916599300068,True
338,0,2019-04-28 01:38:41,14,34.620374330847014,34.971071955105444,True
338,0,2019-04-28 00:38:41,15,34.62604055758848,34.974108648198545,True
338,0,2019-04-27 23:38:41,16,34.62956661180816,34.978631494042915,True
338,0,2019-04-27 22:38:41,17,34.629817603568746,34.98161986610783,True
338,0,2019-04-27 21:38:41,18,34.632610611338535,34.98409233025347,True
338,0,2019-04-27 20:38:41,19,34.634872603860806,34.98881071631843,True
338,0,2019-04-27 19:38:41,20,34.637265027730614,34.99524175250804,True
338,0,2019-04-27 18:38:41,21,34.636920717884905,34.999864976452436,True
338,0,2019-04-27 17:38:41,22,34.63434954970591,35.006274303909485,True
338,0,2019-04-27 16:38:41,23,34.634324237636356,35.01030000228571,True
338,0,2019-04-27 15:38:41,24,34.6329767353357,35.016528211956874,True
338,0,2019-04-27 14:38:41,25,34.63241797482319,35.02532984759153,True
338,0,2019-04-27 13:38:41,26,34.63297821943438,35.03731514069247,True
338,0,2019-04-27 12:38:41,27,34.63484270260857,35.04850914752128,True
338,0,2019-04-27 11:38:41,28,34.63638434253746,35.06319248509514,True
338,0,2019-04-27 10:38:41,29,34.641910287349475,35.075904502768566,True
338,0,2019-04-27 09:38:41,30,34.646484530621144,35.08805982198486,True
338,0,2019-04-27 08:38:41,31,34.65264708450051,35.10130885115866,True
338,0,2019-04-27 07:38:41,32,34.659508168626616,35.109312386632965,True
338,0,2019-04-27 06:38:41,33,34.66468130290346,35.11630068517668,True
338,0,2019-04-27 05:38:41,34,34.66887386175816,35.12486585615446,True
338,0,2019-04-27 04:38:41,35,34.670879666118104,35.13086209616609,True
338,0,2019-04-27 03:38:41,36,34.67524149746318,35.14112469258744,True
338,0,2019-04-27 02:38:41,37,34.67731740326445,35.14844669357359,True
338,0,2019-04-27 01:38:41,38,34.677480785663896,35.157502295046704,True
338,0,2019-04-27 00:38:41,39,34.67848245991078,35.16664216421721,True
338,0,2019-04-26 23:38:41,40,34.677716502610906,35.17765101737612,True
338,0,2019-04-26 22:38:41,41,34.67649108590205,35.18946973455719,True
338,0,2019-04-26 21:38:41,42,34.67828067738564,35.2008906581898,True
338,0,2019-04-26 20:38:41,43,34.67839761570815,35.21683340257863,True
338,0,2019-04-26 19:38:41,44,34.679108828595425,35.233228297617686,True
338,0,2019-04-26 18:38:41,45,34.6844850239726,35.248980707415306,True
338,0,2019-04-26 17:38:41,46,34.69098389067566,35.266204732862285,True
338,0,2019-04-26 16:38:41,47,34.69393508732695,35.28183678374107,True
338,0,2019-04-26 15:38:41,48,34.701240698131734,35.29789032360021,True
338,0,2019-04-26 14:38:41,49,34.7089792140552,35.31382005992735,True
338,0,2019-04-26 13:38:41,50,34.71812689350956,35.32761289760707,True
338,0,2019-04-26 12:38:41,51,34.72941244424997,35.34431771263403,True
338,0,2019-04-26 11:38:41,52,34.7398415858806,35.35689284990587,True
338,0,2019-04-26 10:38:41,53,34.74950971716153,35.37058575402411,True
338,0,2019-04-26 09:38:41,54,34.75954440850868,35.38138997986968,True
338,0,2019-04-26 08:38:41,55,34.76814644697208,35.39051479543477,True
338,0,2019-04-26 07:38:41,56,34.776734010807395,35.398505274103684,True
338,0,2019-04-26 06:38:41,57,34.78481860445632,35.40898167017606,True
338,0,2019-04-26 05:38:41,58,34.79181465226735,35.41964178487462,True
338,0,2019-04-26 04:38:41,59,34.79923286448866,35.42868105070342,True
338,0,2019-04-26 03:38:41,60,34.80513129811941,35.43669920818345,True
338,0,2019-04-26 02:38:41,61,34.809076325971645,35.448186283998616,True
338,0,2019-04-26 01:38:41,62,34.813134822814284,35.45791046253678,True
338,0,2019-04-26 00:38:41,63,34.81692495792048,35.467617522006556,True
338,0,2019-04-25 23:38:41,64,34.82225843047162,35.47859135484611,True
338,0,2019-04-25 22:38:41,65,34.831338435333656,35.490984245082,True
338,0,2019-04-25 21:38:41,66,34.83987563716304,35.502115691962345,True
338,0,2019-04-25 20:38:41,67,34.84811865312198,35.51488969665811,True
338,0,2019-04-25 19:38:41,68,34.85613571446926,35.52598036011899,True
338,0,2019-04-25 18:38:41,69,34.86559115378516,35.53879228801762,True
338,0,2019-04-25 17:38:41,70,34.87596560803979,35.55055681421843,True
338,0,2019-04-25 16:38:41,71,34.88844503864911,35.55837323040866,True
338,0,2019-04-25 15:38:41,72,34.900522658326736,35.56533697002779,True
338,1,2019-04-28 15:38:41,0,34.592476,34.897649,True
338,1,2019-04-28 14:38:41,1,34.59242237819138,34.90524143462722,True
338,1,2019-04-28 13:38:41,2,34.59175646123227,34.90885771525379,True
338,1,2019-04-28 12:38:41,3,34.5932872227497,34.91390160953453,True
338,1,2019-04-28 11:38:41,4,34.59701469533029,34.92116447791405,True
338,1,2019-04-28 10:38:41,5,34.59558345050315,34.92877067520731,True
338,1,2019-04-28 09:38:41,6,34.59742593823047,34.93481740310696,True
338,1,2019-04-28 08:38:41,7,34.59945564365682,34.9446944430918,True
338,1,2019-04-28 07:38:41,8,34.6022616416531,34.949433364986746,True
338,1,2019-04-28 06:38:41,9,34.60770823096793,34.953218718934885,True
338,1,2019-04-28 05:38:41,10,34.61321168554639,34.960863179109566,True
338,1,2019-04-28 04:38:41,11,34.61895733747021,34.96379317114669,True
338,1,2019-04-28 03:38:41,12,34.625627962952194,34.969776019978106,True
338,1,2019-04-28 02:38:41,13,34.62990146866607,34.97542394687377,True
338,1,2019-04-28 01:38:41,14,34.63489125462527,34.97806359295482,True
338,1,2019-04-28 00:38:41,15,34.636985257197914,34.98042842774138,True
338,1,2019-04-27 23:38:41,16,34.6430378707516,34.98391343970931,True
338,1,2019-04-27 22:38:41,17,34.64824797043514,34.98847839078688,True
338,1,2019-04-27 21:38:41,18,34.64870776781153,34.99286934820299,True
338,1,2019-04-27 20:38:41,19,34.65032898615911,34.995497957049515,True
338,1,2019-04-27 19:38:41,20,34.64836749984907,34.99861276583993,True
338,1,2019-04-27 18:38:41,21,34.64582295737993,35.00562748444569,True
338,1,2019-04-27 17:38:41,22,34.64373293565927,35.01216018582533,True
338,1,2019-04-27 16:38:41,23,34.64397534966148,35.021820574733,True
338,1,2019-04-27 15:38:41,24,34.64278625233356,35.03037050694406,True
338,1,2019-04-27 14:38:41,25,34.6402689020987,35.0416322326675,True
338,1,2019-04-27 13:38:41,26,34.64051980437885,35.05584905576692,True
338,1,2019-04-27 12:38:41,27,34.64031197850418,35.06426392621663,True
338,1,2019-04-27 11:38:41,28,34.64214759125241,35.08032676307855,True
338,1,2019-04-27 10:38:41,29,34.64457023171545,35.09302909454674,True
338,1,2019-04-27 09:38:41,30,34.65035509600973,35.10621048832402,True
338,1,2019-04-27 08:38:41,31,34.6558626641301,35.11711543140353,True
338,1,2019-04-27 07:38:41,32,34.660751767758754,35.12776789596785,True
338,1,2019-04-27 06:38:41,33,34.66402752415042,35.13852570815659,True
338,1,2019-04-27 05:38:41,34,34.667962492041035,35.14465001291225,True
338,1,2019-04-27 04:38:41,35,34.670977356121426,35.15400416378069,True
338,1,2019-04-27 03:38:41,36,34.673933201846594,35.161633519293645,True
338,1,2019-04-27 02:38:41,37,34.67606831758831,35.168323535332405,True
338,1,2019-04-27 01:38:41,38,34.677663059170975,35.17676870161746,True
338,1,2019-04-27 00:38:41,39,34.67663959064884,35.18704600673701,True
338,1,2019-04-26 23:38:41,40,34.67604526984073,35.198264341472424,True
338,1,2019-04-26 22:38:41,41,34.677108889711704,35.20892800153234,True
338,1,2019-04-26 21:38:41,42,34.675068259172605,35.2233354847567,True
338,1,2019-04-26 20:38:41,43,34.677164746173446,35.235672596889415,True
338,1,2019-04-26 19:38:41,44,34.679614229614735,35.25140829658828,True
338,1,2019-04-26 18:38:41,45,34.679878117458,35.270795051948255,True
338,1,2019-04-26 17:38:41,46,34.682282387777235,35.285059512339274,True
338,1,2019-04-26 16:38:41,47,34.68649443512549,35.30439375609895,True
338,1,2019-04-26 15:38:41,48,34.69156718405911,35.32244618112505,True
338,1,2019-04-26 14:38:41,49,34.696312417516715,35.334639878032306,True
338,1,2019-04-26 13:38:41,50,34.70454968865416,35.34753207955696,True
338,1,2019-04-26 12:38:41,51,34.711681075376795,35.36206394784214,True
338,1,2019-04-26 11:38:41,52,34.720814084999674,35.37554521177098,True
338,1,2019-04-26 10:38:41,53,34.73219400306034,35.390382264343636,True
338,1,2019-04-26 09:38:41,54,34.740641468592926,35.40218542773533,True
338,1,2019-04-26 08:38:41,55,34.74790110445771,35.40911677761269,True
338,1,2019-04-26 07:38:41,56,34.75573635016233,35.42178447341161,True
338,1,2019-04-26 06:38:41,57,34.76218336209305,35.429810451650944,True
338,1,2019-04-26 05:38:41,58,34.7670815043083,35.44054646913671,True
338,1,2019-04-26 04:38:41,59,34.773835964875055,35.45033487170274,True
338,1,2019-04-26 03:38:41,60,34.779748730945734,35.459975984719556,True
338,1,2019-04-26 02:38:41,61,34.786255399845615,35.46943566182234,True
338,1,2019-04-26 01:38:41,62,34.79292286374158,35.47712646483745,True
338,1,2019-04-26 00:38:41,63,34.79798622177538,35.486964512318615,True
338,1,2019-04-25 23:38:41,64,34.803797404132254,35.49972332226848,True
338,1,2019-04-25 22:38:41,65,34.80903985833081,35.506331929563764,True
338,1,2019-04-25 21:38:41,66,34.81459070117052,35.51646420105324,True
338,1,2019-04-25 20:38:41,67,34.82182542067745,35.52636057845627,True
338,1,2019-04-25 19:38:41,68,34.82592522421563,35.536677157547764,True
338,1,2019-04-25 18:38:41,69,34.83398180865321,35.54740092849177,True
338,1,2019-04-25 17:38:41,70,34.8427836704356,35.557761232668156,True
338,1,2019-04-25 16:38:41,71,34.85011904531827,35.565261871547406,True
338,1,2019-04-25 15:38:41,72,34.85656235211626,35.57323990582973,True
338,2,2019-04-28 15:38:41,0,34.592476,34.897649,True
338,2,2019-04-28 14:38:41,1,34.58955338406197,34.90090909526091,True
338,2,2019-04-28 13:38:41,2,34.590381428812805,34.90606407045194,True
338,2,2019-04-28 12:38:41,3,34.59107037343179,34.91165406282276,True
338,2,2019-04-28 11:38:41,4,34.59232167299602,34.91967909608277,True
338,2,2019-04-28 10:38:41,5,34.59347664583019,34.92753278357092,True
338,2,2019-04-28 09:38:41,6,34.59514228704861,34.93219095391394,True
338,2,2019-04-28 08:38:41,7,34.59644189387296,34.940358130705164,True
338,2,2019-04-28 07:38:41,8,34.599868246495994,34.95064771921802,True
338,2,2019-04-28 06:38:41,9,34.60329567694416,34.9550964886207,True
338,2,2019-04-28 05:38:41,10,34.6073741270827,34.962025426286665,True
338,2,2019-04-28 04:38:41,11,34.61391846056155,34.96823082668438,True
338,2,2019-04-28 03:38:41,12,34.618520721902875,34.971076691151644,True
338,2,2019-04-28 02:38:41,13,34.62318330958149,34.97371999859452,True
338,2,2019-04-28 01:38:41,14,34.629208343268516,34.97567305169258,True
338,2,2019-04-28 00:38:41,15,34.6321353028185,34.97378298072848,True
338,2,2019-04-27 23:38:41,16,34.63477381704804,34.977152702155145,True
338,2,2019-04-27 22:38:41,17,34.63638023438813,34.97781691257676,True
338,2,2019-04-27 21:38:41,18,34.637702888880185,34.979060822057235,True
338,2,2019-04-27 20:38:41,19,34.640986763847415,34.98329588118616,True
338,2,2019-04-27 19:38:41,20,34.64206764331367,34.98561046580756,True
338,2,2019-04-27 18:38:41,21,34.64388508802194,34.98809528259975,True
338,2,2019-04-27 17:38:41,22,34.6426956533495,34.99466317322709,True
338,2,2019-04-27 16:38:41,23,34.63990744377266,35.003196453931345,True
338,2,2019-04-27 15:38:41,24,34.6406465489567,35.01233187022487,True
338,2,2019-04-27 14:38:41,25,34.6416082762776,35.02363472182355,True
338,2,2019-04-27 13:38:41,26,34.641709098598895,35.036988870585226,True
338,2,2019-04-27 12:38:41,27,34.640915379503724,35.04968797437366,True
338,2,2019-04-27 11:38:41,28,34.64318780662412,35.06247402989405,True
338,2,2019-04-27 10:38:41,29,34.64626455254539,35.075346290603605,True
338,2,2019-04-27 09:38:41,30,34.65252363131086,35.09100165851758,True
338,2,2019-04-27 08:38:41,31,34.65650653546709,35.103643542430646,True
338,2,2019-04-27 07:38:41,32,34.66019230556241,35.117740010849836,True
338,2,2019-04-27 06:38:41,33,34.66722122681937,35.12832712216367,True
338,2,2019-04-27 05:38:41,34,34.67098454567117,35.13770331842343,True
338,2,2019-04-27 04:38:41,35,34.67553031269091,35.14640134590463,True
338,2,2019-04-27 03:38:41,36,34.67695504826319,35.15801499020597,True
338,2,2019-04-27 02:38:41,37,34.6758914566287,35.16729105845693,True
338,2,2019-04-27 01:38:41,38,34.67637278635768,35.17661264842985,True
338,2,2019-04-27 00:38:41,39,34.676732241702865,35.18608509284437,True
338,2,2019-04-26 23:38:41,40,34.67833055133273,35.19709972548587,True
338,2,2019-04-26 22:38:41,41,34.6757269088501,35.21062444625562,True
338,2,2019-04-26 21:38:41,42,34.67437751317265,35.22610324732823,True
338,2,2019-04-26 20:38:41,43,34.67729674044472,35.23914082153795,True
338,2,2019-04-26 19:38:41,44,34.679049278701775,35.25655025122934,True
338,2,2019-04-26 18:38:41,45,34.68111948770002,35.27252936832464,True
338,2,2019-04-26 17:38:41,46,34.684896876861956,35.28952093775358,True
338,2,2019-04-26 16:38:41,47,34.68878235283287,35.304949079941125,True
338,2,2019-04-26 15:38:41,48,34.694833887599415,35.317950498824096,True
338,2,2019-04-26 14:38:41,49,34.70439395769753,35.334594687937916,True
338,2,2019-04-26 13:38:41,50,34.710527602668016,35.3479946229874,True
338,2,2019-04-26 12:38:41,51,34.720172790746076,35.35966274460225,True
338,2,2019-04-26 11:38:41,52,34.728919646398516,35.370651859467124,True
338,2,2019-04-26 10:38:41,53,34.737636237963,35.381889727836025,True
338,2,2019-04-26 09:38:41,54,34.744767314426525,35.391407041556874,True
338,2,2019-04-26 08:38:41,55,34.75162079387772,35.40197019355859,True
338,2,2019-04-26 07:38:41,56,34.758933296545166,35.412206561749436,True
338,2,2019-04-26 06:38:41,57,34.76497318382796,35.4213289125626,True
338,2,2019-04-26 05:38:41,58,34.76916198017796,35.431516598360076,True
338,2,2019-04-26 04:38:41,59,34.773462987726546,35.43717406239455,True
338,2,2019-04-26 03:38:41,60,34.78083151889582,35.4485902727998,True
338,2,2019-04-26 02:38:41,61,34.7832133272719,35.457092244465905,True
338,2,2019-04-26 01:38:41,62,34.78628690169433,35.46897711762745,True
338,2,2019-04-26 00:38:41,63,34.7920016747243,35.478823929546515,True
338,2,2019-04-25 23:38:41,64,34.796652493023046,35.48788008047037,True
338,2,2019-04-25 22:38:41,65,34.803043636509344,35.50225356432363,True
338,2,2019-04-25 21:38:41,66,34.81074010630526,35.508825599163075,True
338,2,2019-04-25 20:38:41,67,34.81658668590474,35.51810645260507,True
338,2,2019-04-25 19:38:41,68,34.823184959850416,35.52778519266903,True
338,2,2019-04-25 18:38:41,69,34.828931610566954,35.53890570363325,True
338,2,2019-04-25 17:38:41,70,34.83901150163688,35.54566583136962,True
338,2,2019-04-25 16:38:41,71,34.84803503756913,35.555434042022014,True
338,2,2019-04-25 15:38:41,72,34.85814971291802,35.563459899822426,True
338,3,2019-04-28 15:38:41,0,34.592476,34.897649,True
338,3,2019-04-28 14:38:41,1,34.588902544362206,34.898785536540025,True
338,3,2019-04-28 13:38:41,2,34.58735779747047,34.904287992586106,True
338,3,2019-04-28 12:38:41,3,34.588129534745285,34.91061613742718,True
338,3,2019-04-28 11:38:41,4,34.58795291528698,34.917979607303955,True
338,3,2019-04-28 10:38:41,5,34.58973506750851,34.926398144865004,True
338,3,2019-04-28 09:38:41,6,34.59367493148316,34.933445442581835,True
338,3,2019-04-28 08:38:41,7,34.598344314569275,34.942371694985994,True
338,3,2019-04-28 07:38:41,8,34.60234893705223,34.95210386692451,True
338,3,2019-04-28 06:38:41,9,34.608436448458455,34.9594921460179,True
338,3,2019-04-28 05:38:41,10,34.6124246629353,34.963412844823885,True
338,3,2019-04-28 04:38:41,11,34.615666703695666,34.968105376682225,True
338,3,2019-04-28 03:38:41,12,34.61995266308399,34.97384148228047,True
338,3,2019-04-28 02:38:41,13,34.623474136102374,34.97487363326285,True
338,3,2019-04-28 01:38:41,14,34.626675883541864,34.976005317564045,True
338,3,2019-04-28 00:38:41,15,34.63154982285752,34.97889902037645,True
338,3,2019-04-27 23:38:41,16,34.632157705559685,34.977879047363885,True
338,3,2019-04-27 22:38:41,17,34.63465161707928,34.981948136468915,True
338,3,2019-04-27 21:38:41,18,34.636008980022446,34.98638176395396,True
338,3,2019-04-27 20:38:41,19,34.63665793594893,34.99087023965501,True
338,3,2019-04-27 19:38:41,20,34.6381035400353,34.99374471703494,True
338,3,2019-04-27 18:38:41,21,34.63925187070046,34.998402554772696,True
338,3,2019-04-27 17:38:41,22,34.639489679662944,35.006149242858996,True
338,3,2019-04-27 16:38:41,23,34.63834163553998,35.014767578297835,True
338,3,2019-04-27 15:38:41,24,34.63610576781863,35.02257026046047,True
338,3,2019-04-27 14:38:41,25,34.63514642679394,35.032782218550324,True
338,3,2019-04-27 13:38:41,26,34.63548550773052,35.04568021827455,True
338,3,2019-04-27 12:38:41,27,34.63693620714573,35.06069552464623,True
338,3,2019-04-27 11:38:41,28,34.640237779773614,35.07471581215327,True
338,3,2019-04-27 10:38:41,29,34.64539670578826,35.08986872361883,True
338,3,2019-04-27 09:38:41,30,34.64632078781366,35.10197016257132,True
338,3,2019-04-27 08:38:41,31,34.65078680327553,35.11414106171166,True
338,3,2019-04-27 07:38:41,32,34.65835528688547,35.123518109150176,True
338,3,2019-04-27 06:38:41,33,34.66269518763637,35.13307473757403,True
338,3,2019-04-27 05:38:41,34,34.66892042866891,35.14359144886957,True
338,3,2019-04-27 04:38:41,35,34.673120523492095,35.15188622629078,True
338,3,2019-04-27 03:38:41,36,34.678383154708015,35.15682054778222,True
338,3,2019-04-27 02:38:41,37,34.678710825433555,35.16306501985363,True
338,3,2019-04-27 01:38:41,38,34.679385324304405,35.17107909707283,True
338,3,2019-04-27 00:38:41,39,34.680753450757635,35.17958342680091,True
338,3,2019-04-26 23:38:41,40,34.68025748257865,35.18580923901622,True
338,3,2019-04-26 22:38:41,41,34.68046001068699,35.19745620320613,True
338,3,2019-04-26 21:38:41,42,34.68182092102711,35.21053214474781,True
338,3,2019-04-26 20:38:41,43,34.68273664990616,35.224476434547796,True
338,3,2019-04-26 19:38:41,44,34.68432863167819,35.2411233010948,True
338,3,2019-04-26 18:38:41,45,34.689003420622406,35.258151940466725,True
338,3,2019-04-26 17:38:41,46,34.692292890566776,35.27075284250259,True
338,3,2019-04-26 16:38:41,47,34.69618829605497,35.288825324198335,True
338,3,2019-04-26 15:38:41,48,34.705104709297395,35.30265193302545,True
338,3,2019-04-26 14:38:41,49,34.71229792129405,35.31535321052983,True
338,3,2019-04-26 13:38:41,50,34.72319728946498,35.32758980975284,True
338,3,2019-04-26 12:38:41,51,34.73200415049601,35.34017992477202,True
338,3,2019-04-26 11:38:41,52,34.743299989911876,35.351118065655605,True
338,3,2019-04-26 10:38:41,53,34.753507034377165,35.3589051490604,True
338,3,2019-04-26 09:38:41,54,34.76359743727248,35.36527667521559,True
338,3,2019-04-26 08:38:41,55,34.77327620407628,35.37513983026605,True
338,3,2019-04-26 07:38:41,56,34.78067496115522,35.380481323915085,True
338,3,2019-04-26 06:38:41,57,34.78790448571262,35.385823220466044,True
338,3,2019-04-26 05:38:41,58,34.79650382935,35.39187329051777,True
338,3,2019-04-26 04:38:41,59,34.80063380877166,35.40107621320255,True
338,3,2019-04-26 03:38:41,60,34.805354031247056,35.40869023005195,True
338,3,2019-04-26 02:38:41,61,34.81054241702698,35.41450781416823,True
338,3,2019-04-26 01:38:41,62,34.816745262324716,35.422141258957005,True
338,3,2019-04-26 00:38:41,63,34.81929559027377,35.4328649030786,True
338,3,2019-04-25 23:38:41,64,34.82415144868201,35.44293480226104,True
338,3,2019-04-25 22:38:41,65,34.82920175489924,35.452105290516634,True
338,3,2019-04-25 21:38:41,66,34.837028814060595,35.46097682586933,True
338,3,2019-04-25 20:38:41,67,34.84564365301158,35.47102662623121,True
338,3,2019-04-25 19:38:41,68,34.855639209729965,35.47934369477593,True
338,3,2019-04-25 18:38:41,69,34.8648752000056,35.490236438734,True
338,3,2019-04-25 17:38:41,70,34.878116369181626,35.50220028165374,True
338,3,2019-04-25 16:38:41,71,34.89007761275086,35.50796394866394,True
338,3,2019-04-25 15:38:41,72,34.906477109265516,35.51592492385526,True
338,4,2019-04-28 15:38:41,0,34.592476,34.897649,True
338,4,2019-04-28 14:38:41,1,34.59127695822383,34.90343478847984,True
338,4,2019-04-28 13:38:41,2,34.591599886830544,34.90658212243916,True
338,4,2019-04-28 12:38:41,3,34.58962950948592,34.909417512337555,True
338,4,2019-04-28 11:38:41,4,34.59123555515903,34.91352189894364,True
338,4,2019-04-28 10:38:41,5,34.59380288884954,34.92038541638513,True
338,4,2019-04-28 09:38:41,6,34.59353865681819,34.92589050004825,True
338,4,2019-04-28 08:38:41,7,34.59682380564121,34.93003753209228,True
338,4,2019-04-28 07:38:41,8,34.6019173350193,34.93443013702833,True
338,4,2019-04-28 06:38:41,9,34.60563235510006,34.941962110891126,True
338,4,2019-04-28 05:38:41,10,34.60830494441327,34.94837214944996,True
338,4,2019-04-28 04:38:41,11,34.6127167480218,34.95177411859157,True
338,4,2019-04-28 03:38:41,12,34.61631414893817,34.9517673837909,True
338,4,2019-04-28 02:38:41,13,34.616408871513826,34.95396517451484,True
338,4,2019-04-28 01:38:41,14,34.61881563654377,34.95612725027064,True
338,4,2019-04-28 00:38:41,15,34.62184297004797,34.9587858503824,True
338,4,2019-04-27 23:38:41,16,34.62320427048157,34.96001022362697,True
338,4,2019-04-27 22:38:41,17,34.62460854819013,34.961120953174024,True
338,4,2019-04-27 21:38:41,18,34.625095685058255,34.963733560722616,True
338,4,2019-04-27 20:38:41,19,34.62518101053682,34.967567919838196,True
338,4,2019-04-27 19:38:41,20,34.625643868654855,34.97405651348267,True
338,4,2019-04-27 18:38:41,21,34.62828780133198,34.97949454783145,True
338,4,2019-04-27 17:38:41,22,34.62860299579198,34.986660601004175,True
338,4,2019-04-27 16:38:41,23,34.62720183168614,34.99420130880566,True
338,4,2019-04-27 15:38:41,24,34.62678789916076,35.00159999105589,True
338,4,2019-04-27 14:38:41,25,34.62442209720142,35.009693341347614,True
338,4,2019-04-27 13:38:41,26,34.62444237327923,35.02002006083845,True
338,4,2019-04-27 12:38:41,27,34.62243356075297,35.03134429253398,True
338,4,2019-04-27 11:38:41,28,34.62368460730588,35.0411670376205,True
338,4,2019-04-27 10:38:41,29,34.62699453303355,35.05255800104253,True
338,4,2019-04-27 09:38:41,30,34.62916713036945,35.06393024305911,True
338,4,2019-04-27 08:38:41,31,34.63612989936202,35.071920377963586,True
338,4,2019-04-27 07:38:41,32,34.640195246337974,35.08023178822475,True
338,4,2019-04-27 06:38:41,33,34.6470998297108,35.087488006316015,True
338,4,2019-04-27 05:38:41,34,34.6521426280687,35.093808330532944,True
338,4,2019-04-27 04:38:41,35,34.656736765940195,35.09785232603522,True
338,4,2019-04-27 03:38:41,36,34.66114164668226,35.103077839664245,True
338,4,2019-04-27 02:38:41,37,34.664607187425325,35.11043960807505,True
338,4,2019-04-27 01:38:41,38,34.66685254154742,35.11519792065628,True
338,4,2019-04-27 00:38:41,39,34.66709777198065,35.12056055487873,True
338,4,2019-04-26 23:38:41,40,34.667623777253915,35.12989522810058,True
338,4,2019-04-26 22:38:41,41,34.66881641375642,35.13804221099119,True
338,4,2019-04-26 21:38:41,42,34.66787118065996,35.15048259795742,True
338,4,2019-04-26 20:38:41,43,34.66688667914419,35.16345876151195,True
338,4,2019-04-26 19:38:41,44,34.669010904661626,35.17442903724622,True
338,4,2019-04-26 18:38:41,45,34.674556950928206,35.185612320616414,True
338,4,2019-04-26 17:38:41,46,34.677692920926305,35.19614273406883,True
338,4,2019-04-26 16:38:41,47,34.681534083982655,35.21177620032035,True
338,4,2019-04-26 15:38:41,48,34.68579154784425,35.222812881714205,True
338,4,2019-04-26 14:38:41,49,34.69082169617287,35.23289942203104,True
338,4,2019-04-26 13:38:41,50,34.699413069393735,35.24449262163007,True
338,4,2019-04-26 12:38:41,51,34.70429409483731,35.25338815824116,True
338,4,2019-04-26 11:38:41,52,34.71280906356904,35.26159372351848,True
338,4,2019-04-26 10:38:41,53,34.72151303343363,35.269205579580486,True
338,4,2019-04-26 09:38:41,54,34.72788328920399,35.2756253745827,True
338,4,2019-04-26 08:38:41,55,34.734325149139714,35.284294002598735,True
338,4,2019-04-26 07:38:41,56,34.73889402405214,35.29153236108301,True
338,4,2019-04-26 06:38:41,57,34.7417305054649,35.29958020863841,True
338,4,2019-04-26 05:38:41,58,34.746259691009335,35.30737694218029,True
338,4,2019-04-26 04:38:41,59,34.74890207206056,35.316063203053325,True
338,4,2019-04-26 03:38:41,60,34.75325554436523,35.32841326457621,True
338,4,2019-04-26 02:38:41,61,34.75723529539249,35.341403805457745,True
338,4,2019-04-26 01:38:41,62,34.76190447729257,35.351507303003324,True
338,4,2019-04-26 00:38:41,63,34.766597194378306,35.36131257157512,True
338,4,2019-04-25 23:38:41,64,34.77039525958426,35.37434090877042,True
338,4,2019-04-25 22:38:41,65,34.776795457996705,35.38748174928824,True
338,4,2019-04-25 21:38:41,66,34.785876455847564,35.40084807017457,True
338,4,2019-04-25 20:38:41,67,34.79388489692955,35.41211504243627,True
338,4,2019-04-25 19:38:41,68,34.80241111185498,35.42470450091004,True
338,4,2019-04-25 18:38:41,69,34.81250491011374,35.43812496037244,True
338,4,2019-04-25 17:38:41,70,34.82307559899073,35.44808796194906,True
338,4,2019-04-25 16:38:41,71,34.83203231293329,35.45822054663065,True
338,4,2019-04-25 15:38:41,72,34.84809621892485,35.466126627348686,True
338,5,2019-04-28 15:38:41,0,34.592476,34.897649,True
338,5,2019-04-28 14:38:41,1,34.59125879193828,34.90354699713293,True
338,5,2019-04-28 13:38:41,2,34.58978665219463,34.90727323526071,True
338,5,2019-04-28 12:38:41,3,34.58756297133363,34.9124947964232,True
338,5,2019-04-28 11:38:41,4,34.58638396376672,34.91549436519336,True
338,5,2019-04-28 10:38:41,5,34.587060723927124,34.92015072465428,True
338,5,2019-04-28 09:38:41,6,34.59114727504643,34.924482805359105,True
338,5,2019-04-28 08:38:41,7,34.594342128459154,34.9318335810208,True
338,5,2019-04-28 07:38:41,8,34.59895542161104,34.93857008701622,True
338,5,2019-04-28 06:38:41,9,34.60195040677163,34.944703639232586,True
338,5,2019-04-28 05:38:41,10,34.60656461524955,34.94970059264222,True
338,5,2019-04-28 04:38:41,11,34.611444086616046,34.95010827109558,True
338,5,2019-04-28 03:38:41,12,34.61489179000337,34.9485840884803,True
338,5,2019-04-28 02:38:41,13,34.61760841350424,34.953388968791906,True
338,5,2019-04-28 01:38:41,14,34.620046488255504,34.95416281772977,True
338,5,2019-04-28 00:38:41,15,34.62484926242065,34.955353020792174,True
338,5,2019-04-27 23:38:41,16,34.626185997494424,34.95631149201141,True
338,5,2019-04-27 22:38:41,17,34.62856542122631,34.95852073889767,True
338,5,2019-04-27 21:38:41,18,34.62944565194536,34.95937274827935,True
338,5,2019-04-27 20:38:41,19,34.62968783320108,34.95925805211168,True
338,5,2019-04-27 19:38:41,20,34.63006067257112,34.960889278289734,True
338,5,2019-04-27 18:38:41,21,34.62864058484614,34.965448073573995,True
338,5,2019-04-27 17:38:41,22,34.62712423903298,34.96983900048032,True
338,5,2019-04-27 16:38:41,23,34.62714737786613,34.97373427897787,True
338,5,2019-04-27 15:38:41,24,34.62592657928055,34.98172948263907,True
338,5,2019-04-27 14:38:41,25,34.626760239667014,34.99030996943995,True
338,5,2019-04-27 13:38:41,26,34.62724324526371,35.002319504015766,True
338,5,2019-04-27 12:38:41,27,34.62911003452441,35.013548775930225,True
338,5,2019-04-27 11:38:41,28,34.63168610281196,35.02379122775052,True
338,5,2019-04-27 10:38:41,29,34.634447389113106,35.03732273230086,True
338,5,2019-04-27 09:38:41,30,34.63618369667145,35.046941554359194,True
338,5,2019-04-27 08:38:41,31,34.63941056837962,35.058933586167214,True
338,5,2019-04-27 07:38:41,32,34.64498196618594,35.06514592597611,True
338,5,2019-04-27 06:38:41,33,34.64897925290622,35.07232322405392,True
338,5,2019-04-27 05:38:41,34,34.65412707166066,35.07903035697412,True
338,5,2019-04-27 04:38:41,35,34.65726630382906,35.08368289908094,True
338,5,2019-04-27 03:38:41,36,34.660461921714116,35.09119092836311,True
338,5,2019-04-27 02:38:41,37,34.66262324865774,35.09427091284145,True
338,5,2019-04-27 01:38:41,38,34.66407684876262,35.10057266495182,True
338,5,2019-04-27 00:38:41,39,34.66486113080278,35.10787329859559,True
338,5,2019-04-26 23:38:41,40,34.66497984789443,35.11549260273105,True
338,5,2019-04-26 22:38:41,41,34.6632318241966,35.1244245714584,True
338,5,2019-04-26 21:38:41,42,34.66365374401706,35.137269224140894,True
338,5,2019-04-26 20:38:41,43,34.66519555646368,35.14964404503522,True
338,5,2019-04-26 19:38:41,44,34.665393460338855,35.1626149215735,True
338,5,2019-04-26 18:38:41,45,34.66604599174248,35.174623679122476,True
338,5,2019-04-26 17:38:41,46,34.66545918511173,35.18752287414887,True
338,5,2019-04-26 16:38:41,47,34.66975092575549,35.201559063357884,True
338,5,2019-04-26 15:38:41,48,34.67335114390443,35.213796778482696,True
338,5,2019-04-26 14:38:41,49,34.67527461332625,35.22697323452234,True
338,5,2019-04-26 13:38:41,50,34.67940180940084,35.24012264741792,True
338,5,2019-04-26 12:38:41,51,34.68688302054735,35.252802937781276,True
338,5,2019-04-26 11:38:41,52,34.69375262665084,35.26709151877013,True
338,5,2019-04-26 10:38:41,53,34.70072219069922,35.27625828974465,True
338,5,2019-04-26 09:38:41,54,34.70648631933088,35.285940284785895,True
338,5,2019-04-26 08:38:41,55,34.71391181633572,35.29207669057583,True
338,5,2019-04-26 07:38:41,56,34.719530143519094,35.30244881208314,True
338,5,2019-04-26 06:38:41,57,34.72112706793943,35.30940846977268,True
338,5,2019-04-26 05:38:41,58,34.723141080374496,35.317542187586604,True
338,5,2019-04-26 04:38:41,59,34.72817851264359,35.32740470145967,True
338,5,2019-04-26 03:38:41,60,34.73317248477294,35.33494822957535,True
338,5,2019-04-26 02:38:41,61,34.73688440526711,35.34652802553108,True
338,5,2019-04-26 01:38:41,62,34.742599225321044,35.35541581567282,True
338,5,2019-04-26 00:38:41,63,34.74642200627467,35.363430970682195,True
338,5,2019-04-25 23:38:41,64,34.74917545592519,35.375640855054954,True
338,5,2019-04-25 22:38:41,65,34.753300289828445,35.38631019574622,True
338,5,2019-04-25 21:38:41,66,34.759036453762214,35.40011554762504,True
338,5,2019-04-25 20:38:41,67,34.76743256493811,35.412031617639364,True
338,5,2019-04-25 19:38:41,68,34.77582839654228,35.42581102930743,True
338,5,2019-04-25 18:38:41,69,34.78539146643069,35.43643443055787,True
338,5,2019-04-25 17:38:41,70,34.79508677594837,35.4484145554883,True
338,5,2019-04-25 16:38:41,71,34.80642687571788,35.457664046795315,True
338,5,2019-04-25 15:38:41,72,34.81874535964406,35.466748658202235,True
369,0,2019-04-28 15:38:41,0,34.562116,34.819203,True
369,0,2019-04-28 14:38:41,1,34.55436153864118,34.82246313429637,True
369,0,2019-04-28 13:38:41,2,34.54721297541426,34.82778275069503,True
369,0,2019-04-28 12:38:41,3,34.5409086081917,34.836041550121145,True
369,0,2019-04-28 11:38:41,4,34.532574793235256,34.845075746909636,True
369,0,2019-04-28 10:38:41,5,34.527604042044004,34.852003308204914,True
369,0,2019-04-28 09:38:41,6,34.52559054333093,34.860861870490034,True
369,0,2019-04-28 08:38:41,7,34.5242792621641,34.865406927634574,True
369,0,2019-04-28 07:38:41,8,34.5234464468693,34.87240122393094,True
369,0,2019-04-28 06:38:41,9,34.51961666355822,34.87912645711739,True
369,0,2019-04-28 05:38:41,10,34.517556252475124,34.88421129771019,True
369,0,2019-04-28 04:38:41,11,34.513700309419605,34.887430061782474,True
369,0,2019-04-28 03:38:41,12,34.511547968689946,34.89086612905242,True
369,0,2019-04-28 02:38:41,13,34.511707964563186,34.89490976657759,True
369,0,2019-04-28 01:38:41,14,34.51044487054951,34.897023472175576,True
369,0,2019-04-28 00:38:41,15,34.50943692209528,34.901669261397714,True
369,0,2019-04-27 23:38:41,16,34.507058721730246,34.903490271942665,True
369,0,2019-04-27 22:38:41,17,34.50464670004407,34.90731857551949,True
369,0,2019-04-27 21:38:41,18,34.50247984213365,34.90977912078997,True
369,0,2019-04-27 20:38:41,19,34.500244644933346,34.91193470022989,True
369,0,2019-04-27 19:38:41,20,34.49902222723414,34.91531363243041,True
369,0,2019-04-27 18:38:41,21,34.49852899605404,34.91993309600961,True
369,0,2019-04-27 17:38:41,22,34.49567133424524,34.92321982891034,True
369,0,2019-04-27 16:38:41,23,34.49379355693462,34.93127525752549,True
369,0,2019-04-27 15:38:41,24,34.49183101445741,34.937915556290704,True
369,0,2019-04-27 14:38:41,25,34.49106970132353,34.94456199240337,True
369,0,2019-04-27 13:38:41,26,34.489701906142045,34.95109249493167,True
369,0,2019-04-27 12:38:41,27,34.49103058416718,34.95911732241636,True
369,0,2019-04-27 11:38:41,28,34.491303555197,34.96866645928131,True
369,0,2019-04-27 10:38:41,29,34.49341176397667,34.977207109604,True
369,0,2019-04-27 09:38:41,30,34.49438663002146,34.98215559471333,True
369,0,2019-04-27 08:38:41,31,34.49753159719507,34.98795864477729,True
369,0,2019-04-27 07:38:41,32,34.50249509777196,34.98873498607508,True
369,0,2019-04-27 06:38:41,33,34.50517702086684,34.99181279040987,True
369,0,2019-04-27 05:38:41,34,34.507500478269485,34.99550474669489,True
369,0,2019-04-27 04:38:41,35,34.511173598568284,34.99730267295259,True
369,0,2019-04-27 03:38:41,36,34.51317173504057,35.0004510353354,True
369,0,2019-04-27 02:38:41,37,34.51563561408745,35.000815130435505,True
369,0,2019-04-27 01:38:41,38,34.518462149744096,35.00381726130679,True
369,0,2019-04-27 00:38:41,39,34.52140571440433,35.00496049544187,True
369,0,2019-04-26 23:38:41,40,34.52389574903636,35.011861045069246,True
369,0,2019-04-26 22:38:41,41,34.52643290963596,35.019150057413626,True
369,0,2019-04-26 21:38:41,42,34.52673999911277,35.0256036099948,True
369,0,2019-04-26 20:38:41,43,34.52798944605767,35.03046530257646,True
369,0,2019-04-26 19:38:41,44,34.530523376049786,35.03460637577775,True
369,0,2019-04-26 18:38:41,45,34.534129070558045,35.04228626208146,True
369,0,2019-04-26 17:38:41,46,34.53982863961085,35.04892824687684,True
369,0,2019-04-26 16:38:41,47,34.54189154881959,35.05107284866114,True
369,0,2019-04-26 15:38:41,48,34.54674745994026,35.05439289930943,True
369,0,2019-04-26 14:38:41,49,34.55115910989863,35.05802878031647,True
369,0,2019-04-26 13:38:41,50,34.555287547265706,35.06586933836718,True
369,0,2019-04-26 12:38:41,51,34.55880664867301,35.068946971270236,True
369,0,2019-04-26 11:38:41,52,34.56210312868008,35.07051443482979,True
369,0,2019-04-26 10:38:41,53,34.566413101304256,35.07258732263193,True
369,0,2019-04-26 09:38:41,54,34.57186928720821,35.07709576334339,True
369,0,2019-04-26 08:38:41,55,34.577911496936444,35.083001316413785,True
369,0,2019-04-26 07:38:41,56,34.58524034746854,35.08725171647453,True
369,0,2019-04-26 06:38:41,57,34.59048673895106,35.093703856522225,True
369,0,2019-04-26 05:38:41,58,34.594936474260294,35.10031323739984,True
369,0,2019-04-26 04:38:41,59,34.60053107410488,35.10421606605669,True
369,0,2019-04-26 03:38:41,60,34.60352762606275,35.10560640462872,True
369,0,2019-04-26 02:38:41,61,34.60775529214348,35.10905191448885,True
369,0,2019-04-26 01:38:41,62,34.61132410295316,35.112548180035226,True
369,0,2019-04-26 00:38:41,63,34.611451310063956,35.11914091447328,True
369,0,2019-04-25 23:38:41,64,34.61253328097561,35.12054265303687,True
369,0,2019-04-25 22:38:41,65,34.613117968722634,35.12628178840195,True
369,0,2019-04-25 21:38:41,66,34.61463014545342,35.134487590329584,True
369,0,2019-04-25 20:38:41,67,34.61621412588596,35.14406813996875,True
369,0,2019-04-25 19:38:41,68,34.61675969856378,35.150235453773604,True
369,0,2019-04-25 18:38:41,69,34.619614881009575,35.1572059596499,True
369,0,2019-04-25 17:38:41,70,34.62181275154385,35.16895098045895,True
369,0,2019-04-25 16:38:41,71,34.627665133970446,35.17992537206001,True
369,0,2019-04-25 15:38:41,72,34.63394673043601,35.193349565086706,True
369,1,2019-04-28 15:38:41,0,34.562116,34.819203,True
369,1,2019-04-28 14:38:41,1,34.55591107912861,34.82579181814825,True
369,1,2019-04-28 13:38:41,2,34.548228162944845,34.83016732218,True
369,1,2019-04-28 12:38:41,3,34.54517429093233,34.839986412713884,True
369,1,2019-04-28 11:38:41,4,34.54160028391427,34.849302044601856,True
369,1,2019-04-28 10:38:41,5,34.53833036078778,34.857481839717664,True
369,1,2019-04-28 09:38:41,6,34.53654334372035,34.865591930844474,True
369,1,2019-04-28 08:38:41,7,34.534952877232605,34.87496251682311,True
369,1,2019-04-28 07:38:41,8,34.53359464970774,34.884977735899696,True
369,1,2019-04-28 06:38:41,9,34.53264705744189,34.8908023096737,True
369,1,2019-04-28 05:38:41,10,34.53410482483126,34.89774910655195,True
369,1,2019-04-28 04:38:41,11,34.53755286308216,34.90172906715505,True
369,1,2019-04-28 03:38:41,12,34.54118380379521,34.90497194174945,True
369,1,2019-04-28 02:38:41,13,34.54374805712404,34.9059367933407,True
369,1,2019-04-28 01:38:41,14,34.5458848670284,34.90985191699572,True
369,1,2019-04-28 00:38:41,15,34.54619470370824,34.91166815991369,True
369,1,2019-04-27 23:38:41,16,34.54644989800517,34.91447528140235,True
369,1,2019-04-27 22:38:41,17,34.54469967639743,34.91808505102449,True
369,1,2019-04-27 21:38:41,18,34.54204929245268,34.92011226248516,True
369,1,2019-04-27 20:38:41,19,34.53851918701935,34.922030396437165,True
369,1,2019-04-27 19:38:41,20,34.53808367753992,34.92352304934879,True
369,1,2019-04-27 18:38:41,21,34.53662400899262,34.92754877052661,True
369,1,2019-04-27 17:38:41,22,34.53494460534164,34.931747697503766,True
369,1,2019-04-27 16:38:41,23,34.53333612694466,34.93624239314078,True
369,1,2019-04-27 15:38:41,24,34.53133683069872,34.94395504763668,True
369,1,2019-04-27 14:38:41,25,34.52898898661845,34.95094879462709,True
369,1,2019-04-27 13:38:41,26,34.5302184936114,34.95684261243056,True
369,1,2019-04-27 12:38:41,27,34.52943946185973,34.96473515085599,True
369,1,2019-04-27 11:38:41,28,34.52980945147957,34.973198337547295,True
369,1,2019-04-27 10:38:41,29,34.53298740652547,34.981090404458214,True
369,1,2019-04-27 09:38:41,30,34.53486067932767,34.99093504645846,True
369,1,2019-04-27 08:38:41,31,34.538180269513894,34.99546006237378,True
369,1,2019-04-27 07:38:41,32,34.541592904891395,34.99899632926928,True
369,1,2019-04-27 06:38:41,33,34.54620788498168,35.00020480957823,True
369,1,2019-04-27 05:38:41,34,34.54976747718067,35.00231660094619,True
369,1,2019-04-27 04:38:41,35,34.550943732271804,35.005500677815704,True
369,1,2019-04-27 03:38:41,36,34.55579866500964,35.00595234890674,True
369,1,2019-04-27 02:38:41,37,34.55805218905378,35.007657964390965,True
369,1,2019-04-27 01:38:41,38,34.559480110188126,35.011436142832245,True
369,1,2019-04-27 00:38:41,39,34.56123665884442,35.01252077671752,True
369,1,2019-04-26 23:38:41,40,34.56275317217333,35.01426705776568,True
369,1,2019-04-26 22:38:41,41,34.565261210957296,35.01809835580776,True
369,1,2019-04-26 21:38:41,42,34.56795032024475,35.02553138410993,True
369,1,2019-04-26 20:38:41,43,34.569749871315,35.03223526731349,True
369,1,2019-04-26 19:38:41,44,34.57101562487497,35.03593647340671,True
369,1,2019-04-26 18:38:41,45,34.572653920419846,35.04027968754061,True
369,1,2019-04-26 17:38:41,46,34.57461534070032,35.04552273745961,True
369,1,2019-04-26 16:38:41,47,34.57602011447763,35.051661668031585,True
369,1,2019-04-26 15:38:41,48,34.57789383868101,35.05635076502118,True
369,1,2019-04-26 14:38:41,49,34.582049667828876,35.0616029284932,True
369,1,2019-04-26 13:38:41,50,34.584928877635825,35.07032491827747,True
369,1,2019-04-26 12:38:41,51,34.59028251494234,35.075619893802575,True
369,1,2019-04-26 11:38:41,52,34.5942056438595,35.078997534375965,True
369,1,2019-04-26 10:38:41,53,34.598156038846575,35.08491122796876,True
369,1,2019-04-26 09:38:41,54,34.60383819700272,35.08982172054208,True
369,1,2019-04-26 08:38:41,55,34.605614919213956,35.09453183325904,True
369,1,2019-04-26 07:38:41,56,34.60957675337227,35.099328715636574,True
369,1,2019-04-26 06:38:41,57,34.61172680049462,35.105134498872886,True
369,1,2019-04-26 05:38:41,58,34.61501633483978,35.11153584289252,True
369,1,2019-04-26 04:38:41,59,34.617423370493505,35.11361725316639,True
369,1,2019-04-26 03:38:41,60,34.62076575398113,35.11991273743889,True
369,1,2019-04-26 02:38:41,61,34.62548557791135,35.125464446028026,True
369,1,2019-04-26 01:38:41,62,34.62635385834081,35.1305775833663,True
369,1,2019-04-26 00:38:41,63,34.62532669432897,35.13634007929142,True
369,1,2019-04-25 23:38:41,64,34.62657768303001,35.14416379838725,True
369,1,2019-04-25 22:38:41,65,34.627238740437676,35.15234150162779,True
369,1,2019-04-25 21:38:41,66,34.63037318492705,35.16070930147465,True
369,1,2019-04-25 20:38:41,67,34.633099875727225,35.16917720481292,True
369,1,2019-04-25 19:38:41,68,34.639224866756464,35.18035302244054,True
369,1,2019-04-25 18:38:41,69,34.64236775357144,35.192856553376586,True
369,1,2019-04-25 17:38:41,70,34.647959775717645,35.20606849005752,True
369,1,2019-04-25 16:38:41,71,34.65401496590966,35.21872599388489,True
369,1,2019-04-25 15:38:41,72,34.66086544861059,35.23304196399894,True
369,2,2019-04-28 15:38:41,0,34.562116,34.819203,True
369,2,2019-04-28 14:38:41,1,34.5556375031335,34.82278676240253,True
369,2,2019-04-28 13:38:41,2,34.54934020294832,34.828424588100596,True
369,2,2019-04-28 12:38:41,3,34.54360985037368,34.83878029196909,True
369,2,2019-04-28 11:38:41,4,34.53882599751244,34.84619458823264,True
369,2,2019-04-28 10:38:41,5,34.53455376267714,34.856947602805164,True
369,2,2019-04-28 09:38:41,6,34.53269129842986,34.866528827577575,True
369,2,2019-04-28 08:38:41,7,34.5314481506322,34.873145395468384,True
369,2,2019-04-28 07:38:41,8,34.53150201859971,34.88122941078497,True
369,2,2019-04-28 06:38:41,9,34.53050790088335,34.886378518640186,True
369,2,2019-04-28 05:38:41,10,34.526611705617455,34.892258714215664,True
369,2,2019-04-28 04:38:41,11,34.52551742377718,34.897519041342264,True
369,2,2019-04-28 03:38:41,12,34.527090946115294,34.90261564347912,True
369,2,2019-04-28 02:38:41,13,34.529688929308406,34.903977372583974,True
369,2,2019-04-28 01:38:41,14,34.52800401150859,34.90500667329726,True
369,2,2019-04-28 00:38:41,15,34.5285165596815,34.908269111613016,True
369,2,2019-04-27 23:38:41,16,34.52882251464725,34.91064183769051,True
369,2,2019-04-27 22:38:41,17,34.52609239169373,34.90846857929527,True
369,2,2019-04-27 21:38:41,18,34.524976847721895,34.908802248125056,True
369,2,2019-04-27 20:38:41,19,34.521124251828624,34.91132020017674,True
369,2,2019-04-27 19:38:41,20,34.51951248662005,34.91262906852157,True
369,2,2019-04-27 18:38:41,21,34.51653533203604,34.9175320042575,True
369,2,2019-04-27 17:38:41,22,34.514861546512854,34.922414052897444,True
369,2,2019-04-27 16:38:41,23,34.51333077932195,34.92572297590968,True
369,2,2019-04-27 15:38:41,24,34.51213432370447,34.930334465455445,True
369,2,2019-04-27 14:38:41,25,34.50905392125803,34.935901134785055,True
369,2,2019-04-27 13:38:41,26,34.509231027270246,34.941156661905886,True
369,2,2019-04-27 12:38:41,27,34.50636147062551,34.952260792366026,True
369,2,2019-04-27 11:38:41,28,34.5049748742509,34.96216207451261,True
369,2,2019-04-27 10:38:41,29,34.50667271195576,34.96931575449798,True
369,2,2019-04-27 09:38:41,30,34.5085383202164,34.97991990061882,True
369,2,2019-04-27 08:38:41,31,34.51066474073974,34.98275472693248,True
369,2,2019-04-27 07:38:41,32,34.51454593823391,34.989273595936616,True
369,2,2019-04-27 06:38:41,33,34.51680196549575,34.99198407477042,True
369,2,2019-04-27 05:38:41,34,34.51854068875893,34.99278952242144,True
369,2,2019-04-27 04:38:41,35,34.52179684257544,34.99386905523869,True
369,2,2019-04-27 03:38:41,36,34.5223550966459,34.995364597097705,True
369,2,2019-04-27 02:38:41,37,34.52281324990452,34.99450818629565,True
369,2,2019-04-27 01:38:41,38,34.52447601416965,34.995748274590895,True
369,2,2019-04-27 00:38:41,39,34.52353247958143,34.99836333490154,True
369,2,2019-04-26 23:38:41,40,34.5247875515896,35.00236202474,True
369,2,2019-04-26 22:38:41,41,34.52557300552976,35.006843751641405,True
369,2,2019-04-26 21:38:41,42,34.52573795563606,35.012455976657236,True
369,2,2019-04-26 20:38:41,43,34.52749488920644,35.018962731658796,True
369,2,2019-04-26 19:38:41,44,34.53028492019725,35.02358774514595,True
369,2,2019-04-26 18:38:41,45,34.533192075933236,35.03224939694283,True
369,2,2019-04-26 17:38:41,46,34.53554581757837,35.03685846193385,True
369,2,2019-04-26 16:38:41,47,34.5378828415041,35.03871211305633,True
369,2,2019-04-26 15:38:41,48,34.53998006111436,35.045199625623596,True
369,2,2019-04-26 14:38:41,49,34.54399811977629,35.04656222349075,True
369,2,2019-04-26 13:38:41,50,34.548482359682474,35.04808251417486,True
369,2,2019-04-26 12:38:41,51,34.54748187928054,35.05507343102882,True
369,2,2019-04-26 11:38:41,52,34.55273023701071,35.058641487775816,True
369,2,2019-04-26 10:38:41,53,34.55687442387873,35.058699972033544,True
369,2,2019-04-26 09:38:41,54,34.560294791077546,35.06208822649957,True
369,2,2019-04-26 08:38:41,55,34.563820946785825,35.067162473296904,True
369,2,2019-04-26 07:38:41,56,34.567457955485445,35.07110733114902,True
369,2,2019-04-26 06:38:41,57,34.57001291956576,35.07717521462543,True
369,2,2019-04-26 05:38:41,58,34.57417265997339,35.082404110003715,True
369,2,2019-04-26 04:38:41,59,34.57669143800698,35.08458190918171,True
369,2,2019-04-26 03:38:41,60,34.57729247963299,35.088758914972914,True
369,2,2019-04-26 02:38:41,61,34.57713964399522,35.09166870372947,True
369,2,2019-04-26 01:38:41,62,34.57811532430008,35.09818624681485,True
369,2,2019-04-26 00:38:41,63,34.57701448437486,35.0999139872836,True
369,2,2019-04-25 23:38:41,64,34.57733969286263,35.1044864581109,True
369,2,2019-04-25 22:38:41,65,34.57806762415245,35.10800592523084,True
369,2,2019-04-25 21:38:41,66,34.57878546100052,35.11062005284437,True
369,2,2019-04-25 20:38:41,67,34.57774761083504,35.111818546516126,True
369,2,2019-04-25 19:38:41,68,34.57740108162522,35.11989257127463,True
369,2,2019-04-25 18:38:41,69,34.57640236229352,35.13056280893775,True
369,2,2019-04-25 17:38:41,70,34.58005785527555,35.14018001399873,True
369,2,2019-04-25 16:38:41,71,34.58470489350489,35.15139648338948,True
369,2,2019-04-25 15:38:41,72,34.58796395283698,35.161119645026574,True
369,3,2019-04-28 15:38:41,0,34.562116,34.819203,True
369,3,2019-04-28 14:38:41,1,34.55535351210729,34.82463383017328,True
369,3,2019-04-28 13:38:41,2,34.55074139584626,34.831436965117454,True
369,3,2019-04-28 12:38:41,3,34.54571456521073,34.83920343571768,True
369,3,2019-04-28 11:38:41,4,34.54017061749587,34.84688160589227,True
369,3,2019-04-28 10:38:41,5,34.5370833536483,34.85319260011487,True
369,3,2019-04-28 09:38:41,6,34.53476697452229,34.86086847937083,True
369,3,2019-04-28 08:38:41,7,34.532844520307385,34.868750680781616,True
369,3,2019-04-28 07:38:41,8,34.53102231201793,34.8768523961224,True
369,3,2019-04-28 06:38:41,9,34.53023491869976,34.882253836862816,True
369,3,2019-04-28 05:38:41,10,34.527765884456876,34.8868947407146,True
369,3,2019-04-28 04:38:41,11,34.52698435019304,34.89294628621734,True
369,3,2019-04-28 03:38:41,12,34.529210274334226,34.89609642384889,True
369,3,2019-04-28 02:38:41,13,34.530711827328645,34.898157505703075,True
369,3,2019-04-28 01:38:41,14,34.530060790607344,34.90157622043066,True
369,3,2019-04-28 00:38:41,15,34.531126603485596,34.90421788201253,True
369,3,2019-04-27 23:38:41,16,34.52788667073125,34.90875513003043,True
369,3,2019-04-27 22:38:41,17,34.52520806211735,34.91200278130503,True
369,3,2019-04-27 21:38:41,18,34.524947589213745,34.91352967589148,True
369,3,2019-04-27 20:38:41,19,34.52510541550902,34.91607031384669,True
369,3,2019-04-27 19:38:41,20,34.524978779607814,34.91747088191602,True
369,3,2019-04-27 18:38:41,21,34.523498224185815,34.91937410087971,True
369,3,2019-04-27 17:38:41,22,34.52138371086452,34.9242086259043,True
369,3,2019-04-27 16:38:41,23,34.520536373990566,34.927864360698905,True
369,3,2019-04-27 15:38:41,24,34.519791564312534,34.93405772850852,True
369,3,2019-04-27 14:38:41,25,34.52013409285212,34.93965592195497,True
369,3,2019-04-27 13:38:41,26,34.51853280169571,34.94836611204115,True
369,3,2019-04-27 12:38:41,27,34.51762236818579,34.9537216854194,True
369,3,2019-04-27 11:38:41,28,34.5186909521724,34.95916188699938,True
369,3,2019-04-27 10:38:41,29,34.52236197905179,34.96666369453135,True
369,3,2019-04-27 09:38:41,30,34.523607827956376,34.97537664461267,True
369,3,2019-04-27 08:38:41,31,34.52627798190869,34.98086474494504,True
369,3,2019-04-27 07:38:41,32,34.5288505422494,34.98305658944277,True
369,3,2019-04-27 06:38:41,33,34.532966648147294,34.983816862163565,True
369,3,2019-04-27 05:38:41,34,34.53653685239082,34.987759290744215,True
369,3,2019-04-27 04:38:41,35,34.53995970251113,34.98900792992757,True
369,3,2019-04-27 03:38:41,36,34.54422556360984,34.99065716912056,True
369,3,2019-04-27 02:38:41,37,34.54496336692687,34.991757715257194,True
369,3,2019-04-27 01:38:41,38,34.54745209046975,34.99252572094658,True
369,3,2019-04-27 00:38:41,39,34.54752110503947,34.99389758380217,True
369,3,2019-04-26 23:38:41,40,34.54922888502904,34.99945513248463,True
369,3,2019-04-26 22:38:41,41,34.55059957409711,35.002744178150394,True
369,3,2019-04-26 21:38:41,42,34.55167640160421,35.00591488608252,True
369,3,2019-04-26 20:38:41,43,34.5544105878952,35.01180643642115,True
369,3,2019-04-26 19:38:41,44,34.557178372461415,35.01915964684185,True
369,3,2019-04-26 18:38:41,45,34.55898734139628,35.02198442607928,True
369,3,2019-04-26 17:38:41,46,34.56054813501319,35.026076798096476,True
369,3,2019-04-26 16:38:41,47,34.565940333878146,35.03345444919382,True
369,3,2019-04-26 15:38:41,48,34.57212607377724,35.037359855984015,True
369,3,2019-04-26 14:38:41,49,34.575871891860274,35.039653356355146,True
369,3,2019-04-26 13:38:41,50,34.57864417385067,35.04536767974642,True
369,3,2019-04-26 12:38:41,51,34.582833729580415,35.04707687636868,True
369,3,2019-04-26 11:38:41,52,34.58641390031199,35.048117877204156,True
369,3,2019-04-26 10:38:41,53,34.590946101097494,35.051185922109305,True
369,3,2019-04-26 09:38:41,54,34.595214118248954,35.05361298323622,True
369,3,2019-04-26 08:38:41,55,34.59918380142305,35.05823698184592,True
369,3,2019-04-26 07:38:41,56,34.6013403739431,35.061119065783046,True
369,3,2019-04-26 06:38:41,57,34.60506167355356,35.06202627477917,True
369,3,2019-04-26 05:38:41,58,34.60817133917358,35.06377659942869,True
369,3,2019-04-26 04:38:41,59,34.61018017221207,35.06503928399454,True
369,3,2019-04-26 03:38:41,60,34.613357802757726,35.070852514741844,True
369,3,2019-04-26 02:38:41,61,34.61672496570223,35.073044417364464,True
369,3,2019-04-26 01:38:41,62,34.61762354422521,35.07712420453035,True
369,3,2019-04-26 00:38:41,63,34.6193203460339,35.07974911713184,True
369,3,2019-04-25 23:38:41,64,34.6201301720455,35.084484957010055,True
369,3,2019-04-25 22:38:41,65,34.62407777889823,35.08962789953743,True
369,3,2019-04-25 21:38:41,66,34.62637618603833,35.09394630539333,True
369,3,2019-04-25 20:38:41,67,34.62747101260643,35.10122431739925,True
369,3,2019-04-25 19:38:41,68,34.62837209094697,35.1064444289486,True
369,3,2019-04-25 18:38:41,69,34.63079114111686,35.11291358161216,True
369,3,2019-04-25 17:38:41,70,34.634950370640915,35.119870906688774,True
369,3,2019-04-25 16:38:41,71,34.63681754886234,35.12740653714304,True
369,3,2019-04-25 15:38:41,72,34.641028860208415,35.138103134115816,True
369,4,2019-04-28 15:38:41,0,34.562116,34.819203,True
369,4,2019-04-28 14:38:41,1,34.55170407462312,34.825044166322535,True
369,4,2019-04-28 13:38:41,2,34.54421346150432,34.83248504226868,True
369,4,2019-04-28 12:38:41,3,34.53798512446823,34.83844511542378,True
369,4,2019-04-28 11:38:41,4,34.533375596610114,34.84526608483859,True
369,4,2019-04-28 10:38:41,5,34.5293541463817,34.85316395978339,True
369,4,2019-04-28 09:38:41,6,34.52746030184553,34.85983000492516,True
369,4,2019-04-28 08:38:41,7,34.523703487043704,34.86887186323501,True
369,4,2019-04-28 07:38:41,8,34.523549618563344,34.87415165340861,True
369,4,2019-04-28 06:38:41,9,34.51990256608204,34.880272560802645,True
369,4,2019-04-28 05:38:41,10,34.51922626716107,34.888169311653236,True
369,4,2019-04-28 04:38:41,11,34.51605305899462,34.88876020711946,True
369,4,2019-04-28 03:38:41,12,34.515853431381956,34.893271666756725,True
369,4,2019-04-28 02:38:41,13,34.51384300756837,34.89365081364574,True
369,4,2019-04-28 01:38:41,14,34.51177937412002,34.89373895604742,True
369,4,2019-04-28 00:38:41,15,34.50853686263915,34.89260867333556,True
369,4,2019-04-27 23:38:41,16,34.50366344239283,34.893360576769616,True
369,4,2019-04-27 22:38:41,17,34.502050310108864,34.89409216549081,True
369,4,2019-04-27 21:38:41,18,34.498195822418595,34.891322446604356,True
369,4,2019-04-27 20:38:41,19,34.49371573212819,34.89050196526316,True
369,4,2019-04-27 19:38:41,20,34.48971727113411,34.89098823298767,True
369,4,2019-04-27 18:38:41,21,34.483803629108984,34.89289236522083,True
369,4,2019-04-27 17:38:41,22,34.47879871456026,34.89593146835448,True
369,4,2019-04-27 16:38:41,23,34.47370621799398,34.8979355835132,True
369,4,2019-04-27 15:38:41,24,34.46769147231856,34.90117074040816,True
369,4,2019-04-27 14:38:41,25,34.46063134507914,34.90797327135374,True
369,4,2019-04-27 13:38:41,26,34.45367169031505,34.91443458329738,True
369,4,2019-04-27 12:38:41,27,34.44787578026467,34.91970147360655,True
369,4,2019-04-27 11:38:41,28,34.44330693949357,34.92796699010252,True
369,4,2019-04-27 10:38:41,29,34.44083416479792,34.93465620769208,True
369,4,2019-04-27 09:38:41,30,34.436674500382445,34.94086061174081,True
369,4,2019-04-27 08:38:41,31,34.43457675250225,34.948633449227884,True
369,4,2019-04-27 07:38:41,32,34.43451408601652,34.953481802687264,True
369,4,2019-04-27 06:38:41,33,34.43385270897599,34.95278906264119,True
369,4,2019-04-27 05:38:41,34,34.4324673962712,34.95240108480406,True
369,4,2019-04-27 04:38:41,35,34.43057415259137,34.951666298827526,True
369,4,2019-04-27 03:38:41,36,34.42773496322038,34.95261551735629,True
369,4,2019-04-27 02:38:41,37,34.427331564933716,34.953701467180274,True
369,4,2019-04-27 01:38:41,38,34.42681031095077,34.95557350484112,True
369,4,2019-04-27 00:38:41,39,34.42377285610882,34.95850561076475,True
369,4,2019-04-26 23:38:41,40,34.422570864424635,34.96351347322004,True
369,4,2019-04-26 22:38:41,41,34.420006779314626,34.96509659935782,True
369,4,2019-04-26 21:38:41,42,34.42158965922853,34.97328158592935,True
369,4,2019-04-26 20:38:41,43,34.41981450739507,34.979790013751014,True
369,4,2019-04-26 19:38:41,44,34.41861825044189,34.98428426560827,True
369,4,2019-04-26 18:38:41,45,34.4179553526544,34.991984819059404,True
369,4,2019-04-26 17:38:41,46,34.41854363547493,35.00047310619228,True
369,4,2019-04-26 16:38:41,47,34.42113120188757,35.005742895668654,True
369,4,2019-04-26 15:38:41,48,34.42524781363948,35.00866162024283,True
369,4,2019-04-26 14:38:41,49,34.42919730254703,35.011063925184985,True
369,4,2019-04-26 13:38:41,50,34.431435010787354,35.01188872791339,True
369,4,2019-04-26 12:38:41,51,34.43571414017636,35.013771492100794,True
369,4,2019-04-26 11:38:41,52,34.437827074138134,35.01258988995744,True
369,4,2019-04-26 10:38:41,53,34.43966947898219,35.012421259040764,True
369,4,2019-04-26 09:38:41,54,34.44162498398935,35.01150336582635,True
369,4,2019-04-26 08:38:41,55,34.44216257693302,35.00837073930384,True
369,4,2019-04-26 07:38:41,56,34.44021409392686,35.009839728252125,True
369,4,2019-04-26 06:38:41,57,34.440694169823,35.009370373059326,True
369,4,2019-04-26 05:38:41,58,34.440908823823534,35.00948687919008,True
369,4,2019-04-26 04:38:41,59,34.43708245512841,35.012909645495355,True
369,4,2019-04-26 03:38:41,60,34.43471208270224,35.01600064697907,True
369,4,2019-04-26 02:38:41,61,34.43262408167565,35.020210043922795,True
369,4,2019-04-26 01:38:41,62,34.43400784059267,35.022614797584815,True
369,4,2019-04-26 00:38:41,63,34.432687202407976,35.027683878977626,True
369,4,2019-04-25 23:38:41,64,34.4343051160692,35.0346093779693,True
369,4,2019-04-25 22:38:41,65,34.43736399281446,35.04059533790987,True
369,4,2019-04-25 21:38:41,66,34.43847605511572,35.044655212058515,True
369,4,2019-04-25 20:38:41,67,34.44018772458171,35.04734422549663,True
369,4,2019-04-25 19:38:41,68,34.44045486453661,35.05258480793288,True
369,4,2019-04-25 18:38:41,69,34.44169965393768,35.056732705048304,True
369,4,2019-04-25 17:38:41,70,34.4442435023853,35.059481839309015,True
369,4,2019-04-25 16:38:41,71,34.44755230819059,35.06339744276675,True
369,4,2019-04-25 15:38:41,72,34.45061036541529,35.06466744776864,True
369,5,2019-04-28 15:38:41,0,34.562116,34.819203,True
369,5,2019-04-28 14:38:41,1,34.55397338021962,34.824759132184916,True
369,5,2019-04-28 13:38:41,2,34.54606775790903,34.83223860289885,True
369,5,2019-04-28 12:38:41,3,34.539819897319255,34.837945524420945,True
369,5,2019-04-28 11:38:41,4,34.53458886848337,34.844530260760735,True
369,5,2019-04-28 10:38:41,5,34.52947734045778,34.850770513275336,True
369,5,2019-04-28 09:38:41,6,34.526458180245285,34.85797743370109,True
369,5,2019-04-28 08:38:41,7,34.525919658126256,34.86488010555261,True
369,5,2019-04-28 07:38:41,8,34.52278647883854,34.87137615574048,True
369,5,2019-04-28 06:38:41,9,34.51897629823889,34.87480311913395,True
369,5,2019-04-28 05:38:41,10,34.51581848919145,34.88099526895921,True
369,5,2019-04-28 04:38:41,11,34.51419077209007,34.88703476729063,True
369,5,2019-04-28 03:38:41,12,34.51262222661114,34.89105080428895,True
369,5,2019-04-28 02:38:41,13,34.510698700066705,34.89114727675949,True
369,5,2019-04-28 01:38:41,14,34.5082190939283,34.89300343464591,True
369,5,2019-04-28 00:38:41,15,34.505421277467924,34.89557810831375,True
369,5,2019-04-27 23:38:41,16,34.50402746349424,34.89682533680449,True
369,5,2019-04-27 22:38:41,17,34.49983431523839,34.89479906966955,True
369,5,2019-04-27 21:38:41,18,34.49538712144772,34.89488872421864,True
369,5,2019-04-27 20:38:41,19,34.49265046915005,34.89344212141191,True
369,5,2019-04-27 19:38:41,20,34.48932122264259,34.89464232617189,True
369,5,2019-04-27 18:38:41,21,34.48617479860403,34.89624400958745,True
369,5,2019-04-27 17:38:41,22,34.4821345707627,34.89710102495478,True
369,5,2019-04-27 16:38:41,23,34.47637778526168,34.89898783335631,True
369,5,2019-04-27 15:38:41,24,34.472274805407615,34.90545810440047,True
369,5,2019-04-27 14:38:41,25,34.46883803211724,34.913574198280095,True
369,5,2019-04-27 13:38:41,26,34.467368780293036,34.921145094449386,True
369,5,2019-04-27 12:38:41,27,34.46450768470473,34.93200732477872,True
369,5,2019-04-27 11:38:41,28,34.46029380174595,34.93772322244482,True
369,5,2019-04-27 10:38:41,29,34.456781468549636,34.94618148468667,True
369,5,2019-04-27 09:38:41,30,34.45330470614052,34.94890296917936,True
369,5,2019-04-27 08:38:41,31,34.452122600111004,34.95568465322102,True
369,5,2019-04-27 07:38:41,32,34.45057474049661,34.95717028166809,True
369,5,2019-04-27 06:38:41,33,34.450048002685584,34.958360603041186,True
369,5,2019-04-27 05:38:41,34,34.45065818242588,34.962224019139754,True
369,5,2019-04-27 04:38:41,35,34.450566734198404,34.95972649238501,True
369,5,2019-04-27 03:38:41,36,34.44831404980189,34.961676868194175,True
369,5,2019-04-27 02:38:41,37,34.44640503766224,34.966750842491,True
369,5,2019-04-27 01:38:41,38,34.44545784008489,34.97196365500349,True
369,5,2019-04-27 00:38:41,39,34.44554818706195,34.97753857034833,True
369,5,2019-04-26 23:38:41,40,34.44387153638531,34.97922769202396,True
369,5,2019-04-26 22:38:41,41,34.442970149605756,34.98571810283811,True
369,5,2019-04-26 21:38:41,42,34.4440584288656,34.99191634552535,True
369,5,2019-04-26 20:38:41,43,34.44239835120981,34.99779702953237,True
369,5,2019-04-26 19:38:41,44,34.44243435458396,35.00644542570035,True
369,5,2019-04-26 18:38:41,45,34.44437043635819,35.01376639546342,True
369,5,2019-04-26 17:38:41,46,34.44625008253253,35.021363800056214,True
369,5,2019-04-26 16:38:41,47,34.448866171593714,35.02969913569072,True
369,5,2019-04-26 15:38:41,48,34.45221222668086,35.03487845828544,True
369,5,2019-04-26 14:38:41,49,34.454397966838584,35.036260290704334,True
369,5,2019-04-26 13:38:41,50,34.45786662123434,35.03637167788482,True
369,5,2019-04-26 12:38:41,51,34.46003003007899,35.03923101925556,True
369,5,2019-04-26 11:38:41,52,34.46161877063458,35.041475314154845,True
369,5,2019-04-26 10:38:41,53,34.464474720735126,35.04126577315977,True
369,5,2019-04-26 09:38:41,54,34.46665013608027,35.04193720853898,True
369,5,2019-04-26 08:38:41,55,34.46815086300198,35.04218476659555,True
369,5,2019-04-26 07:38:41,56,34.468437823698146,35.0477891105118,True
369,5,2019-04-26 06:38:41,57,34.466940908763156,35.052199720673435,True
369,5,2019-04-26 05:38:41,58,34.46827500956818,35.05653349711796,True
369,5,2019-04-26 04:38:41,59,34.47092677256021,35.06025837202112,True
369,5,2019-04-26 03:38:41,60,34.4738505560824,35.062985681069925,True
369,5,2019-04-26 02:38:41,61,34.475554336063944,35.066351585040856,True
369,5,2019-04-26 01:38:41,62,34.47984544513851,35.07471527647589,True
369,5,2019-04-26 00:38:41,63,34.481152462039965,35.078080009618965,True
369,5,2019-04-25 23:38:41,64,34.484759816811795,35.080761780452214,True
369,5,2019-04-25 22:38:41,65,34.48971725095693,35.08230476528884,True
369,5,2019-04-25 21:38:41,66,34.49204758799515,35.086565673554524,True
369,5,2019-04-25 20:38:41,67,34.49437447186018,35.08884767142763,True
369,5,2019-04-25 19:38:41,68,34.49917651199927,35.09183407872454,True
369,5,2019-04-25 18:38:41,69,34.50365108458568,35.09755789436063,True
369,5,2019-04-25 17:38:41,70,34.5056737862834,35.102489774740576,True
369,5,2019-04-25 16:38:41,71,34.508710831779844,35.10857137718798,True
369,5,2019-04-25 15:38:41,72,34.51281096267182,35.11734826988987,True
78,0,2019-04-28 15:38:41,0,34.62876,34.881705,True
78,0,2019-04-28 14:38:41,1,34.62589314551358,34.88834067387536,True
78,0,2019-04-28 13:38:41,2,34.622242205634706,34.89196031685791,True
78,0,2019-04-28 12:38:41,3,34.62398173954836,34.897502874519205,True
78,0,2019-04-28 11:38:41,4,34.62263817564282,34.90780065791339,True
78,0,2019-04-28 10:38:41,5,34.62224033294922,34.91484978135344,True
78,0,2019-04-28 09:38:41,6,34.62552905240397,34.92606041606846,True
78,0,2019-04-28 08:38:41,7,34.63045822823903,34.93791412840807,True
78,0,2019-04-28 07:38:41,8,34.635775008533294,34.945110906901725,True
78,0,2019-04-28 06:38:41,9,34.640238991204704,34.95255648380506,True
78,0,2019-04-28 05:38:41,10,34.642437189014586,34.95838385296055,True
78,0,2019-04-28 04:38:41,11,34.64938649785227,34.963167605482546,True
78,0,2019-04-28 03:38:41,12,34.654189348985,34.967734039077484,True
78,0,2019-04-28 02:38:41,13,34.65709135344422,34.971133059974605,True
78,0,2019-04-28 01:38:41,14,34.65950563631494,34.97595660789579,True
78,0,2019-04-28 00:38:41,15,34.6625971038981,34.97808131270389,True
78,0,2019-04-27 23:38:41,16,34.66405492209995,34.980149449329424,True
78,0,2019-04-27 22:38:41,17,34.66448767981621,34.98353886169324,True
78,0,2019-04-27 21:38:41,18,34.66494540096388,34.9894007356039,True
78,0,2019-04-27 20:38:41,19,34.66342755733212,34.9943919803649,True
78,0,2019-04-27 19:38:41,20,34.66420124520043,35.00034768218712,True
78,0,2019-04-27 18:38:41,21,34.66373574258059,35.007936409433206,True
78,0,2019-04-27 17:38:41,22,34.663408502490675,35.01468378578251,True
78,0,2019-04-27 16:38:41,23,34.661999084755436,35.02156236938338,True
78,0,2019-04-27 15:38:41,24,34.6595778571539,35.029267094196065,True
78,0,2019-04-27 14:38:41,25,34.659307111756256,35.04115457031653,True
78,0,2019-04-27 13:38:41,26,34.65994935649302,35.05480907906162,True
78,0,2019-04-27 12:38:41,27,34.66128853840418,35.069030287474625,True
78,0,2019-04-27 11:38:41,28,34.66187550541572,35.08414335995281,True
78,0,2019-04-27 10:38:41,29,34.66525094124211,35.1010904339205,True
78,0,2019-04-27 09:38:41,30,34.66731134948735,35.120066902868416,True
78,0,2019-04-27 08:38:41,31,34.67014798189219,35.13180272378607,True
78,0,2019-04-27 07:38:41,32,34.67582416010825,35.14442113536471,True
78,0,2019-04-27 06:38:41,33,34.68247455798232,35.15426494101674,True
78,0,2019-04-27 05:38:41,34,34.68738499409429,35.16518785531877,True
78,0,2019-04-27 04:38:41,35,34.69194936479252,35.17450056387519,True
78,0,2019-04-27 03:38:41,36,34.69553657366515,35.17981897202533,True
78,0,2019-04-27 02:38:41,37,34.69827155522942,35.18589171889078,True
78,0,2019-04-27 01:38:41,38,34.69979150182807,35.19378911012888,True
78,0,2019-04-27 00:38:41,39,34.70015175388801,35.20593022538578,True
78,0,2019-04-26 23:38:41,40,34.701112220243914,35.219704236235366,True
78,0,2019-04-26 22:38:41,41,34.701304366963306,35.23493375643702,True
78,0,2019-04-26 21:38:41,42,34.70094014270187,35.2512525837682,True
78,0,2019-04-26 20:38:41,43,34.70208410319213,35.26934656082466,True
78,0,2019-04-26 19:38:41,44,34.702116685211074,35.2886869326821,True
78,0,2019-04-26 18:38:41,45,34.706702686896755,35.3077418655735,True
78,0,2019-04-26 17:38:41,46,34.714334229458125,35.3263054681623,True
78,0,2019-04-26 16:38:41,47,34.72107923285824,35.34278271018985,True
78,0,2019-04-26 15:38:41,48,34.72914022837332,35.36072010813994,True
78,0,2019-04-26 14:38:41,49,34.73924419347752,35.37899566762565,True
78,0,2019-04-26 13:38:41,50,34.75134205857889,35.39450037530474,True
78,0,2019-04-26 12:38:41,51,34.762703462825286,35.405918852687165,True
78,0,2019-04-26 11:38:41,52,34.774309402124885,35.41932229470445,True
78,0,2019-04-26 10:38:41,53,34.78529193942801,35.428835458725345,True
78,0,2019-04-26 09:38:41,54,34.796504903935656,35.43568568567486,True
78,0,2019-04-26 08:38:41,55,34.80552274655818,35.444551227255666,True
78,0,2019-04-26 07:38:41,56,34.81430062091343,35.45261773627003,True
78,0,2019-04-26 06:38:41,57,34.81914632500719,35.461248379970435,True
78,0,2019-04-26 05:38:41,58,34.82423816225068,35.47182112866582,True
78,0,2019-04-26 04:38:41,59,34.83046993748262,35.480218827348125,True
78,0,2019-04-26 03:38:41,60,34.83463792570153,35.4916953365295,True
78,0,2019-04-26 02:38:41,61,34.83910511082333,35.49751432739333,True
78,0,2019-04-26 01:38:41,62,34.84449327478168,35.50491894487793,True
78,0,2019-04-26 00:38:41,63,34.84965368777116,35.51649190201446,True
78,0,2019-04-25 23:38:41,64,34.85522991266126,35.525560303656626,True
78,0,2019-04-25 22:38:41,65,34.85975210160435,35.53565746018938,True
78,0,2019-04-25 21:38:41,66,34.869086090191246,35.544416570294864,True
78,0,2019-04-25 20:38:41,67,34.87858766671991,35.550457715637855,True
78,0,2019-04-25 19:38:41,68,34.886236697585616,35.559304615412366,True
78,0,2019-04-25 18:38:41,69,34.895869360430616,35.56675695035397,True
78,0,2019-04-25 17:38:41,70,34.907608751548494,35.57849231526306,True
78,0,2019-04-25 16:38:41,71,34.918580749444175,35.58691810366748,True
78,0,2019-04-25 15:38:41,72,34.930885078570164,35.592217800128,True
78,1,2019-04-28 15:38:41,0,34.62876,34.881705,True
78,1,2019-04-28 14:38:41,1,34.627975171367744,34.88775550359574,True
78,1,2019-04-28 13:38:41,2,34.62637624891696,34.89288386212285,True
78,1,2019-04-28 12:38:41,3,34.62669279932165,34.900385790221144,True
78,1,2019-04-28 11:38:41,4,34.625680538846176,34.90534078312717,True
78,1,2019-04-28 10:38:41,5,34.62726339429463,34.913946434829306,True
78,1,2019-04-28 09:38:41,6,34.630193494246996,34.92424808043147,True
78,1,2019-04-28 08:38:41,7,34.632194320348354,34.9307480165161,True
78,1,2019-04-28 07:38:41,8,34.635464031459584,34.93924500844663,True
78,1,2019-04-28 06:38:41,9,34.63782635446005,34.94787636294172,True
78,1,2019-04-28 05:38:41,10,34.64142832782914,34.9522634363002,True
78,1,2019-04-28 04:38:41,11,34.64579804684141,34.95715076436877,True
78,1,2019-04-28 03:38:41,12,34.64879577585188,34.963261981997924,True
78,1,2019-04-28 02:38:41,13,34.651415642495095,34.96466682118022,True
78,1,2019-04-28 01:38:41,14,34.653618101136296,34.96954887486185,True
78,1,2019-04-28 00:38:41,15,34.655794518754824,34.97306011618206,True
78,1,2019-04-27 23:38:41,16,34.65834715434284,34.97543180784168,True
78,1,2019-04-27 22:38:41,17,34.660650271872576,34.97922393081771,True
78,1,2019-04-27 21:38:41,18,34.66043764135316,34.98500329939369,True
78,1,2019-04-27 20:38:41,19,34.659646050092476,34.991407666692965,True
78,1,2019-04-27 19:38:41,20,34.65709374111651,34.994415394551545,True
78,1,2019-04-27 18:38:41,21,34.65672057276357,35.00051297800987,True
78,1,2019-04-27 17:38:41,22,34.65374297491063,35.00776711895497,True
78,1,2019-04-27 16:38:41,23,34.64962387784689,35.01652451399891,True
78,1,2019-04-27 15:38:41,24,34.64863916370693,35.02892896093552,True
78,1,2019-04-27 14:38:41,25,34.64728613589897,35.040473669042136,True
78,1,2019-04-27 13:38:41,26,34.646163578783636,35.05166623675767,True
78,1,2019-04-27 12:38:41,27,34.64758343128951,35.06455185033339,True
78,1,2019-04-27 11:38:41,28,34.6461226270134,35.07851020458222,True
78,1,2019-04-27 10:38:41,29,34.64815858065743,35.09232702210611,True
78,1,2019-04-27 09:38:41,30,34.65192748720689,35.103541768483375,True
78,1,2019-04-27 08:38:41,31,34.65796640987693,35.11460621866057,True
78,1,2019-04-27 07:38:41,32,34.66028988148909,35.12367707313152,True
78,1,2019-04-27 06:38:41,33,34.6619991955259,35.13513895175884,True
78,1,2019-04-27 05:38:41,34,34.666528340443136,35.14512282837947,True
78,1,2019-04-27 04:38:41,35,34.670631965212074,35.15818000382588,True
78,1,2019-04-27 03:38:41,36,34.672445853009165,35.1642234965549,True
78,1,2019-04-27 02:38:41,37,34.676963720537714,35.17367824552307,True
78,1,2019-04-27 01:38:41,38,34.67877886641256,35.18170278735751,True
78,1,2019-04-27 00:38:41,39,34.67765201106545,35.19183731786346,True
78,1,2019-04-26 23:38:41,40,34.679719844580106,35.20170989942414,True
78,1,2019-04-26 22:38:41,41,34.6773265135962,35.21725196297418,True
78,1,2019-04-26 21:38:41,42,34.67961555096977,35.2336767700284,True
78,1,2019-04-26 20:38:41,43,34.68029082799042,35.25172549457292,True
78,1,2019-04-26 19:38:41,44,34.680978850167605,35.266662814565585,True
78,1,2019-04-26 18:38:41,45,34.684356613670055,35.28309220429892,True
78,1,2019-04-26 17:38:41,46,34.68723348196358,35.30172776831196,True
78,1,2019-04-26 16:38:41,47,34.693772280713496,35.31840101806388,True
78,1,2019-04-26 15:38:41,48,34.70118614602633,35.33494811115157,True
78,1,2019-04-26 14:38:41,49,34.70747939918864,35.34731655873181,True
78,1,2019-04-26 13:38:41,50,34.71598309620634,35.363830759350186,True
78,1,2019-04-26 12:38:41,51,34.72766131283567,35.37845412941684,True
78,1,2019-04-26 11:38:41,52,34.73899875198942,35.391949842727264,True
78,1,2019-04-26 10:38:41,53,34.74807538479612,35.39993922974284,True
78,1,2019-04-26 09:38:41,54,34.7599625676594,35.41042357730707,True
78,1,2019-04-26 08:38:41,55,34.767214764265944,35.41993575562008,True
78,1,2019-04-26 07:38:41,56,34.772281632997526,35.42902908522259,True
78,1,2019-04-26 06:38:41,57,34.77663471340455,35.43790959251563,True
78,1,2019-04-26 05:38:41,58,34.78211107971706,35.44754636618895,True
78,1,2019-04-26 04:38:41,59,34.78624955768635,35.45640466807282,True
78,1,2019-04-26 03:38:41,60,34.79316223614195,35.468076004493085,True
78,1,2019-04-26 02:38:41,61,34.79909930878289,35.47742901236197,True
78,1,2019-04-26 01:38:41,62,34.80557513600729,35.48710787704401,True
78,1,2019-04-26 00:38:41,63,34.81011785354841,35.497353679928,True
78,1,2019-04-25 23:38:41,64,34.81651149923692,35.506186790101886,True
78,1,2019-04-25 22:38:41,65,34.819971695013706,35.513143117727424,True
78,1,2019-04-25 21:38:41,66,34.8276713781277,35.5203552105326,True
78,1,2019-04-25 20:38:41,67,34.83622531857862,35.52858944579056,True
78,1,2019-04-25 19:38:41,68,34.844819846712205,35.53700995597277,True
78,1,2019-04-25 18:38:41,69,34.8518985392006,35.545740593992264,True
78,1,2019-04-25 17:38:41,70,34.85955985192027,35.55222543488133,True
78,1,2019-04-25 16:38:41,71,34.868717324591245,35.56232123283469,True
78,1,2019-04-25 15:38:41,72,34.87768027813752,35.570590511245214,True
78,2,2019-04-28 15:38:41,0,34.62876,34.881705,True
78,2,2019-04-28 14:38:41,1,34.62614701827871,34.885901357202854,True
78,2,2019-04-28 13:38:41,2,34.623367000493296,34.887197855965034,True
78,2,2019-04-28 12:38:41,3,34.62309358188087,34.89279891539189,True
78,2,2019-04-28 11:38:41,4,34.62127304231774,34.8969309983106,True
78,2,2019-04-28 10:38:41,5,34.61911749198079,34.90431001301213,True
78,2,2019-04-28 09:38:41,6,34.619182037377534,34.91181099198266,True
78,2,2019-04-28 08:38:41,7,34.6179054349043,34.919734429545855,True
78,2,2019-04-28 07:38:41,8,34.61939427178254,34.92749851758422,True
78,2,2019-04-28 06:38:41,9,34.625035852150745,34.934443884938254,True
78,2,2019-04-28 05:38:41,10,34.62934420747829,34.937046409182585,True
78,2,2019-04-28 04:38:41,11,34.63226610236726,34.94482765317921,True
78,2,2019-04-28 03:38:41,12,34.63559426456562,34.94868265890558,True
78,2,2019-04-28 02:38:41,13,34.6406912404486,34.953272217993444,True
78,2,2019-04-28 01:38:41,14,34.645131727613446,34.95768498494895,True
78,2,2019-04-28 00:38:41,15,34.64896028691491,34.96161458918521,True
78,2,2019-04-27 23:38:41,16,34.652505970336435,34.96356813102674,True
78,2,2019-04-27 22:38:41,17,34.651357111575685,34.96626211827443,True
78,2,2019-04-27 21:38:41,18,34.65308676989797,34.96955086425563,True
78,2,2019-04-27 20:38:41,19,34.65280124384299,34.97161013930838,True
78,2,2019-04-27 19:38:41,20,34.65423915899464,34.97586410476987,True
78,2,2019-04-27 18:38:41,21,34.653100098412935,34.97904620753814,True
78,2,2019-04-27 17:38:41,22,34.652765752651874,34.98565275315426,True
78,2,2019-04-27 16:38:41,23,34.65101873239982,34.99454370272219,True
78,2,2019-04-27 15:38:41,24,34.65309480920349,35.0020677582814,True
78,2,2019-04-27 14:38:41,25,34.652502349159654,35.013693992475815,True
78,2,2019-04-27 13:38:41,26,34.65049402653476,35.02706663051654,True
78,2,2019-04-27 12:38:41,27,34.6493104985994,35.04281545348228,True
78,2,2019-04-27 11:38:41,28,34.65416933934922,35.05688632790666,True
78,2,2019-04-27 10:38:41,29,34.656558102064075,35.07287968629746,True
78,2,2019-04-27 09:38:41,30,34.65998103408891,35.08615599355237,True
78,2,2019-04-27 08:38:41,31,34.66339228074043,35.10147801519487,True
78,2,2019-04-27 07:38:41,32,34.67009999445647,35.113930136455124,True
78,2,2019-04-27 06:38:41,33,34.67626941409031,35.12669304442475,True
78,2,2019-04-27 05:38:41,34,34.6800959795723,35.13649153726918,True
78,2,2019-04-27 04:38:41,35,34.684945108682896,35.14659683025207,True
78,2,2019-04-27 03:38:41,36,34.68908810904157,35.15609505160289,True
78,2,2019-04-27 02:38:41,37,34.69152051646975,35.166580179844985,True
78,2,2019-04-27 01:38:41,38,34.69039991485274,35.17683635082673,True
78,2,2019-04-27 00:38:41,39,34.68823531036778,35.18591752275208,True
78,2,2019-04-26 23:38:41,40,34.6872738050027,35.19687657737679,True
78,2,2019-04-26 22:38:41,41,34.686132216131966,35.209075414201166,True
78,2,2019-04-26 21:38:41,42,34.68556323180225,35.219871149990546,True
78,2,2019-04-26 20:38:41,43,34.6854423559604,35.234707114690735,True
78,2,2019-04-26 19:38:41,44,34.687028836034926,35.25132537001777,True
78,2,2019-04-26 18:38:41,45,34.68989061882371,35.26881953341815,True
78,2,2019-04-26 17:38:41,46,34.69238353482083,35.28747406582905,True
78,2,2019-04-26 16:38:41,47,34.696304927217014,35.30435241214845,True
78,2,2019-04-26 15:38:41,48,34.702237320081494,35.322026431654876,True
78,2,2019-04-26 14:38:41,49,34.70637247106125,35.3369184735447,True
78,2,2019-04-26 13:38:41,50,34.71529401975112,35.35126443715674,True
78,2,2019-04-26 12:38:41,51,34.72717286305044,35.36544740863485,True
78,2,2019-04-26 11:38:41,52,34.735275693908086,35.37572021095896,True
78,2,2019-04-26 10:38:41,53,34.74489575155041,35.38509690714889,True
78,2,2019-04-26 09:38:41,54,34.75334353521793,35.3927592704274,True
78,2,2019-04-26 08:38:41,55,34.75966545800047,35.403766765500485,True
78,2,2019-04-26 07:38:41,56,34.76522225634104,35.4135102679463,True
78,2,2019-04-26 06:38:41,57,34.76992204813174,35.42258651264546,True
78,2,2019-04-26 05:38:41,58,34.77528646740283,35.43204682097912,True
78,2,2019-04-26 04:38:41,59,34.77965087395965,35.440551473057305,True
78,2,2019-04-26 03:38:41,60,34.784205421884934,35.45135763818626,True
78,2,2019-04-26 02:38:41,61,34.788298533067135,35.462497400329575,True
78,2,2019-04-26 01:38:41,62,34.79354527285209,35.471308025164845,True
78,2,2019-04-26 00:38:41,63,34.797833641951925,35.47844258273774,True
78,2,2019-04-25 23:38:41,64,34.802886584938165,35.486122438952385,True
78,2,2019-04-25 22:38:41,65,34.80867615592586,35.49446520500462,True
78,2,2019-04-25 21:38:41,66,34.81627310975546,35.50347796486236,True
78,2,2019-04-25 20:38:41,67,34.824983628496035,35.512601053816894,True
78,2,2019-04-25 19:38:41,68,34.831734905769025,35.521169749074545,True
78,2,2019-04-25 18:38:41,69,34.8388170340116,35.530809436157035,True
78,2,2019-04-25 17:38:41,70,34.84896515127299,35.53898445890754,True
78,2,2019-04-25 16:38:41,71,34.856847709926804,35.55058196414953,True
78,2,2019-04-25 15:38:41,72,34.86988866340298,35.559308874690664,True
78,3,2019-04-28 15:38:41,0,34.62876,34.881705,True
78,3,2019-04-28 14:38:41,1,34.62507949511993,34.88616373927066,True
78,3,2019-04-28 13:38:41,2,34.62316482464344,34.891303571182966,True
78,3,2019-04-28 12:38:41,3,34.62182227631727,34.89845373083289,True
78,3,2019-04-28 11:38:41,4,34.6196411187294,34.903795503142774,True
78,3,2019-04-28 10:38:41,5,34.62158701150463,34.91092643247279,True
78,3,2019-04-28 09:38:41,6,34.623148784995244,34.91755500562763,True
78,3,2019-04-28 08:38:41,7,34.625795860420865,34.92465292299176,True
78,3,2019-04-28 07:38:41,8,34.631693334997316,34.929571658189104,True
78,3,2019-04-28 06:38:41,9,34.63453641379568,34.93542863671918,True
78,3,2019-04-28 05:38:41,10,34.63977164473769,34.94123774146352,True
78,3,2019-04-28 04:38:41,11,34.64228711233959,34.946278564328,True
78,3,2019-04-28 03:38:41,12,34.64275229890333,34.9523818651993,True
78,3,2019-04-28 02:38:41,13,34.646006399000576,34.9563058217906,True
78,3,2019-04-28 01:38:41,14,34.64690070303761,34.95849150151605,True
78,3,2019-04-28 00:38:41,15,34.65227906829866,34.96191318106271,True
78,3,2019-04-27 23:38:41,16,34.653185203398316,34.965485206599936,True
78,3,2019-04-27 22:38:41,17,34.65510778735006,34.965239675193146,True
78,3,2019-04-27 21:38:41,18,34.656823757055804,34.96766564811143,True
78,3,2019-04-27 20:38:41,19,34.657484207125044,34.968433125166946,True
78,3,2019-04-27 19:38:41,20,34.659342611960994,34.97313612560158,True
78,3,2019-04-27 18:38:41,21,34.6574090041572,34.980439161496754,True
78,3,2019-04-27 17:38:41,22,34.65630668051339,34.98730569317573,True
78,3,2019-04-27 16:38:41,23,34.65649365702504,34.99425359395153,True
78,3,2019-04-27 15:38:41,24,34.655534554321285,35.00616447949743,True
78,3,2019-04-27 14:38:41,25,34.65392178564211,35.018095209688745,True
78,3,2019-04-27 13:38:41,26,34.653266904935464,35.02934705205003,True
78,3,2019-04-27 12:38:41,27,34.65248820942036,35.04275794659259,True
78,3,2019-04-27 11:38:41,28,34.65373064577102,35.05538683725601,True
78,3,2019-04-27 10:38:41,29,34.65562936367206,35.07021640676864,True
78,3,2019-04-27 09:38:41,30,34.66028481020834,35.0866907438696,True
78,3,2019-04-27 08:38:41,31,34.66594654757065,35.100469999546675,True
78,3,2019-04-27 07:38:41,32,34.67051431780551,35.113351602469365,True
78,3,2019-04-27 06:38:41,33,34.67596410999279,35.12227541645842,True
78,3,2019-04-27 05:38:41,34,34.68066056447423,35.13144921377099,True
78,3,2019-04-27 04:38:41,35,34.684827846473155,35.14049535166396,True
78,3,2019-04-27 03:38:41,36,34.68804170379718,35.14784773596493,True
78,3,2019-04-27 02:38:41,37,34.69066251795492,35.154249302527376,True
78,3,2019-04-27 01:38:41,38,34.69208114691201,35.1597875905026,True
78,3,2019-04-27 00:38:41,39,34.69151889225057,35.171617432271304,True
78,3,2019-04-26 23:38:41,40,34.692074022275634,35.180872963951906,True
78,3,2019-04-26 22:38:41,41,34.692919319590445,35.191233268273066,True
78,3,2019-04-26 21:38:41,42,34.694246226360534,35.2031922914796,True
78,3,2019-04-26 20:38:41,43,34.69553849052537,35.221313466531505,True
78,3,2019-04-26 19:38:41,44,34.69865868949796,35.235820451399775,True
78,3,2019-04-26 18:38:41,45,34.70082437344943,35.25061154349334,True
78,3,2019-04-26 17:38:41,46,34.70393953641545,35.268536063585465,True
78,3,2019-04-26 16:38:41,47,34.70906163284153,35.282145613319734,True
78,3,2019-04-26 15:38:41,48,34.71574816038446,35.29608376567382,True
78,3,2019-04-26 14:38:41,49,34.723036978351494,35.308784253786236,True
78,3,2019-04-26 13:38:41,50,34.733162394823395,35.320609999187866,True
78,3,2019-04-26 12:38:41,51,34.7417053224913,35.33071864595355,True
78,3,2019-04-26 11:38:41,52,34.75418138534314,35.34248703545848,True
78,3,2019-04-26 10:38:41,53,34.762913681998114,35.35110835700905,True
78,3,2019-04-26 09:38:41,54,34.77404554378175,35.36099375016702,True
78,3,2019-04-26 08:38:41,55,34.785024230260056,35.36540907614304,True
78,3,2019-04-26 07:38:41,56,34.79341839612619,35.37324946007131,True
78,3,2019-04-26 06:38:41,57,34.80051633848656,35.37966874266074,True
78,3,2019-04-26 05:38:41,58,34.805544810725195,35.38307672956752,True
78,3,2019-04-26 04:38:41,59,34.810484093727176,35.3920801701487,True
78,3,2019-04-26 03:38:41,60,34.81617568046832,35.3976354421533,True
78,3,2019-04-26 02:38:41,61,34.81982395682604,35.40392845490123,True
78,3,2019-04-26 01:38:41,62,34.82710374819143,35.41422655478317,True
78,3,2019-04-26 00:38:41,63,34.83295006499373,35.42182447117487,True
78,3,2019-04-25 23:38:41,64,34.83589137288815,35.43254210167023,True
78,3,2019-04-25 22:38:41,65,34.84115687814859,35.440351817366555,True
78,3,2019-04-25 21:38:41,66,34.849761346661204,35.44820920971292,True
78,3,2019-04-25 20:38:41,67,34.85943887619114,35.45616513369395,True
78,3,2019-04-25 19:38:41,68,34.870631671285246,35.46947489830612,True
78,3,2019-04-25 18:38:41,69,34.8827324951227,35.4818471558406,True
78,3,2019-04-25 17:38:41,70,34.89372303638184,35.4902511387614,True
78,3,2019-04-25 16:38:41,71,34.906197279490556,35.49776512727164,True
78,3,2019-04-25 15:38:41,72,34.92071577869603,35.5058460553607,True
78,4,2019-04-28 15:38:41,0,34.62876,34.881705,True
78,4,2019-04-28 14:38:41,1,34.62794255589511,34.889600603263574,True
78,4,2019-04-28 13:38:41,2,34.625611653327304,34.89683109375438,True
78,4,2019-04-28 12:38:41,3,34.62591704746909,34.903271953455736,True
78,4,2019-04-28 11:38:41,4,34.62693804862085,34.90965688333087,True
78,4,2019-04-28 10:38:41,5,34.62465015649868,34.9185615747534,True
78,4,2019-04-28 09:38:41,6,34.62523430318056,34.923786073337745,True
78,4,2019-04-28 08:38:41,7,34.628344752889106,34.929481784163464,True
78,4,2019-04-28 07:38:41,8,34.631720128812674,34.935697768596775,True
78,4,2019-04-28 06:38:41,9,34.633504645495,34.94478203742081,True
78,4,2019-04-28 05:38:41,10,34.63437984880027,34.951912361448244,True
78,4,2019-04-28 04:38:41,11,34.636591747007,34.95653980783502,True
78,4,2019-04-28 03:38:41,12,34.64049001751026,34.96185982556437,True
78,4,2019-04-28 02:38:41,13,34.64396642777425,34.96373851555104,True
78,4,2019-04-28 01:38:41,14,34.648327869717086,34.96363038550452,True
78,4,2019-04-28 00:38:41,15,34.65375943163284,34.96520312832877,True
78,4,2019-04-27 23:38:41,16,34.655309311537216,34.96825318413853,True
78,4,2019-04-27 22:38:41,17,34.65842416350292,34.9691822229971,True
78,4,2019-04-27 21:38:41,18,34.65818829223703,34.970023568586925,True
78,4,2019-04-27 20:38:41,19,34.657732741382304,34.97230878615262,True
78,4,2019-04-27 19:38:41,20,34.656712160293466,34.97553841951741,True
78,4,2019-04-27 18:38:41,21,34.65480100065893,34.97610264189915,True
78,4,2019-04-27 17:38:41,22,34.65629227522292,34.98174554190977,True
78,4,2019-04-27 16:38:41,23,34.65408216867474,34.989591861778436,True
78,4,2019-04-27 15:38:41,24,34.65274582928727,34.99619205913462,True
78,4,2019-04-27 14:38:41,25,34.649474502979714,35.00637608503819,True
78,4,2019-04-27 13:38:41,26,34.64839539462304,35.016217612016966,True
78,4,2019-04-27 12:38:41,27,34.6485418170211,35.026168131536,True
78,4,2019-04-27 11:38:41,28,34.65086366769505,35.03526948219592,True
78,4,2019-04-27 10:38:41,29,34.655023554929045,35.04774909895204,True
78,4,2019-04-27 09:38:41,30,34.66022893517004,35.05875554522262,True
78,4,2019-04-27 08:38:41,31,34.66513068011231,35.06843241278621,True
78,4,2019-04-27 07:38:41,32,34.66954709764036,35.0751406685177,True
78,4,2019-04-27 06:38:41,33,34.675333983550324,35.07869163945968,True
78,4,2019-04-27 05:38:41,34,34.680711683747674,35.08243693055707,True
78,4,2019-04-27 04:38:41,35,34.68652293287201,35.086047653630985,True
78,4,2019-04-27 03:38:41,36,34.68797114476899,35.087657786711326,True
78,4,2019-04-27 02:38:41,37,34.68759483379219,35.091271151260855,True
78,4,2019-04-27 01:38:41,38,34.68768911587272,35.09587603176676,True
78,4,2019-04-27 00:38:41,39,34.68530638736937,35.10075511630081,True
78,4,2019-04-26 23:38:41,40,34.68224138025375,35.105528248567495,True
78,4,2019-04-26 22:38:41,41,34.681964939586216,35.11496632831284,True
78,4,2019-04-26 21:38:41,42,34.682864298217325,35.12733526040866,True
78,4,2019-04-26 20:38:41,43,34.68269993006172,35.137989029664055,True
78,4,2019-04-26 19:38:41,44,34.68393457026049,35.15268495778958,True
78,4,2019-04-26 18:38:41,45,34.686883018543156,35.16596805264913,True
78,4,2019-04-26 17:38:41,46,34.688549676678825,35.17909125014796,True
78,4,2019-04-26 16:38:41,47,34.69556657168117,35.18970391184001,True
78,4,2019-04-26 15:38:41,48,34.699696923647316,35.20103178162538,True
78,4,2019-04-26 14:38:41,49,34.709242336781244,35.214709922298205,True
78,4,2019-04-26 13:38:41,50,34.717395501237185,35.22157398422165,True
78,4,2019-04-26 12:38:41,51,34.72623456898275,35.23041722947397,True
78,4,2019-04-26 11:38:41,52,34.73540067429083,35.23882303372309,True
78,4,2019-04-26 10:38:41,53,34.74245481099393,35.24345955169075,True
78,4,2019-04-26 09:38:41,54,34.74940168844489,35.251142254384774,True
78,4,2019-04-26 08:38:41,55,34.75480699419754,35.25505971162396,True
78,4,2019-04-26 07:38:41,56,34.75757401959829,35.25761923061896,True
78,4,2019-04-26 06:38:41,57,34.75926454833588,35.26575229187505,True
78,4,2019-04-26 05:38:41,58,34.76281449863279,35.27154570822748,True
78,4,2019-04-26 04:38:41,59,34.764219490155746,35.279125765411905,True
78,4,2019-04-26 03:38:41,60,34.76533492740079,35.285741526217315,True
78,4,2019-04-26 02:38:41,61,34.76601264648062,35.29518344758768,True
78,4,2019-04-26 01:38:41,62,34.768431543984576,35.30224491492914,True
78,4,2019-04-26 00:38:41,63,34.772596202040646,35.30933706163058,True
78,4,2019-04-25 23:38:41,64,34.776838025251344,35.31955268261711,True
78,4,2019-04-25 22:38:41,65,34.78038099864388,35.3314386504162,True
78,4,2019-04-25 21:38:41,66,34.785866096524764,35.34593178286596,True
78,4,2019-04-25 20:38:41,67,34.790523859749605,35.36084888307833,True
78,4,2019-04-25 19:38:41,68,34.79756661466801,35.372458150813486,True
78,4,2019-04-25 18:38:41,69,34.80773144355567,35.38089960652335,True
78,4,2019-04-25 17:38:41,70,34.81661063978435,35.3920625337159,True
78,4,2019-04-25 16:38:41,71,34.82947397106678,35.404667926347294,True
78,4,2019-04-25 15:38:41,72,34.84116464988075,35.41117358149923,True
78,5,2019-04-28 15:38:41,0,34.62876,34.881705,True
78,5,2019-04-28 14:38:41,1,34.62816142926017,34.8870660494646,True
78,5,2019-04-28 13:38:41,2,34.62609840363047,34.89298106616998,True
78,5,2019-04-28 12:38:41,3,34.62486992789359,34.89969087022598,True
78,5,2019-04-28 11:38:41,4,34.62425233677991,34.90349766823743,True
78,5,2019-04-28 10:38:41,5,34.62586808414354,34.90873428283803,True
78,5,2019-04-28 09:38:41,6,34.62802200529966,34.9127259661329,True
78,5,2019-04-28 08:38:41,7,34.62957790311459,34.919581200607404,True
78,5,2019-04-28 07:38:41,8,34.62942191945084,34.9297805867886,True
78,5,2019-04-28 06:38:41,9,34.63271101034882,34.93726285845273,True
78,5,2019-04-28 05:38:41,10,34.63572033844321,34.941964535563464,True
78,5,2019-04-28 04:38:41,11,34.639761701172176,34.94853468715462,True
78,5,2019-04-28 03:38:41,12,34.641404605034225,34.950330745993035,True
78,5,2019-04-28 02:38:41,13,34.64354170199811,34.952016459874045,True
78,5,2019-04-28 01:38:41,14,34.64687724819363,34.95135113653885,True
78,5,2019-04-28 00:38:41,15,34.64875440254245,34.95330802597886,True
78,5,2019-04-27 23:38:41,16,34.647035350841165,34.95510749326262,True
78,5,2019-04-27 22:38:41,17,34.64774504994249,34.95727093281202,True
78,5,2019-04-27 21:38:41,18,34.6457299523243,34.95836186608338,True
78,5,2019-04-27 20:38:41,19,34.64518712698084,34.96033825178277,True
78,5,2019-04-27 19:38:41,20,34.64514476051344,34.96223692197661,True
78,5,2019-04-27 18:38:41,21,34.642845024224584,34.966734304768636,True
78,5,2019-04-27 17:38:41,22,34.640714242675216,34.97209094802858,True
78,5,2019-04-27 16:38:41,23,34.63951214708861,34.977277437929054,True
78,5,2019-04-27 15:38:41,24,34.63770053731982,34.988798052649216,True
78,5,2019-04-27 14:38:41,25,34.63509209191974,34.99740607132409,True
78,5,2019-04-27 13:38:41,26,34.634170560986156,35.005326718215365,True
78,5,2019-04-27 12:38:41,27,34.634632070366585,35.01685783966368,True
78,5,2019-04-27 11:38:41,28,34.638238366163854,35.026198032487876,True
78,5,2019-04-27 10:38:41,29,34.64265112797638,35.03501248413949,True
78,5,2019-04-27 09:38:41,30,34.64901905583337,35.044280596564896,True
78,5,2019-04-27 08:38:41,31,34.65207752009787,35.056121153230656,True
78,5,2019-04-27 07:38:41,32,34.65806378390598,35.06717366016206,True
78,5,2019-04-27 06:38:41,33,34.66095909527889,35.073500085085534,True
78,5,2019-04-27 05:38:41,34,34.66707944913791,35.076047784352454,True
78,5,2019-04-27 04:38:41,35,34.668855255765806,35.08203872943075,True
78,5,2019-04-27 03:38:41,36,34.670546009126724,35.08454593691634,True
78,5,2019-04-27 02:38:41,37,34.67035165625896,35.089793438332954,True
78,5,2019-04-27 01:38:41,38,34.67025952087832,35.09378943880414,True
78,5,2019-04-27 00:38:41,39,34.66952537110704,35.10237363244891,True
78,5,2019-04-26 23:38:41,40,34.66877670079309,35.1113616741015,True
78,5,2019-04-26 22:38:41,41,34.667234242427455,35.12306430844304,True
78,5,2019-04-26 21:38:41,42,34.667828260608964,35.13222577644415,True
78,5,2019-04-26 20:38:41,43,34.66646571167884,35.14549998576191,True
78,5,2019-04-26 19:38:41,44,34.663698501178025,35.15908388009779,True
78,5,2019-04-26 18:38:41,45,34.66494691445759,35.17577050341194,True
78,5,2019-04-26 17:38:41,46,34.66876824415743,35.19067423712778,True
78,5,2019-04-26 16:38:41,47,34.67216725769917,35.201369653358654,True
78,5,2019-04-26 15:38:41,48,34.676787267182874,35.213784752428616,True
78,5,2019-04-26 14:38:41,49,34.680750747528734,35.22591550348006,True
78,5,2019-04-26 13:38:41,50,34.68554311142058,35.236721409900156,True
78,5,2019-04-26 12:38:41,51,34.69242991542324,35.24745710837714,True
78,5,2019-04-26 11:38:41,52,34.69837110671917,35.256013830747754,True
78,5,2019-04-26 10:38:41,53,34.70620211527203,35.26537203383201,True
78,5,2019-04-26 09:38:41,54,34.71351362862825,35.27734333181709,True
78,5,2019-04-26 08:38:41,55,34.720737358847025,35.28503409417749,True
78,5,2019-04-26 07:38:41,56,34.72520060488159,35.290641556145545,True
78,5,2019-04-26 06:38:41,57,34.73044618084457,35.299997426308586,True
78,5,2019-04-26 05:38:41,58,34.7332154138261,35.31080997545268,True
78,5,2019-04-26 04:38:41,59,34.736871356717586,35.31990587869874,True
78,5,2019-04-26 03:38:41,60,34.73811331949785,35.327022508916464,True
78,5,2019-04-26 02:38:41,61,34.74244616121193,35.33708981476355,True
78,5,2019-04-26 01:38:41,62,34.74504595694466,35.34935902615562,True
78,5,2019-04-26 00:38:41,63,34.748287816395184,35.35707952501801,True
78,5,2019-04-25 23:38:41,64,34.75271602499178,35.36994818941566,True
78,5,2019-04-25 22:38:41,65,34.75626498250191,35.37906059203318,True
78,5,2019-04-25 21:38:41,66,34.76176013341058,35.39391059549112,True
78,5,2019-04-25 20:38:41,67,34.76741174275304,35.40692183077598,True
78,5,2019-04-25 19:38:41,68,34.77457607733045,35.41989956410724,True
78,5,2019-04-25 18:38:41,69,34.7819579762735,35.43239484501338,True
78,5,2019-04-25 17:38:41,70,34.79108055061922,35.44308881285078,True
78,5,2019-04-25 16:38:41,71,34.800108586111136,35.45361516857515,True
78,5,2019-04-25 15:38:41,72,34.812913731008905,35.466575540057875,True
87,0,2019-04-28 15:38:41,0,34.62839,34.881705,True
87,0,2019-04-28 14:38:41,1,34.62624902932613,34.88684056974094,True
87,0,2019-04-28 13:38:41,2,34.62350887876358,34.891839133450816,True
87,0,2019-04-28 12:38:41,3,34.623242655736846,34.89816094861064,True
87,0,2019-04-28 11:38:41,4,34.62594042028328,34.90725838633013,True
87,0,2019-04-28 10:38:41,5,34.62599893872856,34.91509218431124,True
87,0,2019-04-28 09:38:41,6,34.62788166754576,34.92325267593075,True
87,0,2019-04-28 08:38:41,7,34.63106010994565,34.93270531026756,True
87,0,2019-04-28 07:38:41,8,34.63490286810101,34.9386651671502,True
87,0,2019-04-28 06:38:41,9,34.63767709492715,34.9446491808557,True
87,0,2019-04-28 05:38:41,10,34.641198515490935,34.95076084738604,True
87,0,2019-04-28 04:38:41,11,34.64583091100555,34.954942724956794,True
87,0,2019-04-28 03:38:41,12,34.650805301254735,34.96060755149849,True
87,0,2019-04-28 02:38:41,13,34.65426207644001,34.96485860890823,True
87,0,2019-04-28 01:38:41,14,34.65907932492716,34.96961288503919,True
87,0,2019-04-28 00:38:41,15,34.663250516803124,34.97228965768913,True
87,0,2019-04-27 23:38:41,16,34.6640723976585,34.975279397689135,True
87,0,2019-04-27 22:38:41,17,34.66562600734703,34.98124726859981,True
87,0,2019-04-27 21:38:41,18,34.66576847872558,34.98390156924683,True
87,0,2019-04-27 20:38:41,19,34.666744521873014,34.98938237308059,True
87,0,2019-04-27 19:38:41,20,34.666094242066045,34.99483127481963,True
87,0,2019-04-27 18:38:41,21,34.664789073605284,35.00342554551944,True
87,0,2019-04-27 17:38:41,22,34.664389611427836,35.01205134232268,True
87,0,2019-04-27 16:38:41,23,34.66472101973394,35.02269436927499,True
87,0,2019-04-27 15:38:41,24,34.66515773686499,35.03474452054362,True
87,0,2019-04-27 14:38:41,25,34.66399824887092,35.04941555268505,True
87,0,2019-04-27 13:38:41,26,34.662996077333666,35.06376657028182,True
87,0,2019-04-27 12:38:41,27,34.66358761121478,35.07819236987246,True
87,0,2019-04-27 11:38:41,28,34.666302243859086,35.09412673958694,True
87,0,2019-04-27 10:38:41,29,34.67102927820104,35.10797858552249,True
87,0,2019-04-27 09:38:41,30,34.67746652171302,35.12273725110341,True
87,0,2019-04-27 08:38:41,31,34.684568687097936,35.13649655350552,True
87,0,2019-04-27 07:38:41,32,34.69027943036116,35.15017443858888,True
87,0,2019-04-27 06:38:41,33,34.69566277266052,35.15926708984825,True
87,0,2019-04-27 05:38:41,34,34.70043526544755,35.17009551500478,True
87,0,2019-04-27 04:38:41,35,34.70509428725677,35.181344485747395,True
87,0,2019-04-27 03:38:41,36,34.70715302965139,35.18856069225164,True
87,0,2019-04-27 02:38:41,37,34.71126604290899,35.19581620454507,True
87,0,2019-04-27 01:38:41,38,34.71244261770604,35.208917968813566,True
87,0,2019-04-27 00:38:41,39,34.712948867869144,35.220688006031935,True
87,0,2019-04-26 23:38:41,40,34.7135492077076,35.23115325405835,True
87,0,2019-04-26 22:38:41,41,34.711698285064315,35.24537535989471,True
87,0,2019-04-26 21:38:41,42,34.714081244217894,35.26407788314135,True
87,0,2019-04-26 20:38:41,43,34.71574211829791,35.28099051188861,True
87,0,2019-04-26 19:38:41,44,34.71847746492031,35.30152075066832,True
87,0,2019-04-26 18:38:41,45,34.724295950025834,35.320677526849444,True
87,0,2019-04-26 17:38:41,46,34.7299083854643,35.34294597170678,True
87,0,2019-04-26 16:38:41,47,34.73938931514304,35.3657190732777,True
87,0,2019-04-26 15:38:41,48,34.74874088038987,35.383671696321,True
87,0,2019-04-26 14:38:41,49,34.76066538385396,35.39934803328885,True
87,0,2019-04-26 13:38:41,50,34.77107840801658,35.41414095211408,True
87,0,2019-04-26 12:38:41,51,34.78579655244793,35.42532796948997,True
87,0,2019-04-26 11:38:41,52,34.79684943374341,35.435144644851626,True
87,0,2019-04-26 10:38:41,53,34.806664363184105,35.44175047846229,True
87,0,2019-04-26 09:38:41,54,34.81649330078969,35.45078799971986,True
87,0,2019-04-26 08:38:41,55,34.82690315149877,35.45944985684727,True
87,0,2019-04-26 07:38:41,56,34.83485821479937,35.46592711518477,True
87,0,2019-04-26 06:38:41,57,34.84225017248463,35.47415024040884,True
87,0,2019-04-26 05:38:41,58,34.84713657918005,35.482531348010575,True
87,0,2019-04-26 04:38:41,59,34.853024727480104,35.488918430734316,True
87,0,2019-04-26 03:38:41,60,34.85948552003137,35.49943918130157,True
87,0,2019-04-26 02:38:41,61,34.86400238192727,35.511974846561635,True
87,0,2019-04-26 01:38:41,62,34.87422743762022,35.52107807255232,True
87,0,2019-04-26 00:38:41,63,34.88196237612818,35.52892438503136,True
87,0,2019-04-25 23:38:41,64,34.88916819839131,35.534067924127626,True
87,0,2019-04-25 22:38:41,65,34.896688486343976,35.541383377802475,True
87,0,2019-04-25 21:38:41,66,34.904381810343104,35.54615572216571,True
87,0,2019-04-25 20:38:41,67,34.911682780786045,35.55101929392265,True
87,0,2019-04-25 19:38:41,68,34.92107013789387,35.557299263395805,True
87,0,2019-04-25 18:38:41,69,34.92876649769386,35.56522117079765,True
87,0,2019-04-25 17:38:41,70,34.93903853773418,35.570839881213004,True
87,0,2019-04-25 16:38:41,71,34.94836156971768,35.5760594308152,True
87,0,2019-04-25 15:38:41,72,34.957291309336675,35.57846133044551,True
87,1,2019-04-28 15:38:41,0,34.62839,34.881705,True
87,1,2019-04-28 14:38:41,1,34.62657856813581,34.88491796231478,True
87,1,2019-04-28 13:38:41,2,34.626473851801684,34.888531361035426,True
87,1,2019-04-28 12:38:41,3,34.62667852949108,34.89519953039166,True
87,1,2019-04-28 11:38:41,4,34.62610208597656,34.90532644153771,True
87,1,2019-04-28 10:38:41,5,34.627198783137246,34.91055624514833,True
87,1,2019-04-28 09:38:41,6,34.62712603245193,34.92045021794365,True
87,1,2019-04-28 08:38:41,7,34.630165039802996,34.92946543463769,True
87,1,2019-04-28 07:38:41,8,34.63185751401111,34.940186450091325,True
87,1,2019-04-28 06:38:41,9,34.63478654868783,34.94810134520487,True
87,1,2019-04-28 05:38:41,10,34.637916232997476,34.953167583881815,True
87,1,2019-04-28 04:38:41,11,34.64480843190703,34.95644973761755,True
87,1,2019-04-28 03:38:41,12,34.64866299298046,34.96145743482992,True
87,1,2019-04-28 02:38:41,13,34.652444294616075,34.9661380413938,True
87,1,2019-04-28 01:38:41,14,34.65594826264881,34.96990502996485,True
87,1,2019-04-28 00:38:41,15,34.65741027741935,34.973877761072536,True
87,1,2019-04-27 23:38:41,16,34.659294020286474,34.97819522070379,True
87,1,2019-04-27 22:38:41,17,34.66075318810256,34.98141670644212,True
87,1,2019-04-27 21:38:41,18,34.661944992433206,34.98551924198047,True
87,1,2019-04-27 20:38:41,19,34.66147506542938,34.991757258249436,True
87,1,2019-04-27 19:38:41,20,34.66165067709805,34.994119140332465,True
87,1,2019-04-27 18:38:41,21,34.659413311013054,34.998546233351384,True
87,1,2019-04-27 17:38:41,22,34.65744139711925,35.00618210414955,True
87,1,2019-04-27 16:38:41,23,34.65592409829487,35.0148864984224,True
87,1,2019-04-27 15:38:41,24,34.65457293479429,35.02588358910786,True
87,1,2019-04-27 14:38:41,25,34.6514487041099,35.03862471170662,True
87,1,2019-04-27 13:38:41,26,34.65110386264963,35.05304195417464,True
87,1,2019-04-27 12:38:41,27,34.65059248888189,35.06990563888871,True
87,1,2019-04-27 11:38:41,28,34.652402415044236,35.08344124080996,True
87,1,2019-04-27 10:38:41,29,34.65640088167641,35.09731266909207,True
87,1,2019-04-27 09:38:41,30,34.658433020305615,35.10990448537669,True
87,1,2019-04-27 08:38:41,31,34.66351231644979,35.124857931741104,True
87,1,2019-04-27 07:38:41,32,34.66946257711222,35.1340364213263,True
87,1,2019-04-27 06:38:41,33,34.67372855646046,35.14329833303534,True
87,1,2019-04-27 05:38:41,34,34.67387468374041,35.151459345355406,True
87,1,2019-04-27 04:38:41,35,34.67759509887267,35.157104207793374,True
87,1,2019-04-27 03:38:41,36,34.68032993824793,35.165170143618475,True
87,1,2019-04-27 02:38:41,37,34.681466989733366,35.17399630765834,True
87,1,2019-04-27 01:38:41,38,34.68085810995397,35.18512214677172,True
87,1,2019-04-27 00:38:41,39,34.67804919193262,35.19307610001043,True
87,1,2019-04-26 23:38:41,40,34.680366773297195,35.204934804637986,True
87,1,2019-04-26 22:38:41,41,34.67988475039489,35.2156763475862,True
87,1,2019-04-26 21:38:41,42,34.679553008693475,35.22927670247464,True
87,1,2019-04-26 20:38:41,43,34.68082001301982,35.24281093039822,True
87,1,2019-04-26 19:38:41,44,34.6813570550089,35.25933039174144,True
87,1,2019-04-26 18:38:41,45,34.68478503881666,35.27437954647555,True
87,1,2019-04-26 17:38:41,46,34.686594244096725,35.29316544403565,True
87,1,2019-04-26 16:38:41,47,34.69271108847379,35.307081764753505,True
87,1,2019-04-26 15:38:41,48,34.70069984907801,35.32364565996561,True
87,1,2019-04-26 14:38:41,49,34.70823691181516,35.33856480401307,True
87,1,2019-04-26 13:38:41,50,34.715623907052624,35.35188388276487,True
87,1,2019-04-26 12:38:41,51,34.72696433775657,35.36424030551266,True
87,1,2019-04-26 11:38:41,52,34.738368603492376,35.37899791949064,True
87,1,2019-04-26 10:38:41,53,34.74732956794735,35.38699083905585,True
87,1,2019-04-26 09:38:41,54,34.75696434521123,35.396918006990624,True
87,1,2019-04-26 08:38:41,55,34.7670879503691,35.40555447073054,True
87,1,2019-04-26 07:38:41,56,34.774796960154845,35.416775702064754,True
87,1,2019-04-26 06:38:41,57,34.783109365347414,35.42696499323496,True
87,1,2019-04-26 05:38:41,58,34.78799561021663,35.43693273302008,True
87,1,2019-04-26 04:38:41,59,34.79055788561453,35.44666069815413,True
87,1,2019-04-26 03:38:41,60,34.79569976817867,35.45603035752801,True
87,1,2019-04-26 02:38:41,61,34.80242187996538,35.464026199821646,True
87,1,2019-04-26 01:38:41,62,34.80923497178762,35.47296097892706,True
87,1,2019-04-26 00:38:41,63,34.81666359231079,35.485609887825,True
87,1,2019-04-25 23:38:41,64,34.824571767491065,35.49369921435405,True
87,1,2019-04-25 22:38:41,65,34.83314432799977,35.50271336293314,True
87,1,2019-04-25 21:38:41,66,34.84091435299333,35.51062466382344,True
87,1,2019-04-25 20:38:41,67,34.849843343777884,35.52096548774673,True
87,1,2019-04-25 19:38:41,68,34.85822852160732,35.527532261528805,True
87,1,2019-04-25 18:38:41,69,34.86734159203645,35.53641459001001,True
87,1,2019-04-25 17:38:41,70,34.876124351880684,35.54640825302449,True
87,1,2019-04-25 16:38:41,71,34.88936344935898,35.554525046886496,True
87,1,2019-04-25 15:38:41,72,34.90046093069246,35.562227519287006,True
87,2,2019-04-28 15:38:41,0,34.62839,34.881705,True
87,2,2019-04-28 14:38:41,1,34.625541759201596,34.88441754214461,True
87,2,2019-04-28 13:38:41,2,34.62390811104485,34.89079858496011,True
87,2,2019-04-28 12:38:41,3,34.622726103456095,34.89682317634553,True
87,2,2019-04-28 11:38:41,4,34.6228097483425,34.90208947821714,True
87,2,2019-04-28 10:38:41,5,34.62356204398737,34.911104497205024,True
87,2,2019-04-28 09:38:41,6,34.62459282302615,34.91760158203811,True
87,2,2019-04-28 08:38:41,7,34.62586072537268,34.92623613885979,True
87,2,2019-04-28 07:38:41,8,34.628107399097345,34.93331059919182,True
87,2,2019-04-28 06:38:41,9,34.631059842929,34.94090340171529,True
87,2,2019-04-28 05:38:41,10,34.63677559366862,34.94824878572081,True
87,2,2019-04-28 04:38:41,11,34.640775733261925,34.95431752599825,True
87,2,2019-04-28 03:38:41,12,34.64620618785191,34.95851170916334,True
87,2,2019-04-28 02:38:41,13,34.65089334126603,34.963476432701725,True
87,2,2019-04-28 01:38:41,14,34.654980799217384,34.97012295380921,True
87,2,2019-04-28 00:38:41,15,34.655590733079265,34.97225151623059,True
87,2,2019-04-27 23:38:41,16,34.65784070115007,34.977691508723865,True
87,2,2019-04-27 22:38:41,17,34.658775506461865,34.98121029807123,True
87,2,2019-04-27 21:38:41,18,34.657836635866985,34.98586722477535,True
87,2,2019-04-27 20:38:41,19,34.658591981892265,34.989201943430295,True
87,2,2019-04-27 19:38:41,20,34.65714975136902,34.9947365565655,True
87,2,2019-04-27 18:38:41,21,34.65582410835644,35.00246930745242,True
87,2,2019-04-27 17:38:41,22,34.654237994216054,35.008477322328034,True
87,2,2019-04-27 16:38:41,23,34.65422675051268,35.01509774180875,True
87,2,2019-04-27 15:38:41,24,34.65267648439435,35.02576168415304,True
87,2,2019-04-27 14:38:41,25,34.652622520649444,35.037929675668664,True
87,2,2019-04-27 13:38:41,26,34.652179587012476,35.05013390479416,True
87,2,2019-04-27 12:38:41,27,34.65138190530714,35.0638697792755,True
87,2,2019-04-27 11:38:41,28,34.654456406531125,35.08085788955076,True
87,2,2019-04-27 10:38:41,29,34.66176704203777,35.09853482653611,True
87,2,2019-04-27 09:38:41,30,34.66799341360272,35.11160143814111,True
87,2,2019-04-27 08:38:41,31,34.67211942225651,35.12450301897356,True
87,2,2019-04-27 07:38:41,32,34.67843591250065,35.135102009958494,True
87,2,2019-04-27 06:38:41,33,34.683536231721384,35.14557181005175,True
87,2,2019-04-27 05:38:41,34,34.68789493234181,35.15526801399065,True
87,2,2019-04-27 04:38:41,35,34.69074587689074,35.16628972906253,True
87,2,2019-04-27 03:38:41,36,34.69368927001415,35.174513756919644,True
87,2,2019-04-27 02:38:41,37,34.69457950029697,35.18213233388712,True
87,2,2019-04-27 01:38:41,38,34.69554146050737,35.192360192472655,True
87,2,2019-04-27 00:38:41,39,34.696697128661846,35.20396043252847,True
87,2,2019-04-26 23:38:41,40,34.69380994935154,35.21448330460334,True
87,2,2019-04-26 22:38:41,41,34.691872323238464,35.22817324529747,True
87,2,2019-04-26 21:38:41,42,34.69235275624607,35.23988939019516,True
87,2,2019-04-26 20:38:41,43,34.69446384215901,35.254765583384064,True
87,2,2019-04-26 19:38:41,44,34.69543798421737,35.27227319972066,True
87,2,2019-04-26 18:38:41,45,34.696327744760744,35.28926233294677,True
87,2,2019-04-26 17:38:41,46,34.70100366051066,35.30456387648728,True
87,2,2019-04-26 16:38:41,47,34.706898492346426,35.321516080307354,True
87,2,2019-04-26 15:38:41,48,34.71486378976306,35.33662472308607,True
87,2,2019-04-26 14:38:41,49,34.72214183753542,35.349982334850125,True
87,2,2019-04-26 13:38:41,50,34.7324684260199,35.36330856260522,True
87,2,2019-04-26 12:38:41,51,34.741144690192186,35.37547842861547,True
87,2,2019-04-26 11:38:41,52,34.75050862411272,35.38761076933697,True
87,2,2019-04-26 10:38:41,53,34.760568761237366,35.39797445439823,True
87,2,2019-04-26 09:38:41,54,34.77011850556391,35.40610911988567,True
87,2,2019-04-26 08:38:41,55,34.777058112035924,35.41336471375925,True
87,2,2019-04-26 07:38:41,56,34.78270089259652,35.419541882795485,True
87,2,2019-04-26 06:38:41,57,34.787953839515886,35.42592285466096,True
87,2,2019-04-26 05:38:41,58,34.795474148750124,35.43437897472656,True
87,2,2019-04-26 04:38:41,59,34.80029282990818,35.4432344356061,True
87,2,2019-04-26 03:38:41,60,34.80470208437604,35.4511960418384,True
87,2,2019-04-26 02:38:41,61,34.80929627720078,35.461438049992054,True
87,2,2019-04-26 01:38:41,62,34.81403599051814,35.46964993914283,True
87,2,2019-04-26 00:38:41,63,34.81864292835243,35.478051595974165,True
87,2,2019-04-25 23:38:41,64,34.822434130971544,35.48800673816967,True
87,2,2019-04-25 22:38:41,65,34.827695190134364,35.49741920707679,True
87,2,2019-04-25 21:38:41,66,34.836546658691354,35.507192071050184,True
87,2,2019-04-25 20:38:41,67,34.84297955476569,35.518511828852,True
87,2,2019-04-25 19:38:41,68,34.84922529821606,35.52744529352257,True
87,2,2019-04-25 18:38:41,69,34.8582346789366,35.535911617588965,True
87,2,2019-04-25 17:38:41,70,34.869263042960256,35.544539398746444,True
87,2,2019-04-25 16:38:41,71,34.88004635925917,35.55231759640234,True
87,2,2019-04-25 15:38:41,72,34.89342868057056,35.55731634283636,True
87,3,2019-04-28 15:38:41,0,34.62839,34.881705,True
87,3,2019-04-28 14:38:41,1,34.62578538690182,34.88428464493989,True
87,3,2019-04-28 13:38:41,2,34.62593727646525,34.88591919460215,True
87,3,2019-04-28 12:38:41,3,34.624075835366426,34.891025288737225,True
87,3,2019-04-28 11:38:41,4,34.62349053808218,34.898730253122615,True
87,3,2019-04-28 10:38:41,5,34.6240142520061,34.90467124982813,True
87,3,2019-04-28 09:38:41,6,34.62551570218895,34.91216796063603,True
87,3,2019-04-28 08:38:41,7,34.62753935140632,34.92187501559679,True
87,3,2019-04-28 07:38:41,8,34.630151237236056,34.93128589409226,True
87,3,2019-04-28 06:38:41,9,34.63374943488675,34.938671043640234,True
87,3,2019-04-28 05:38:41,10,34.63595097723122,34.94546337226864,True
87,3,2019-04-28 04:38:41,11,34.64134351736655,34.94997607944284,True
87,3,2019-04-28 03:38:41,12,34.64417234692387,34.95327199656951,True
87,3,2019-04-28 02:38:41,13,34.64883328843651,34.95854095406294,True
87,3,2019-04-28 01:38:41,14,34.652028305934174,34.96211574491278,True
87,3,2019-04-28 00:38:41,15,34.65494552168674,34.965978450221066,True
87,3,2019-04-27 23:38:41,16,34.658363642845934,34.968736506786854,True
87,3,2019-04-27 22:38:41,17,34.66081107023401,34.973975858438244,True
87,3,2019-04-27 21:38:41,18,34.6640722472411,34.97591217675223,True
87,3,2019-04-27 20:38:41,19,34.66473888280679,34.98026900682413,True
87,3,2019-04-27 19:38:41,20,34.66296476722556,34.98221173638737,True
87,3,2019-04-27 18:38:41,21,34.66221517733461,34.98814093267416,True
87,3,2019-04-27 17:38:41,22,34.66107880972612,34.99601035677923,True
87,3,2019-04-27 16:38:41,23,34.66294813292095,35.006262627587084,True
87,3,2019-04-27 15:38:41,24,34.66358757060457,35.01767992558354,True
87,3,2019-04-27 14:38:41,25,34.66154765419036,35.030732566844506,True
87,3,2019-04-27 13:38:41,26,34.66266033877452,35.04239581857378,True
87,3,2019-04-27 12:38:41,27,34.663049168539004,35.0565437355694,True
87,3,2019-04-27 11:38:41,28,34.66546528418091,35.06755120103794,True
87,3,2019-04-27 10:38:41,29,34.66661586775947,35.082009789383356,True
87,3,2019-04-27 09:38:41,30,34.67125212334138,35.09731980472264,True
87,3,2019-04-27 08:38:41,31,34.67794982196407,35.107949425145094,True
87,3,2019-04-27 07:38:41,32,34.683952233253244,35.119879513991194,True
87,3,2019-04-27 06:38:41,33,34.689771281853474,35.13004507461219,True
87,3,2019-04-27 05:38:41,34,34.69302679536143,35.13801165317967,True
87,3,2019-04-27 04:38:41,35,34.6972335163401,35.14421951349684,True
87,3,2019-04-27 03:38:41,36,34.70075629304729,35.151848978307605,True
87,3,2019-04-27 02:38:41,37,34.702611833464964,35.15734283529687,True
87,3,2019-04-27 01:38:41,38,34.703149581257485,35.162112842691776,True
87,3,2019-04-27 00:38:41,39,34.702572625533534,35.16934615326582,True
87,3,2019-04-26 23:38:41,40,34.701682098838546,35.177740178310906,True
87,3,2019-04-26 22:38:41,41,34.700830699174475,35.18790970043162,True
87,3,2019-04-26 21:38:41,42,34.69811056746086,35.20053744628376,True
87,3,2019-04-26 20:38:41,43,34.69763610306018,35.214111609413045,True
87,3,2019-04-26 19:38:41,44,34.700946009387756,35.229825637117855,True
87,3,2019-04-26 18:38:41,45,34.70125477357401,35.2476638906108,True
87,3,2019-04-26 17:38:41,46,34.70736847324359,35.266301082403125,True
87,3,2019-04-26 16:38:41,47,34.71335852245958,35.28283511241641,True
87,3,2019-04-26 15:38:41,48,34.71868597792607,35.299509343757144,True
87,3,2019-04-26 14:38:41,49,34.72951706940663,35.31155699742197,True
87,3,2019-04-26 13:38:41,50,34.74038465636076,35.322329612731565,True
87,3,2019-04-26 12:38:41,51,34.75244415954863,35.33575071389095,True
87,3,2019-04-26 11:38:41,52,34.76469736168481,35.34600490104575,True
87,3,2019-04-26 10:38:41,53,34.77802541708371,35.35406564204021,True
87,3,2019-04-26 09:38:41,54,34.7900771849538,35.3612750864293,True
87,3,2019-04-26 08:38:41,55,34.79744859451824,35.36991274308233,True
87,3,2019-04-26 07:38:41,56,34.803077717266405,35.37836620318559,True
87,3,2019-04-26 06:38:41,57,34.81005678638498,35.38361758072737,True
87,3,2019-04-26 05:38:41,58,34.81813703501087,35.38841502444079,True
87,3,2019-04-26 04:38:41,59,34.82376072805976,35.394650975682275,True
87,3,2019-04-26 03:38:41,60,34.827949633604014,35.39793020546871,True
87,3,2019-04-26 02:38:41,61,34.83266047323931,35.4012922836769,True
87,3,2019-04-26 01:38:41,62,34.83462364199241,35.4084077109982,True
87,3,2019-04-26 00:38:41,63,34.83949019018521,35.41671644553783,True
87,3,2019-04-25 23:38:41,64,34.845188616516836,35.42627923324416,True
87,3,2019-04-25 22:38:41,65,34.851268033788315,35.43581784967798,True
87,3,2019-04-25 21:38:41,66,34.859599968224835,35.448856244853545,True
87,3,2019-04-25 20:38:41,67,34.86871577677982,35.456830490774344,True
87,3,2019-04-25 19:38:41,68,34.880426086607045,35.466620516758255,True
87,3,2019-04-25 18:38:41,69,34.889812230415714,35.47352998544564,True
87,3,2019-04-25 17:38:41,70,34.902345387147626,35.482237525530344,True
87,3,2019-04-25 16:38:41,71,34.91429268865781,35.48968445358876,True
87,3,2019-04-25 15:38:41,72,34.929286192035846,35.49477974601523,True
87,4,2019-04-28 15:38:41,0,34.62839,34.881705,True
87,4,2019-04-28 14:38:41,1,34.625523618663586,34.885867548766115,True
87,4,2019-04-28 13:38:41,2,34.620301331535174,34.89234090510934,True
87,4,2019-04-28 12:38:41,3,34.61809089951043,34.89886108460923,True
87,4,2019-04-28 11:38:41,4,34.617185788804285,34.90851554046891,True
87,4,2019-04-28 10:38:41,5,34.618627929564425,34.914529851543094,True
87,4,2019-04-28 09:38:41,6,34.620120347719755,34.92007161420567,True
87,4,2019-04-28 08:38:41,7,34.62215269433191,34.92962102951105,True
87,4,2019-04-28 07:38:41,8,34.62657749503649,34.93645134296738,True
87,4,2019-04-28 06:38:41,9,34.62862549805998,34.94098612580298,True
87,4,2019-04-28 05:38:41,10,34.6343127839473,34.947256000751,True
87,4,2019-04-28 04:38:41,11,34.63704691238799,34.95090268276385,True
87,4,2019-04-28 03:38:41,12,34.64164974364447,34.95802025048,True
87,4,2019-04-28 02:38:41,13,34.644385061172656,34.9629727385929,True
87,4,2019-04-28 01:38:41,14,34.64824442492748,34.96630491114891,True
87,4,2019-04-28 00:38:41,15,34.65051753999311,34.967053386069395,True
87,4,2019-04-27 23:38:41,16,34.65440468230389,34.96927036931717,True
87,4,2019-04-27 22:38:41,17,34.65348888223831,34.97188691601238,True
87,4,2019-04-27 21:38:41,18,34.653327974003545,34.97339992698432,True
87,4,2019-04-27 20:38:41,19,34.65045675687359,34.975942277442094,True
87,4,2019-04-27 19:38:41,20,34.65026713256769,34.978649994381016,True
87,4,2019-04-27 18:38:41,21,34.65074704932595,34.98095292360203,True
87,4,2019-04-27 17:38:41,22,34.65016478851077,34.983364702752986,True
87,4,2019-04-27 16:38:41,23,34.64952893627203,34.99340303236315,True
87,4,2019-04-27 15:38:41,24,34.64741392913346,35.003717487180175,True
87,4,2019-04-27 14:38:41,25,34.64595709460005,35.012556438336915,True
87,4,2019-04-27 13:38:41,26,34.64591354589508,35.02712958267174,True
87,4,2019-04-27 12:38:41,27,34.64588623207691,35.037012934830656,True
87,4,2019-04-27 11:38:41,28,34.64885738480339,35.04906640720177,True
87,4,2019-04-27 10:38:41,29,34.65287035484688,35.060899888112,True
87,4,2019-04-27 09:38:41,30,34.65734503167059,35.07120080416466,True
87,4,2019-04-27 08:38:41,31,34.66110436357637,35.08112039027209,True
87,4,2019-04-27 07:38:41,32,34.66618124982966,35.08866433840476,True
87,4,2019-04-27 06:38:41,33,34.67131040888211,35.096161786252694,True
87,4,2019-04-27 05:38:41,34,34.673488466422626,35.10042345827554,True
87,4,2019-04-27 04:38:41,35,34.67612991795142,35.104996218183494,True
87,4,2019-04-27 03:38:41,36,34.677425805451115,35.110122197748915,True
87,4,2019-04-27 02:38:41,37,34.67990351649701,35.11093875644827,True
87,4,2019-04-27 01:38:41,38,34.6795075388953,35.114678000049565,True
87,4,2019-04-27 00:38:41,39,34.67814268439719,35.12145994382026,True
87,4,2019-04-26 23:38:41,40,34.67647944020122,35.128496833232575,True
87,4,2019-04-26 22:38:41,41,34.676598743311224,35.13730494343058,True
87,4,2019-04-26 21:38:41,42,34.67682845817011,35.14549333231098,True
87,4,2019-04-26 20:38:41,43,34.67845350443399,35.15624072804044,True
87,4,2019-04-26 19:38:41,44,34.67866251283834,35.170486748228065,True
87,4,2019-04-26 18:38:41,45,34.681181738046,35.18414142454719,True
87,4,2019-04-26 17:38:41,46,34.68435660240663,35.19408081058092,True
87,4,2019-04-26 16:38:41,47,34.68858119157282,35.20970445534979,True
87,4,2019-04-26 15:38:41,48,34.69655524606802,35.22315474440683,True
87,4,2019-04-26 14:38:41,49,34.70399090466689,35.23339889508741,True
87,4,2019-04-26 13:38:41,50,34.70897393037031,35.243712100144585,True
87,4,2019-04-26 12:38:41,51,34.71725705061935,35.25182717087569,True
87,4,2019-04-26 11:38:41,52,34.72426308358247,35.261736602516116,True
87,4,2019-04-26 10:38:41,53,34.73259311109726,35.267676439638926,True
87,4,2019-04-26 09:38:41,54,34.73918803598636,35.27462776677732,True
87,4,2019-04-26 08:38:41,55,34.74366960855291,35.28260990429603,True
87,4,2019-04-26 07:38:41,56,34.74811969829903,35.291528417007925,True
87,4,2019-04-26 06:38:41,57,34.752132395103864,35.29855476638396,True
87,4,2019-04-26 05:38:41,58,34.75583877656021,35.30540763484024,True
87,4,2019-04-26 04:38:41,59,34.7595036772552,35.31320662988531,True
87,4,2019-04-26 03:38:41,60,34.76442870363857,35.323900440559306,True
87,4,2019-04-26 02:38:41,61,34.76839726578994,35.33551468809769,True
87,4,2019-04-26 01:38:41,62,34.77110807791148,35.34470569950195,True
87,4,2019-04-26 00:38:41,63,34.77523554188928,35.357593693871415,True
87,4,2019-04-25 23:38:41,64,34.78148398142043,35.37020189547231,True
87,4,2019-04-25 22:38:41,65,34.786956651954945,35.38329908901498,True
87,4,2019-04-25 21:38:41,66,34.79260626300067,35.397446033435294,True
87,4,2019-04-25 20:38:41,67,34.79965196019542,35.415038070738255,True
87,4,2019-04-25 19:38:41,68,34.809989322982986,35.4272149268386,True
87,4,2019-04-25 18:38:41,69,34.81870977230064,35.439642887484816,True
87,4,2019-04-25 17:38:41,70,34.82764278830594,35.44941992679361,True
87,4,2019-04-25 16:38:41,71,34.83969569818768,35.46125213350924,True
87,4,2019-04-25 15:38:41,72,34.853973294004476,35.471323804739164,True
87,5,2019-04-28 15:38:41,0,34.62839,34.881705,True
87,5,2019-04-28 14:38:41,1,34.623874622200105,34.88835434460295,True
87,5,2019-04-28 13:38:41,2,34.62238027286076,34.893240493348145,True
87,5,2019-04-28 12:38:41,3,34.619718431641196,34.89921694879945,True
87,5,2019-04-28 11:38:41,4,34.622779645317394,34.90606335562271,True
87,5,2019-04-28 10:38:41,5,34.619907987217,34.912304984843566,True
87,5,2019-04-28 09:38:41,6,34.62364597369396,34.921983399437714,True
87,5,2019-04-28 08:38:41,7,34.62653024765615,34.928628009985495,True
87,5,2019-04-28 07:38:41,8,34.63010442489224,34.936852301497396,True
87,5,2019-04-28 06:38:41,9,34.63092694263041,34.940442132460056,True
87,5,2019-04-28 05:38:41,10,34.63298463203681,34.945141480476295,True
87,5,2019-04-28 04:38:41,11,34.635436871246654,34.95045330279684,True
87,5,2019-04-28 03:38:41,12,34.638568216183444,34.953075523184665,True
87,5,2019-04-28 02:38:41,13,34.64213704169617,34.95565373961126,True
87,5,2019-04-28 01:38:41,14,34.64744892839499,34.95816496165806,True
87,5,2019-04-28 00:38:41,15,34.648131713017904,34.960207068843836,True
87,5,2019-04-27 23:38:41,16,34.65035589488983,34.96190597424825,True
87,5,2019-04-27 22:38:41,17,34.6501476436394,34.96143088641439,True
87,5,2019-04-27 21:38:41,18,34.64903707843792,34.96452044801487,True
87,5,2019-04-27 20:38:41,19,34.64891529701423,34.966835807580985,True
87,5,2019-04-27 19:38:41,20,34.649288526435654,34.97110286987272,True
87,5,2019-04-27 18:38:41,21,34.648787455474526,34.97408760911224,True
87,5,2019-04-27 17:38:41,22,34.6480879824251,34.97633586887371,True
87,5,2019-04-27 16:38:41,23,34.647140155150545,34.982796116427934,True
87,5,2019-04-27 15:38:41,24,34.646614908895124,34.98902162090439,True
87,5,2019-04-27 14:38:41,25,34.645886789900004,35.00027138093339,True
87,5,2019-04-27 13:38:41,26,34.644406038390485,35.013815157366196,True
87,5,2019-04-27 12:38:41,27,34.644289420849326,35.025965761178824,True
87,5,2019-04-27 11:38:41,28,34.64671264083047,35.036355923142814,True
87,5,2019-04-27 10:38:41,29,34.65042489939111,35.04924004666116,True
87,5,2019-04-27 09:38:41,30,34.65559664340005,35.06002571762601,True
87,5,2019-04-27 08:38:41,31,34.660320418491345,35.07200155711218,True
87,5,2019-04-27 07:38:41,32,34.66362767019971,35.08025823094476,True
87,5,2019-04-27 06:38:41,33,34.66771710483185,35.08781904309457,True
87,5,2019-04-27 05:38:41,34,34.67451956059396,35.09438477346717,True
87,5,2019-04-27 04:38:41,35,34.6782652944163,35.099057074574766,True
87,5,2019-04-27 03:38:41,36,34.681128623050085,35.106732906233695,True
87,5,2019-04-27 02:38:41,37,34.68526144095928,35.110495210903515,True
87,5,2019-04-27 01:38:41,38,34.6884062903391,35.115743113109275,True
87,5,2019-04-27 00:38:41,39,34.6874126329157,35.12608798788599,True
87,5,2019-04-26 23:38:41,40,34.68908478225729,35.135267312967564,True
87,5,2019-04-26 22:38:41,41,34.68756863971269,35.146110787723885,True
87,5,2019-04-26 21:38:41,42,34.6851019906235,35.15779665114039,True
87,5,2019-04-26 20:38:41,43,34.683830537671064,35.171372744234354,True
87,5,2019-04-26 19:38:41,44,34.685936321536495,35.18374055529048,True
87,5,2019-04-26 18:38:41,45,34.686936148657566,35.20113892912502,True
87,5,2019-04-26 17:38:41,46,34.6922857811171,35.21660552242774,True
87,5,2019-04-26 16:38:41,47,34.695971814547974,35.23082650035187,True
87,5,2019-04-26 15:38:41,48,34.699708073441606,35.24591034212304,True
87,5,2019-04-26 14:38:41,49,34.70737850590319,35.260805871361285,True
87,5,2019-04-26 13:38:41,50,34.71334783046574,35.27757897208685,True
87,5,2019-04-26 12:38:41,51,34.719639436630565,35.2878521394401,True
87,5,2019-04-26 11:38:41,52,34.72623789625656,35.29705023866442,True
87,5,2019-04-26 10:38:41,53,34.73530703769324,35.30412096499563,True
87,5,2019-04-26 09:38:41,54,34.74263440224394,35.31301426308159,True
87,5,2019-04-26 08:38:41,55,34.7511696715849,35.32026124128668,True
87,5,2019-04-26 07:38:41,56,34.75686857467001,35.32677825749381,True
87,5,2019-04-26 06:38:41,57,34.76246002781665,35.33344068297947,True
87,5,2019-04-26 05:38:41,58,34.769852039833864,35.337079815726504,True
87,5,2019-04-26 04:38:41,59,34.77416294491742,35.344360073175814,True
87,5,2019-04-26 03:38:41,60,34.776172068894795,35.350856339643,True
87,5,2019-04-26 02:38:41,61,34.77783984167062,35.35886055807978,True
87,5,2019-04-26 01:38:41,62,34.780042914018075,35.37049224472861,True
87,5,2019-04-26 00:38:41,63,34.78241597989167,35.38032926634378,True
87,5,2019-04-25 23:38:41,64,34.78652502799843,35.39404641784076,True
87,5,2019-04-25 22:38:41,65,34.78924732057683,35.40619461005469,True
87,5,2019-04-25 21:38:41,66,34.794515175860425,35.41572983307733,True
87,5,2019-04-25 20:38:41,67,34.80200684669798,35.42777331063267,True
87,5,2019-04-25 19:38:41,68,34.81061717000082,35.439643077596905,True
87,5,2019-04-25 18:38:41,69,34.81899100593213,35.44994522261057,True
87,5,2019-04-25 17:38:41,70,34.829069461652445,35.45776366606327,True
87,5,2019-04-25 16:38:41,71,34.84125336001226,35.47002126355143,True
87,5,2019-04-25 15:38:41,72,34.85557597765115,35.47780443499857,True
